/*
 Navicat Premium Data Transfer

 Source Server         : 阿里云数据库
 Source Server Type    : MySQL
 Source Server Version : 50725
 Source Host           : 47.102.139.183:3306
 Source Schema         : wechat

 Target Server Type    : MySQL
 Target Server Version : 50725
 File Encoding         : 65001

 Date: 18/05/2019 13:41:45
*/

SET NAMES utf8mb4;
SET FOREIGN_KEY_CHECKS = 0;

-- ----------------------------
-- Table structure for article
-- ----------------------------
DROP TABLE IF EXISTS `article`;
CREATE TABLE `article`  (
  `id` bigint(10) UNSIGNED NOT NULL AUTO_INCREMENT COMMENT '主键',
  `user_id` bigint(10) UNSIGNED NOT NULL COMMENT '作者id',
  `title` varchar(255) CHARACTER SET utf8 COLLATE utf8_general_ci NOT NULL DEFAULT '' COMMENT '标题',
  `cover` varchar(255) CHARACTER SET utf8 COLLATE utf8_general_ci NOT NULL DEFAULT '' COMMENT '封面',
  `content` varchar(255) CHARACTER SET utf8 COLLATE utf8_general_ci NOT NULL DEFAULT '' COMMENT '内容',
  `like` int(10) UNSIGNED NOT NULL DEFAULT 0 COMMENT '点赞数',
  `comment` int(10) UNSIGNED NOT NULL DEFAULT 0 COMMENT '评论数',
  `share` int(10) UNSIGNED NOT NULL DEFAULT 0 COMMENT '转发数',
  `view` int(10) UNSIGNED NOT NULL DEFAULT 0 COMMENT '浏览量',
  `collect` int(10) UNSIGNED NOT NULL COMMENT '收藏量',
  `status` smallint(1) UNSIGNED NOT NULL COMMENT '状态',
  `gmt_create` datetime(0) NOT NULL DEFAULT CURRENT_TIMESTAMP(0) COMMENT '创建时间',
  `gmt_modified` datetime(0) NOT NULL DEFAULT CURRENT_TIMESTAMP(0) ON UPDATE CURRENT_TIMESTAMP(0) COMMENT '修改时间',
  PRIMARY KEY (`id`) USING BTREE,
  INDEX `author_id`(`user_id`) USING BTREE,
  CONSTRAINT `fk_user_id_5` FOREIGN KEY (`user_id`) REFERENCES `user` (`id`) ON DELETE CASCADE ON UPDATE CASCADE
) ENGINE = InnoDB AUTO_INCREMENT = 1 CHARACTER SET = utf8 COLLATE = utf8_general_ci ROW_FORMAT = Dynamic;

-- ----------------------------
-- Table structure for chat
-- ----------------------------
DROP TABLE IF EXISTS `chat`;
CREATE TABLE `chat`  (
  `id` bigint(10) UNSIGNED NOT NULL AUTO_INCREMENT COMMENT '主键',
  `number` varchar(70) CHARACTER SET utf8 COLLATE utf8_general_ci NOT NULL DEFAULT '' COMMENT '聊天唯一编号',
  `owner_id` bigint(10) UNSIGNED NOT NULL COMMENT '群主id',
  `type` varchar(255) CHARACTER SET utf8 COLLATE utf8_general_ci NOT NULL DEFAULT 'friend' COMMENT '聊天类型',
  `name` varchar(255) CHARACTER SET utf8 COLLATE utf8_general_ci NOT NULL DEFAULT '群聊' COMMENT '聊天名称',
  `photo` varchar(255) CHARACTER SET utf8 COLLATE utf8_general_ci NOT NULL DEFAULT 'chat.png' COMMENT '聊天头像',
  `member` smallint(10) UNSIGNED NOT NULL DEFAULT 0 COMMENT '成员人数',
  `status` smallint(1) UNSIGNED NOT NULL DEFAULT 0 COMMENT '状态',
  `gmt_create` datetime(0) NOT NULL DEFAULT CURRENT_TIMESTAMP(0) COMMENT '创建时间',
  `gmt_modified` datetime(0) NOT NULL DEFAULT CURRENT_TIMESTAMP(0) ON UPDATE CURRENT_TIMESTAMP(0) COMMENT '修改时间',
  PRIMARY KEY (`id`) USING BTREE,
  INDEX `fk_owner_id`(`owner_id`) USING BTREE,
  CONSTRAINT `fk_owner_id` FOREIGN KEY (`owner_id`) REFERENCES `user` (`id`) ON DELETE CASCADE ON UPDATE CASCADE
) ENGINE = InnoDB AUTO_INCREMENT = 247 CHARACTER SET = utf8 COLLATE = utf8_general_ci ROW_FORMAT = Dynamic;

-- ----------------------------
-- Records of chat
-- ----------------------------
INSERT INTO `chat` VALUES (0, '0', 0, 'user', '聊天总群', '聊天总群.png', 5, 0, '2019-05-10 11:04:21', '2019-05-18 11:03:14');
INSERT INTO `chat` VALUES (98, '1', 0, 'friend', '群聊', 'chat.png', 2, 0, '2019-05-13 22:57:37', '2019-05-15 14:55:13');
INSERT INTO `chat` VALUES (99, '8ae767a9dbcd401f9c15cf537435deb4', 0, 'user', '群聊', 'chat.jpg', 2, 0, '2019-05-13 23:18:12', '2019-05-13 23:18:12');
INSERT INTO `chat` VALUES (100, '4435f513f66144eeb000e14395ed7fb1', 0, 'user', '群聊', 'chat.jpg', 2, 0, '2019-05-14 15:41:16', '2019-05-14 15:41:16');
INSERT INTO `chat` VALUES (101, 'ad63a47ae1b94971a4367b2b05846c45', 0, 'user', '群聊', 'chat.jpg', 2, 0, '2019-05-14 16:36:30', '2019-05-14 16:36:30');
INSERT INTO `chat` VALUES (102, '226b8301d8494fd98dae41582877164c', 0, 'user', '群聊', 'chat.jpg', 2, 0, '2019-05-14 16:39:58', '2019-05-14 16:39:58');
INSERT INTO `chat` VALUES (103, 'fea00c48a7934c66bada67963f7b158f', 0, 'user', '群聊', 'chat.jpg', 2, 0, '2019-05-14 17:10:42', '2019-05-14 17:10:42');
INSERT INTO `chat` VALUES (104, '123456', 210, 'user', '广工夸夸群', 'chat.jpg', 8, 0, '2019-05-14 17:13:57', '2019-05-14 17:13:57');
INSERT INTO `chat` VALUES (105, 'e4358272fc1748a2a2d09e898e51986b', 0, 'friend', '群聊', 'chat.jpg', 2, 0, '2019-05-14 17:26:49', '2019-05-14 17:26:49');
INSERT INTO `chat` VALUES (106, '8b1fc050fe8f4892a0de54ec7dff49f3', 0, 'friend', '群聊', 'chat.jpg', 2, 0, '2019-05-14 17:58:48', '2019-05-14 17:58:48');
INSERT INTO `chat` VALUES (107, 'd126e516e9924d50bb861a75c8b5faeb', 0, 'friend', '群聊', 'chat.jpg', 2, 0, '2019-05-14 20:35:38', '2019-05-14 20:35:38');
INSERT INTO `chat` VALUES (108, 'b36ed79c287246c6802623a987832a71', 0, 'friend', '群聊', 'chat.jpg', 2, 0, '2019-05-14 21:05:33', '2019-05-14 21:05:33');
INSERT INTO `chat` VALUES (109, '8a48ee888ff2415d93a6ba3e8012f12a', 0, 'friend', '群聊', 'chat.jpg', 2, 0, '2019-05-14 21:15:47', '2019-05-14 21:15:47');
INSERT INTO `chat` VALUES (110, '669c968804e64bea9a5287c146a00d5e', 0, 'friend', '群聊', 'chat.jpg', 2, 0, '2019-05-14 21:33:58', '2019-05-14 21:33:58');
INSERT INTO `chat` VALUES (111, 'e591cbcabc3c4c30b875299321f8f721', 0, 'friend', '群聊', 'chat.jpg', 2, 0, '2019-05-14 21:50:04', '2019-05-14 21:50:04');
INSERT INTO `chat` VALUES (112, '419493a4c2c648bdafb017c0cc77a572', 0, 'friend', '群聊', 'chat.jpg', 2, 0, '2019-05-14 22:02:12', '2019-05-14 22:02:12');
INSERT INTO `chat` VALUES (113, '81199d1f5ce848f0a6cb55a8f6ca1943', 0, 'friend', '群聊', 'chat.jpg', 2, 0, '2019-05-14 22:02:15', '2019-05-14 22:02:15');
INSERT INTO `chat` VALUES (114, '7e6b41eed8d4471eb9ffcbf748020db7', 0, 'friend', '群聊', 'chat.jpg', 2, 0, '2019-05-14 22:11:33', '2019-05-14 22:11:33');
INSERT INTO `chat` VALUES (115, '60a81b9afb1441b98520badff3e3eb18', 0, 'friend', '群聊', 'chat.jpg', 2, 0, '2019-05-14 22:20:55', '2019-05-14 22:20:55');
INSERT INTO `chat` VALUES (116, '22ede7f1563d4455886acd32144d5f14', 0, 'friend', '群聊', 'chat.jpg', 2, 0, '2019-05-14 22:29:33', '2019-05-14 22:29:33');
INSERT INTO `chat` VALUES (117, '5e905ec2d29848ef93ca12628f0760a2', 0, 'friend', '群聊', 'chat.jpg', 2, 0, '2019-05-14 23:14:32', '2019-05-14 23:14:32');
INSERT INTO `chat` VALUES (118, '8b87d70931414018bcf5a0ed6dc20b61', 0, 'friend', '群聊', 'chat.jpg', 2, 0, '2019-05-14 23:28:11', '2019-05-14 23:28:11');
INSERT INTO `chat` VALUES (119, '12fc1c3d761145efbfd0c843018cbc75', 0, 'friend', '群聊', 'chat.jpg', 2, 0, '2019-05-14 23:34:35', '2019-05-14 23:34:35');
INSERT INTO `chat` VALUES (121, 'fba42ced1df94cd2b6a352d40b448251', 0, 'friend', '群聊', 'chat.jpg', 2, 0, '2019-05-15 05:45:34', '2019-05-15 05:45:34');
INSERT INTO `chat` VALUES (122, '4c99583e4eac4620948fa4f8fc7e4f99', 0, 'friend', '群聊', 'chat.jpg', 2, 0, '2019-05-15 05:47:17', '2019-05-15 05:47:17');
INSERT INTO `chat` VALUES (123, '43c647609f60447587323e402842976b', 0, 'friend', '群聊', 'chat.jpg', 2, 0, '2019-05-15 13:28:42', '2019-05-15 13:28:42');
INSERT INTO `chat` VALUES (124, 'f2a3ca9d08e146e48cf569cc94cbdd95', 0, 'friend', '群聊', 'chat.jpg', 2, 0, '2019-05-15 13:37:45', '2019-05-15 13:37:45');
INSERT INTO `chat` VALUES (125, '8f47894fdfa6428699c0289adeb8f12a', 0, 'friend', '群聊', 'chat.jpg', 2, 0, '2019-05-15 13:39:17', '2019-05-15 13:39:17');
INSERT INTO `chat` VALUES (126, 'e33be43542294cdf947258ab81200956', 0, 'friend', '群聊', 'chat.jpg', 2, 0, '2019-05-15 13:42:27', '2019-05-15 13:42:27');
INSERT INTO `chat` VALUES (127, '0770ccf1dc9e473aacd62283e232d138', 0, 'friend', '群聊', 'chat.jpg', 2, 0, '2019-05-15 13:43:26', '2019-05-15 13:43:26');
INSERT INTO `chat` VALUES (128, '3ec6d5b89945446192aefd117129b357', 0, 'friend', '群聊', 'chat.jpg', 2, 0, '2019-05-15 14:00:40', '2019-05-15 14:00:40');
INSERT INTO `chat` VALUES (129, '3a04e01170734b1a8ab60e59693c53f4', 0, 'friend', '群聊', 'chat.jpg', 2, 0, '2019-05-15 14:25:43', '2019-05-15 14:25:43');
INSERT INTO `chat` VALUES (130, 'bff38a5ef2dd4982ab6a3979899c48e4', 0, 'friend', '群聊', 'chat.jpg', 2, 0, '2019-05-15 14:32:20', '2019-05-15 14:32:20');
INSERT INTO `chat` VALUES (132, '123321', 210, 'group', 'QG网络组考核', 'chat.png', 1, 0, '2019-05-15 15:17:18', '2019-05-15 15:18:26');
INSERT INTO `chat` VALUES (134, '84100b92ac7243d5bf1c5bfa2732e765', 0, 'friend', '群聊', 'chat.png', 2, 0, '2019-05-16 13:35:26', '2019-05-16 13:35:26');
INSERT INTO `chat` VALUES (135, 'e7a4b83de5df4d32a4cba3c7a406fe55', 0, 'friend', '群聊', 'chat.png', 2, 0, '2019-05-16 13:38:06', '2019-05-16 13:38:06');
INSERT INTO `chat` VALUES (137, '80f1229861ab4b609314a72a067cf13b', 0, 'friend', '群聊', 'chat.png', 2, 0, '2019-05-16 16:33:10', '2019-05-16 16:33:10');
INSERT INTO `chat` VALUES (139, '30e1ddf768ac498995fbb8131e96ff08', 0, 'friend', '群聊', 'chat.png', 2, 0, '2019-05-16 17:02:26', '2019-05-16 17:02:26');
INSERT INTO `chat` VALUES (141, 'a2577fb512934808ac8846e34a946b67', 0, 'friend', '群聊', 'chat.png', 2, 0, '2019-05-16 17:14:02', '2019-05-16 17:14:02');
INSERT INTO `chat` VALUES (143, 'c475874b07dc46908399cbcb2e130287', 0, 'friend', '群聊', 'chat.png', 2, 0, '2019-05-16 17:16:05', '2019-05-16 17:16:05');
INSERT INTO `chat` VALUES (145, '950397f2838d4eb49a119b756b4926d8', 0, 'friend', '群聊', 'chat.png', 2, 0, '2019-05-16 17:16:21', '2019-05-16 17:16:21');
INSERT INTO `chat` VALUES (147, 'fba39d705127468e9dcbe4b00706b914', 0, 'friend', '群聊', 'chat.png', 2, 0, '2019-05-16 17:19:18', '2019-05-16 17:19:18');
INSERT INTO `chat` VALUES (149, '7c0513e574f844e6b7236a03eedbb471', 0, 'friend', '群聊', 'chat.png', 2, 0, '2019-05-16 17:22:21', '2019-05-16 17:22:21');
INSERT INTO `chat` VALUES (151, 'b4ec73aca7144be999082d620bc5ae34', 0, 'friend', '群聊', 'chat.png', 2, 0, '2019-05-16 18:31:34', '2019-05-16 18:31:34');
INSERT INTO `chat` VALUES (153, 'efcb3867157c49cfaf763465765d2e60', 0, 'friend', '群聊', 'chat.png', 2, 0, '2019-05-16 18:32:26', '2019-05-16 18:32:26');
INSERT INTO `chat` VALUES (155, '943933c909d9421e81133c44706867a6', 0, 'friend', '群聊', 'chat.png', 2, 0, '2019-05-16 18:33:04', '2019-05-16 18:33:04');
INSERT INTO `chat` VALUES (157, '8a1256e15b074f4dba429f81c5638015', 0, 'friend', '群聊', 'chat.png', 2, 0, '2019-05-16 18:45:59', '2019-05-16 18:45:59');
INSERT INTO `chat` VALUES (159, '02011393f1c641578ca5721300743051', 0, 'friend', '群聊', 'chat.png', 2, 0, '2019-05-16 19:02:04', '2019-05-16 19:02:04');
INSERT INTO `chat` VALUES (161, 'f6b968063a684b58973d750cd8ba7b77', 0, 'friend', '群聊', 'chat.png', 2, 0, '2019-05-16 19:13:00', '2019-05-16 19:13:00');
INSERT INTO `chat` VALUES (163, '292d4ce01f174649a0f10ce067b6a969', 0, 'friend', '群聊', 'chat.png', 2, 0, '2019-05-16 19:14:28', '2019-05-16 19:14:28');
INSERT INTO `chat` VALUES (165, 'bd6ce9e63dcd40e6bb2adbb93ea7d458', 0, 'friend', '群聊', 'chat.png', 2, 0, '2019-05-16 19:19:14', '2019-05-16 19:19:14');
INSERT INTO `chat` VALUES (167, '5ca45c3ad85c4115980e9b47c203e452', 0, 'friend', '群聊', 'chat.png', 2, 0, '2019-05-16 19:57:38', '2019-05-16 19:57:38');
INSERT INTO `chat` VALUES (169, '46853af6290b4a72be272c4487e2b299', 0, 'friend', '群聊', 'chat.png', 2, 0, '2019-05-16 19:57:55', '2019-05-16 19:57:55');
INSERT INTO `chat` VALUES (171, '43d3fc48bc5e4c25be38df984b8837c1', 0, 'friend', '群聊', 'chat.png', 2, 0, '2019-05-17 15:14:07', '2019-05-17 15:14:07');
INSERT INTO `chat` VALUES (173, '311dbd1af61c412d918dfb6f9feb61ae', 0, 'friend', '群聊', 'chat.png', 2, 0, '2019-05-17 15:14:15', '2019-05-17 15:14:15');
INSERT INTO `chat` VALUES (175, '8c2b91c778f544a39885720b3831ba85', 0, 'friend', '群聊', 'chat.png', 2, 0, '2019-05-17 15:17:19', '2019-05-17 15:17:19');
INSERT INTO `chat` VALUES (177, '12344321', 210, 'group', '<h1>广工夸夸</h1>', 'chat.png', 0, 0, '2019-05-17 18:10:02', '2019-05-17 18:10:02');
INSERT INTO `chat` VALUES (178, '12344343', 210, 'group', '广工夸夸群', 'chat.png', 1, 0, '2019-05-17 18:14:19', '2019-05-17 18:14:19');
INSERT INTO `chat` VALUES (179, '123457', 210, 'group', '广工夸夸群', 'chat.png', 1, 0, '2019-05-17 19:34:24', '2019-05-17 19:34:24');
INSERT INTO `chat` VALUES (180, '7444b572d41040179a240a26cbc618b7', 0, 'friend', '群聊', 'chat.png', 2, 0, '2019-05-17 20:30:48', '2019-05-17 20:30:48');
INSERT INTO `chat` VALUES (182, '9f42b7a7733a48948e4d1bea6b8db900', 0, 'friend', '群聊', 'chat.png', 2, 0, '2019-05-17 21:57:45', '2019-05-17 21:57:45');
INSERT INTO `chat` VALUES (184, 'd06697a69a5044489db4dfbb3871932c', 0, 'friend', '群聊', 'chat.png', 2, 0, '2019-05-17 21:59:10', '2019-05-17 21:59:10');
INSERT INTO `chat` VALUES (186, 'c61930315f7b46a897cfa627fa754d09', 0, 'friend', '群聊', 'chat.png', 2, 0, '2019-05-17 22:02:41', '2019-05-17 22:02:41');
INSERT INTO `chat` VALUES (188, 'a3cc1045970f48309befe507ee48a634', 0, 'friend', '群聊', 'chat.png', 2, 0, '2019-05-17 22:03:19', '2019-05-17 22:03:19');
INSERT INTO `chat` VALUES (190, 'f1f8cfa6ff70438eabd09dbcfcbf494f', 0, 'friend', '群聊', 'chat.png', 2, 0, '2019-05-17 22:13:03', '2019-05-17 22:13:03');
INSERT INTO `chat` VALUES (192, '0e80affbbdfe4cd4b0a82797f71b289d', 0, 'friend', '群聊', 'chat.png', 2, 0, '2019-05-17 22:54:56', '2019-05-17 22:54:56');
INSERT INTO `chat` VALUES (194, '8e8b16e5a6cb4c90bcd52ca2d9e91cb7', 0, 'friend', '群聊', 'chat.png', 2, 0, '2019-05-17 23:17:14', '2019-05-17 23:17:14');
INSERT INTO `chat` VALUES (196, 'ec0c9fd1288849f7804597558c3c3313', 0, 'friend', '群聊', 'chat.png', 2, 0, '2019-05-17 23:17:24', '2019-05-17 23:17:24');
INSERT INTO `chat` VALUES (197, 'c97f487f25534e9399462e198cc26be4', 0, 'friend', '群聊', 'chat.png', 2, 0, '2019-05-17 23:17:24', '2019-05-17 23:17:24');
INSERT INTO `chat` VALUES (200, 'bc11dc4d456c4fc58834bdc53cc2b1d4', 0, 'friend', '群聊', 'chat.png', 2, 0, '2019-05-17 23:21:38', '2019-05-17 23:21:38');
INSERT INTO `chat` VALUES (202, 'a5a876ab79f342c7a03bd4e5799d5a8e', 0, 'friend', '群聊', 'chat.png', 2, 0, '2019-05-17 23:30:42', '2019-05-17 23:30:42');
INSERT INTO `chat` VALUES (204, 'f4208d9b62474bb1b69bde4e0e52a4c2', 0, 'friend', '群聊', 'chat.png', 2, 0, '2019-05-17 23:31:21', '2019-05-17 23:31:21');
INSERT INTO `chat` VALUES (206, '093a3f9e0f5b4b4cad7ff39ab9fb8703', 0, 'friend', '群聊', 'chat.png', 2, 0, '2019-05-17 23:31:59', '2019-05-17 23:31:59');
INSERT INTO `chat` VALUES (208, 'd197c00bd1b14da6b72dd169474930fc', 0, 'friend', '群聊', 'chat.png', 2, 0, '2019-05-18 10:56:15', '2019-05-18 10:56:15');
INSERT INTO `chat` VALUES (210, '80e70950a31143ef983a605d6299c54b', 0, 'friend', '群聊', 'chat.png', 2, 0, '2019-05-18 10:57:27', '2019-05-18 10:57:27');
INSERT INTO `chat` VALUES (213, 'd2fdc362d28a4f1bba8344be1b20aa4f', 0, 'friend', '群聊', 'chat.png', 2, 0, '2019-05-18 11:03:35', '2019-05-18 11:03:35');
INSERT INTO `chat` VALUES (215, '84c6d025ab6942c19356e219a89d1646', 0, 'friend', '群聊', 'chat.png', 2, 0, '2019-05-18 11:05:57', '2019-05-18 11:05:57');
INSERT INTO `chat` VALUES (217, '1ce33730ddfa40078e60f53e17eac85c', 0, 'friend', '群聊', 'chat.png', 2, 0, '2019-05-18 11:07:09', '2019-05-18 11:07:09');
INSERT INTO `chat` VALUES (219, '283f9fdba83147fa80c9adafbe1c3735', 0, 'friend', '群聊', 'chat.png', 2, 0, '2019-05-18 11:07:34', '2019-05-18 11:07:34');
INSERT INTO `chat` VALUES (221, 'ad835e15f64a40d2835969914a3183b8', 0, 'friend', '群聊', 'chat.png', 2, 0, '2019-05-18 11:08:33', '2019-05-18 11:08:33');
INSERT INTO `chat` VALUES (223, '25f71665929b4c9ea75c5b2bf7509b72', 0, 'friend', '群聊', 'chat.png', 2, 0, '2019-05-18 11:09:21', '2019-05-18 11:09:21');
INSERT INTO `chat` VALUES (225, 'f2d9b6f2b6c7467ea21f06787618e32a', 0, 'friend', '群聊', 'chat.png', 2, 0, '2019-05-18 11:09:45', '2019-05-18 11:09:45');
INSERT INTO `chat` VALUES (227, 'bace284a766145d1ade0d3c5aca22255', 0, 'friend', '群聊', 'chat.png', 2, 0, '2019-05-18 11:22:51', '2019-05-18 11:22:51');
INSERT INTO `chat` VALUES (229, 'f792f100e9c44d2db3ef60dcc279eb33', 0, 'friend', '群聊', 'chat.png', 2, 0, '2019-05-18 11:24:19', '2019-05-18 11:24:19');
INSERT INTO `chat` VALUES (231, 'a27c9f8a30ca4aedab540e2983b8b57b', 0, 'friend', '群聊', 'chat.png', 2, 0, '2019-05-18 11:25:12', '2019-05-18 11:25:12');
INSERT INTO `chat` VALUES (233, '1994f22034894d0f97bfe96a7e2e1f05', 0, 'friend', '群聊', 'chat.png', 2, 0, '2019-05-18 11:36:46', '2019-05-18 11:36:46');
INSERT INTO `chat` VALUES (235, '59c64f2a7f1a4b918d75dcbb40075a73', 0, 'friend', '群聊', 'chat.png', 2, 0, '2019-05-18 12:17:24', '2019-05-18 12:17:24');
INSERT INTO `chat` VALUES (237, '22d42d272bdd4a0a8847d4298caf583b', 0, 'friend', '群聊', 'chat.png', 2, 0, '2019-05-18 12:19:25', '2019-05-18 12:19:25');
INSERT INTO `chat` VALUES (239, '55bcbbe29feb45e1940badb00d1262b0', 0, 'friend', '群聊', 'chat.png', 2, 0, '2019-05-18 12:20:18', '2019-05-18 12:20:18');
INSERT INTO `chat` VALUES (241, 'b8ba7af068b04f729bd346440c5418a9', 0, 'friend', '群聊', 'chat.png', 2, 0, '2019-05-18 12:23:26', '2019-05-18 12:23:26');
INSERT INTO `chat` VALUES (243, 'cbe6167a15894054b6cf3c933b17fd0f', 0, 'friend', '群聊', 'chat.png', 2, 0, '2019-05-18 12:23:57', '2019-05-18 12:23:57');
INSERT INTO `chat` VALUES (244, '9522fe60cad1412598e7e75802f4cc87', 0, 'friend', '群聊', 'chat.png', 2, 0, '2019-05-18 12:24:06', '2019-05-18 12:24:06');
INSERT INTO `chat` VALUES (245, '638fc336dcc0483ca36fc76c8d54ccdf', 0, 'friend', '群聊', 'chat.png', 2, 0, '2019-05-18 13:30:21', '2019-05-18 13:30:21');
INSERT INTO `chat` VALUES (246, '65dd256f91eb46d788e23c3a0218e88f', 1, 'friend', '群聊', 'chat.png', 2, 0, '2019-05-18 13:30:21', '2019-05-18 13:30:21');

-- ----------------------------
-- Table structure for friend
-- ----------------------------
DROP TABLE IF EXISTS `friend`;
CREATE TABLE `friend`  (
  `id` bigint(10) UNSIGNED NOT NULL AUTO_INCREMENT COMMENT '主键',
  `user_id` bigint(10) UNSIGNED NOT NULL COMMENT '用户id',
  `friend_id` bigint(10) UNSIGNED NOT NULL COMMENT '好友id',
  `chat_id` bigint(10) UNSIGNED NOT NULL DEFAULT 0 COMMENT '聊天id',
  `photo` varchar(64) CHARACTER SET utf8 COLLATE utf8_general_ci NOT NULL DEFAULT 'default_head' COMMENT '好友头像',
  `group_id` bigint(10) UNSIGNED NOT NULL DEFAULT 0 COMMENT '所处分组id',
  `alias` varchar(255) CHARACTER SET utf8 COLLATE utf8_general_ci NOT NULL DEFAULT '' COMMENT '好友备注',
  `description` varchar(255) CHARACTER SET utf8 COLLATE utf8_general_ci NOT NULL DEFAULT '未添加好友描述' COMMENT '好友描述',
  `status` smallint(1) UNSIGNED NOT NULL DEFAULT 0 COMMENT '状态',
  `gmt_create` datetime(0) NOT NULL DEFAULT CURRENT_TIMESTAMP(0) COMMENT '创建时间',
  `gmt_modified` datetime(0) NOT NULL DEFAULT CURRENT_TIMESTAMP(0) ON UPDATE CURRENT_TIMESTAMP(0) COMMENT '修改时间',
  PRIMARY KEY (`id`) USING BTREE,
  INDEX `fk_user_id_2`(`user_id`) USING BTREE,
  INDEX `fk_friend_id_1`(`friend_id`) USING BTREE,
  INDEX `fk_group_id_1`(`group_id`) USING BTREE,
  CONSTRAINT `fk_friend_id_1` FOREIGN KEY (`friend_id`) REFERENCES `user` (`id`) ON DELETE CASCADE ON UPDATE CASCADE,
  CONSTRAINT `fk_group_id_1` FOREIGN KEY (`group_id`) REFERENCES `group` (`id`) ON DELETE NO ACTION ON UPDATE NO ACTION,
  CONSTRAINT `fk_user_id_2` FOREIGN KEY (`user_id`) REFERENCES `user` (`id`) ON DELETE CASCADE ON UPDATE CASCADE
) ENGINE = InnoDB AUTO_INCREMENT = 462 CHARACTER SET = utf8 COLLATE = utf8_general_ci ROW_FORMAT = Dynamic;

-- ----------------------------
-- Records of friend
-- ----------------------------
INSERT INTO `friend` VALUES (122, 425, 0, 87, 'default_head', 0, '蔡徐坤', '灵魂篮球练习生', 0, '2019-05-13 17:23:47', '2019-05-13 22:41:08');
INSERT INTO `friend` VALUES (124, 0, 425, 87, 'default_head', 0, 'test2@qq.com', '未添加好友描述', 0, '2019-05-13 17:30:21', '2019-05-13 17:30:21');
INSERT INTO `friend` VALUES (146, 210, 422, 0, 'default_head', 0, 'kk', '我是test5@qq.com的昵称,快加我为好友吧！', 0, '2019-05-13 19:27:01', '2019-05-13 19:27:01');
INSERT INTO `friend` VALUES (173, 425, 210, 97, 'default_head', 0, '蔡徐坤', '我是test2@qq.com,快加我为好友吧！', 0, '2019-05-13 22:26:49', '2019-05-18 10:58:15');
INSERT INTO `friend` VALUES (174, 210, 425, 97, 'default_head', 0, '蔡徐坤', '灵魂篮球练习生', 0, '2019-05-13 22:27:53', '2019-05-15 05:13:56');
INSERT INTO `friend` VALUES (175, 210, 0, 98, 'default_head', 0, '蔡徐坤', '灵魂篮球练习生', 0, '2019-05-13 22:56:06', '2019-05-15 05:14:00');
INSERT INTO `friend` VALUES (176, 0, 210, 98, 'default_head', 0, '', '未添加好友描述', 0, '2019-05-13 22:59:27', '2019-05-13 22:59:38');
INSERT INTO `friend` VALUES (177, 0, 430, 99, 'default_head', 0, '游客', '未添加好友描述', 0, '2019-05-13 23:18:09', '2019-05-13 23:18:09');
INSERT INTO `friend` VALUES (178, 430, 0, 99, 'default_head', 0, '游客', '未添加好友描述', 0, '2019-05-13 23:18:11', '2019-05-13 23:18:11');
INSERT INTO `friend` VALUES (179, 0, 433, 100, 'default_head', 0, '游客', '未添加好友描述', 0, '2019-05-14 15:41:12', '2019-05-14 15:41:12');
INSERT INTO `friend` VALUES (180, 433, 0, 100, 'default_head', 0, '游客', '未添加好友描述', 0, '2019-05-14 15:41:14', '2019-05-14 15:41:14');
INSERT INTO `friend` VALUES (181, 0, 440, 101, 'default_head', 0, '游客', '未添加好友描述', 0, '2019-05-14 16:36:27', '2019-05-14 16:36:27');
INSERT INTO `friend` VALUES (182, 440, 0, 101, 'default_head', 0, '游客', '未添加好友描述', 0, '2019-05-14 16:36:29', '2019-05-14 16:36:29');
INSERT INTO `friend` VALUES (183, 0, 443, 102, 'default_head', 0, '游客', '未添加好友描述', 0, '2019-05-14 16:39:55', '2019-05-14 16:39:55');
INSERT INTO `friend` VALUES (184, 443, 0, 102, 'default_head', 0, '游客', '未添加好友描述', 0, '2019-05-14 16:39:57', '2019-05-14 16:39:57');
INSERT INTO `friend` VALUES (185, 0, 445, 103, 'default_head', 0, '游客', '未添加好友描述', 0, '2019-05-14 17:10:37', '2019-05-14 17:10:37');
INSERT INTO `friend` VALUES (186, 445, 0, 103, 'default_head', 0, '游客', '未添加好友描述', 0, '2019-05-14 17:10:40', '2019-05-14 17:10:40');
INSERT INTO `friend` VALUES (187, 0, 446, 105, 'default_head', 0, '游客', '未添加好友描述', 0, '2019-05-14 17:26:46', '2019-05-14 17:26:46');
INSERT INTO `friend` VALUES (188, 446, 0, 105, 'default_head', 0, '游客', '未添加好友描述', 0, '2019-05-14 17:26:48', '2019-05-14 17:26:48');
INSERT INTO `friend` VALUES (189, 0, 447, 106, 'default_head', 0, '游客', '未添加好友描述', 0, '2019-05-14 17:58:46', '2019-05-14 17:58:46');
INSERT INTO `friend` VALUES (190, 447, 0, 106, 'default_head', 0, '游客', '未添加好友描述', 0, '2019-05-14 17:58:47', '2019-05-14 17:58:47');
INSERT INTO `friend` VALUES (191, 0, 448, 107, 'default_head', 0, '游客', '未添加好友描述', 0, '2019-05-14 20:35:36', '2019-05-14 20:35:36');
INSERT INTO `friend` VALUES (192, 448, 0, 107, 'default_head', 0, '游客', '未添加好友描述', 0, '2019-05-14 20:35:37', '2019-05-14 20:35:37');
INSERT INTO `friend` VALUES (193, 0, 449, 108, 'default_head', 0, '游客', '未添加好友描述', 0, '2019-05-14 21:05:28', '2019-05-14 21:05:28');
INSERT INTO `friend` VALUES (194, 449, 0, 108, 'default_head', 0, '游客', '未添加好友描述', 0, '2019-05-14 21:05:31', '2019-05-14 21:05:31');
INSERT INTO `friend` VALUES (195, 0, 450, 109, 'default_head', 0, '游客', '未添加好友描述', 0, '2019-05-14 21:15:45', '2019-05-14 21:15:45');
INSERT INTO `friend` VALUES (196, 450, 0, 109, 'default_head', 0, '游客', '未添加好友描述', 0, '2019-05-14 21:15:47', '2019-05-14 21:15:47');
INSERT INTO `friend` VALUES (197, 0, 451, 110, 'default_head', 0, '游客', '未添加好友描述', 0, '2019-05-14 21:33:56', '2019-05-14 21:33:56');
INSERT INTO `friend` VALUES (198, 451, 0, 110, 'default_head', 0, '游客', '未添加好友描述', 0, '2019-05-14 21:33:57', '2019-05-14 21:33:57');
INSERT INTO `friend` VALUES (199, 0, 452, 111, 'default_head', 0, '游客', '未添加好友描述', 0, '2019-05-14 21:50:02', '2019-05-14 21:50:02');
INSERT INTO `friend` VALUES (200, 452, 0, 111, 'default_head', 0, '游客', '未添加好友描述', 0, '2019-05-14 21:50:03', '2019-05-14 21:50:03');
INSERT INTO `friend` VALUES (201, 0, 453, 112, 'default_head', 0, '游客', '未添加好友描述', 0, '2019-05-14 22:02:10', '2019-05-14 22:02:10');
INSERT INTO `friend` VALUES (202, 453, 0, 112, 'default_head', 0, '游客', '未添加好友描述', 0, '2019-05-14 22:02:11', '2019-05-14 22:02:11');
INSERT INTO `friend` VALUES (203, 0, 454, 113, 'default_head', 0, '游客', '未添加好友描述', 0, '2019-05-14 22:02:13', '2019-05-14 22:02:13');
INSERT INTO `friend` VALUES (204, 454, 0, 113, 'default_head', 0, '游客', '未添加好友描述', 0, '2019-05-14 22:02:15', '2019-05-14 22:02:15');
INSERT INTO `friend` VALUES (205, 0, 455, 114, 'default_head', 0, '游客', '未添加好友描述', 0, '2019-05-14 22:11:30', '2019-05-14 22:11:30');
INSERT INTO `friend` VALUES (206, 455, 0, 114, 'default_head', 0, '游客', '未添加好友描述', 0, '2019-05-14 22:11:32', '2019-05-14 22:11:32');
INSERT INTO `friend` VALUES (207, 0, 456, 115, 'default_head', 0, '游客', '未添加好友描述', 0, '2019-05-14 22:20:53', '2019-05-14 22:20:53');
INSERT INTO `friend` VALUES (208, 456, 0, 115, 'default_head', 0, '游客', '未添加好友描述', 0, '2019-05-14 22:20:54', '2019-05-14 22:20:54');
INSERT INTO `friend` VALUES (209, 0, 457, 116, 'default_head', 0, '游客', '未添加好友描述', 0, '2019-05-14 22:29:29', '2019-05-14 22:29:29');
INSERT INTO `friend` VALUES (210, 457, 0, 116, 'default_head', 0, '游客', '未添加好友描述', 0, '2019-05-14 22:29:31', '2019-05-14 22:29:31');
INSERT INTO `friend` VALUES (211, 0, 458, 117, 'default_head', 0, '游客', '未添加好友描述', 0, '2019-05-14 23:14:30', '2019-05-14 23:14:30');
INSERT INTO `friend` VALUES (212, 458, 0, 117, 'default_head', 0, '游客', '未添加好友描述', 0, '2019-05-14 23:14:31', '2019-05-14 23:14:31');
INSERT INTO `friend` VALUES (213, 0, 459, 118, 'default_head', 0, '游客', '未添加好友描述', 0, '2019-05-14 23:28:10', '2019-05-14 23:28:10');
INSERT INTO `friend` VALUES (214, 459, 0, 118, 'default_head', 0, '游客', '未添加好友描述', 0, '2019-05-14 23:28:11', '2019-05-14 23:28:11');
INSERT INTO `friend` VALUES (215, 0, 460, 119, 'default_head', 0, '游客', '未添加好友描述', 0, '2019-05-14 23:34:33', '2019-05-14 23:34:33');
INSERT INTO `friend` VALUES (216, 460, 0, 119, 'default_head', 0, '游客', '未添加好友描述', 0, '2019-05-14 23:34:34', '2019-05-14 23:34:34');
INSERT INTO `friend` VALUES (219, 0, 463, 122, 'default_head', 0, '游客', '未添加好友描述', 0, '2019-05-15 05:47:17', '2019-05-15 05:47:17');
INSERT INTO `friend` VALUES (220, 463, 0, 122, 'default_head', 0, '游客', '未添加好友描述', 0, '2019-05-15 05:47:17', '2019-05-15 05:47:17');
INSERT INTO `friend` VALUES (221, 0, 464, 123, 'default_head', 0, '游客', '未添加好友描述', 0, '2019-05-15 13:28:42', '2019-05-15 13:28:42');
INSERT INTO `friend` VALUES (222, 464, 0, 123, 'default_head', 0, '游客', '未添加好友描述', 0, '2019-05-15 13:28:42', '2019-05-15 13:28:42');
INSERT INTO `friend` VALUES (223, 0, 465, 124, 'default_head', 0, '游客', '未添加好友描述', 0, '2019-05-15 13:37:45', '2019-05-15 13:37:45');
INSERT INTO `friend` VALUES (224, 465, 0, 124, 'default_head', 0, '游客', '未添加好友描述', 0, '2019-05-15 13:37:45', '2019-05-15 13:37:45');
INSERT INTO `friend` VALUES (225, 0, 466, 125, 'default_head', 0, '游客', '未添加好友描述', 0, '2019-05-15 13:39:17', '2019-05-15 13:39:17');
INSERT INTO `friend` VALUES (226, 466, 0, 125, 'default_head', 0, '游客', '未添加好友描述', 0, '2019-05-15 13:39:17', '2019-05-15 13:39:17');
INSERT INTO `friend` VALUES (227, 0, 467, 126, 'default_head', 0, '游客', '未添加好友描述', 0, '2019-05-15 13:42:27', '2019-05-15 13:42:27');
INSERT INTO `friend` VALUES (228, 467, 0, 126, 'default_head', 0, '游客', '未添加好友描述', 0, '2019-05-15 13:42:27', '2019-05-15 13:42:27');
INSERT INTO `friend` VALUES (229, 0, 468, 127, 'default_head', 0, '游客', '未添加好友描述', 0, '2019-05-15 13:43:26', '2019-05-15 13:43:26');
INSERT INTO `friend` VALUES (230, 468, 0, 127, 'default_head', 0, '游客', '未添加好友描述', 0, '2019-05-15 13:43:26', '2019-05-15 13:43:26');
INSERT INTO `friend` VALUES (231, 0, 469, 128, 'default_head', 0, '游客', '未添加好友描述', 0, '2019-05-15 14:00:40', '2019-05-15 14:00:40');
INSERT INTO `friend` VALUES (232, 469, 0, 128, 'default_head', 0, '游客', '未添加好友描述', 0, '2019-05-15 14:00:40', '2019-05-15 14:00:40');
INSERT INTO `friend` VALUES (233, 0, 470, 129, 'default_head', 0, '游客', '未添加好友描述', 0, '2019-05-15 14:25:43', '2019-05-15 14:25:43');
INSERT INTO `friend` VALUES (234, 470, 0, 129, 'default_head', 0, '游客', '未添加好友描述', 0, '2019-05-15 14:25:43', '2019-05-15 14:25:43');
INSERT INTO `friend` VALUES (235, 0, 471, 130, 'default_head', 0, '3205579341@qq.com', '未添加好友描述', 0, '2019-05-15 14:32:20', '2019-05-15 14:32:20');
INSERT INTO `friend` VALUES (236, 471, 0, 130, 'default_head', 0, '微信团队', '', 0, '2019-05-15 14:32:20', '2019-05-15 15:02:02');
INSERT INTO `friend` VALUES (240, 0, 473, 134, 'default_head', 0, '游客', '未添加好友描述', 0, '2019-05-16 13:35:26', '2019-05-16 13:35:26');
INSERT INTO `friend` VALUES (241, 473, 0, 134, 'default_head', 0, '游客', '未添加好友描述', 0, '2019-05-16 13:35:26', '2019-05-16 13:35:26');
INSERT INTO `friend` VALUES (242, 0, 474, 135, 'default_head', 0, '游客', '未添加好友描述', 0, '2019-05-16 13:38:06', '2019-05-16 13:38:06');
INSERT INTO `friend` VALUES (243, 474, 0, 135, 'default_head', 0, '游客', '未添加好友描述', 0, '2019-05-16 13:38:06', '2019-05-16 13:38:06');
INSERT INTO `friend` VALUES (246, 0, 475, 137, 'default_head', 0, '游客', '未添加好友描述', 0, '2019-05-16 16:33:10', '2019-05-16 16:33:10');
INSERT INTO `friend` VALUES (247, 475, 0, 137, 'default_head', 0, '游客', '未添加好友描述', 0, '2019-05-16 16:33:10', '2019-05-16 16:33:10');
INSERT INTO `friend` VALUES (250, 0, 476, 139, 'default_head', 0, '游客', '未添加好友描述', 0, '2019-05-16 17:02:26', '2019-05-16 17:02:26');
INSERT INTO `friend` VALUES (251, 476, 0, 139, 'default_head', 0, '游客', '未添加好友描述', 0, '2019-05-16 17:02:26', '2019-05-16 17:02:26');
INSERT INTO `friend` VALUES (254, 0, 477, 141, 'default_head', 0, 'visitorFDSF@fsjadf.com', '未添加好友描述', 0, '2019-05-16 17:14:02', '2019-05-16 17:14:02');
INSERT INTO `friend` VALUES (255, 477, 0, 141, 'default_head', 0, 'visitorFDSF@fsjadf.com', '未添加好友描述', 0, '2019-05-16 17:14:02', '2019-05-16 17:14:02');
INSERT INTO `friend` VALUES (258, 0, 478, 143, 'default_head', 0, 'visitorFDfSF@fsjadf.com', '未添加好友描述', 0, '2019-05-16 17:16:05', '2019-05-16 17:16:05');
INSERT INTO `friend` VALUES (259, 478, 0, 143, 'default_head', 0, 'visitorFDfSF@fsjadf.com', '未添加好友描述', 0, '2019-05-16 17:16:05', '2019-05-16 17:16:05');
INSERT INTO `friend` VALUES (262, 0, 479, 145, 'default_head', 0, 'sad@fd.vo', '未添加好友描述', 0, '2019-05-16 17:16:21', '2019-05-16 17:16:21');
INSERT INTO `friend` VALUES (263, 479, 0, 145, 'default_head', 0, 'sad@fd.vo', '未添加好友描述', 0, '2019-05-16 17:16:21', '2019-05-16 17:16:21');
INSERT INTO `friend` VALUES (266, 0, 480, 147, 'default_head', 0, 'fsdaf@fad.csad', '未添加好友描述', 0, '2019-05-16 17:19:18', '2019-05-16 17:19:18');
INSERT INTO `friend` VALUES (267, 480, 0, 147, 'default_head', 0, 'fsdaf@fad.csad', '未添加好友描述', 0, '2019-05-16 17:19:18', '2019-05-16 17:19:18');
INSERT INTO `friend` VALUES (270, 0, 481, 149, 'default_head', 0, '游客', '未添加好友描述', 0, '2019-05-16 17:22:21', '2019-05-16 17:22:21');
INSERT INTO `friend` VALUES (271, 481, 0, 149, 'default_head', 0, '游客', '未添加好友描述', 0, '2019-05-16 17:22:21', '2019-05-16 17:22:21');
INSERT INTO `friend` VALUES (274, 0, 482, 151, 'default_head', 0, '游客', '未添加好友描述', 0, '2019-05-16 18:31:34', '2019-05-16 18:31:34');
INSERT INTO `friend` VALUES (275, 482, 0, 151, 'default_head', 0, '游客', '未添加好友描述', 0, '2019-05-16 18:31:34', '2019-05-16 18:31:34');
INSERT INTO `friend` VALUES (278, 0, 483, 153, 'default_head', 0, '游客', '未添加好友描述', 0, '2019-05-16 18:32:26', '2019-05-16 18:32:26');
INSERT INTO `friend` VALUES (279, 483, 0, 153, 'default_head', 0, '游客', '未添加好友描述', 0, '2019-05-16 18:32:26', '2019-05-16 18:32:26');
INSERT INTO `friend` VALUES (282, 0, 484, 155, 'default_head', 0, '游客', '未添加好友描述', 0, '2019-05-16 18:33:04', '2019-05-16 18:33:04');
INSERT INTO `friend` VALUES (283, 484, 0, 155, 'default_head', 0, '游客', '未添加好友描述', 0, '2019-05-16 18:33:04', '2019-05-16 18:33:04');
INSERT INTO `friend` VALUES (286, 0, 485, 157, 'default_head', 0, '游客', '未添加好友描述', 0, '2019-05-16 18:45:59', '2019-05-16 18:45:59');
INSERT INTO `friend` VALUES (287, 485, 0, 157, 'default_head', 0, '游客', '未添加好友描述', 0, '2019-05-16 18:45:59', '2019-05-16 18:45:59');
INSERT INTO `friend` VALUES (290, 0, 486, 159, 'default_head', 0, '游客', '未添加好友描述', 0, '2019-05-16 19:02:04', '2019-05-16 19:02:04');
INSERT INTO `friend` VALUES (291, 486, 0, 159, 'default_head', 0, '游客', '未添加好友描述', 0, '2019-05-16 19:02:04', '2019-05-16 19:02:04');
INSERT INTO `friend` VALUES (294, 0, 487, 161, 'default_head', 0, '游客', '未添加好友描述', 0, '2019-05-16 19:12:59', '2019-05-16 19:12:59');
INSERT INTO `friend` VALUES (295, 487, 0, 161, 'default_head', 0, '游客', '未添加好友描述', 0, '2019-05-16 19:13:00', '2019-05-16 19:13:00');
INSERT INTO `friend` VALUES (298, 0, 488, 163, 'default_head', 0, '游客', '未添加好友描述', 0, '2019-05-16 19:14:28', '2019-05-16 19:14:28');
INSERT INTO `friend` VALUES (299, 488, 0, 163, 'default_head', 0, '游客', '未添加好友描述', 0, '2019-05-16 19:14:28', '2019-05-16 19:14:28');
INSERT INTO `friend` VALUES (302, 0, 489, 165, 'default_head', 0, '游客', '未添加好友描述', 0, '2019-05-16 19:19:14', '2019-05-16 19:19:14');
INSERT INTO `friend` VALUES (303, 489, 0, 165, 'default_head', 0, '游客', '未添加好友描述', 0, '2019-05-16 19:19:14', '2019-05-16 19:19:14');
INSERT INTO `friend` VALUES (306, 0, 490, 167, 'default_head', 0, '游客', '未添加好友描述', 0, '2019-05-16 19:57:38', '2019-05-16 19:57:38');
INSERT INTO `friend` VALUES (307, 490, 0, 167, 'default_head', 0, '游客', '未添加好友描述', 0, '2019-05-16 19:57:38', '2019-05-16 19:57:38');
INSERT INTO `friend` VALUES (310, 0, 491, 169, 'default_head', 0, '游客', '未添加好友描述', 0, '2019-05-16 19:57:55', '2019-05-16 19:57:55');
INSERT INTO `friend` VALUES (311, 491, 0, 169, 'default_head', 0, '游客', '未添加好友描述', 0, '2019-05-16 19:57:55', '2019-05-16 19:57:55');
INSERT INTO `friend` VALUES (314, 0, 492, 171, 'default_head', 0, '游客', '未添加好友描述', 0, '2019-05-17 15:14:07', '2019-05-17 15:14:07');
INSERT INTO `friend` VALUES (315, 492, 0, 171, 'default_head', 0, '游客', '未添加好友描述', 0, '2019-05-17 15:14:07', '2019-05-17 15:14:07');
INSERT INTO `friend` VALUES (318, 0, 493, 173, 'default_head', 0, '游客', '未添加好友描述', 0, '2019-05-17 15:14:15', '2019-05-17 15:14:15');
INSERT INTO `friend` VALUES (319, 493, 0, 173, 'default_head', 0, '游客', '未添加好友描述', 0, '2019-05-17 15:14:15', '2019-05-17 15:14:15');
INSERT INTO `friend` VALUES (322, 0, 494, 175, 'default_head', 0, '游客', '未添加好友描述', 0, '2019-05-17 15:17:19', '2019-05-17 15:17:19');
INSERT INTO `friend` VALUES (323, 494, 0, 175, 'default_head', 0, '游客', '未添加好友描述', 0, '2019-05-17 15:17:19', '2019-05-17 15:17:19');
INSERT INTO `friend` VALUES (326, 210, 440, 0, 'default_head', 0, '', '我是我是科比学徒,快加我为好友吧！', 0, '2019-05-17 17:58:29', '2019-05-17 17:58:29');
INSERT INTO `friend` VALUES (327, 210, 450, 0, 'default_head', 0, '', '我是我是科比学徒,快加我为好友吧！', 0, '2019-05-17 19:03:43', '2019-05-17 19:03:43');
INSERT INTO `friend` VALUES (328, 210, 463, 0, 'default_head', 0, '', '我是我是科比学徒,快加我为好友吧！', 0, '2019-05-17 19:03:49', '2019-05-17 19:03:49');
INSERT INTO `friend` VALUES (329, 210, 471, 0, 'default_head', 0, '', '未添加好友描述', 0, '2019-05-17 19:16:55', '2019-05-17 19:16:55');
INSERT INTO `friend` VALUES (330, 0, 495, 180, 'default_head', 0, '游客', '未添加好友描述', 0, '2019-05-17 20:30:48', '2019-05-17 20:30:48');
INSERT INTO `friend` VALUES (331, 495, 0, 180, 'default_head', 0, '游客', '未添加好友描述', 0, '2019-05-17 20:30:48', '2019-05-17 20:30:48');
INSERT INTO `friend` VALUES (334, 0, 496, 182, 'default_head', 0, '游客', '未添加好友描述', 0, '2019-05-17 21:57:45', '2019-05-17 21:57:45');
INSERT INTO `friend` VALUES (335, 496, 0, 182, 'default_head', 0, '游客', '未添加好友描述', 0, '2019-05-17 21:57:45', '2019-05-17 21:57:45');
INSERT INTO `friend` VALUES (338, 0, 497, 184, 'default_head', 0, '游客', '未添加好友描述', 0, '2019-05-17 21:59:10', '2019-05-17 21:59:10');
INSERT INTO `friend` VALUES (339, 497, 0, 184, 'default_head', 0, '游客', '未添加好友描述', 0, '2019-05-17 21:59:10', '2019-05-17 21:59:10');
INSERT INTO `friend` VALUES (342, 0, 498, 186, 'default_head', 0, '游客', '未添加好友描述', 0, '2019-05-17 22:02:41', '2019-05-17 22:02:41');
INSERT INTO `friend` VALUES (343, 498, 0, 186, 'default_head', 0, '游客', '未添加好友描述', 0, '2019-05-17 22:02:41', '2019-05-17 22:02:41');
INSERT INTO `friend` VALUES (346, 0, 499, 188, 'default_head', 0, 'test7@qq.com', '未添加好友描述', 0, '2019-05-17 22:03:19', '2019-05-17 22:03:19');
INSERT INTO `friend` VALUES (347, 499, 0, 188, 'default_head', 0, 'test7@qq.com', '未添加好友描述', 0, '2019-05-17 22:03:19', '2019-05-17 22:03:19');
INSERT INTO `friend` VALUES (350, 0, 500, 190, 'default_head', 0, '游客', '未添加好友描述', 0, '2019-05-17 22:13:03', '2019-05-17 22:13:03');
INSERT INTO `friend` VALUES (351, 500, 0, 190, 'default_head', 0, '游客', '未添加好友描述', 0, '2019-05-17 22:13:03', '2019-05-17 22:13:03');
INSERT INTO `friend` VALUES (354, 0, 501, 192, 'default_head', 0, '游客', '未添加好友描述', 0, '2019-05-17 22:54:56', '2019-05-17 22:54:56');
INSERT INTO `friend` VALUES (355, 501, 0, 192, 'default_head', 0, '游客', '未添加好友描述', 0, '2019-05-17 22:54:56', '2019-05-17 22:54:56');
INSERT INTO `friend` VALUES (358, 0, 502, 194, 'default_head', 0, '游客', '未添加好友描述', 0, '2019-05-17 23:17:14', '2019-05-17 23:17:14');
INSERT INTO `friend` VALUES (359, 502, 0, 194, 'default_head', 0, '游客', '未添加好友描述', 0, '2019-05-17 23:17:14', '2019-05-17 23:17:14');
INSERT INTO `friend` VALUES (362, 0, 503, 196, 'default_head', 0, '游客', '未添加好友描述', 0, '2019-05-17 23:17:24', '2019-05-17 23:17:24');
INSERT INTO `friend` VALUES (363, 0, 504, 197, 'default_head', 0, '游客', '未添加好友描述', 0, '2019-05-17 23:17:24', '2019-05-17 23:17:24');
INSERT INTO `friend` VALUES (364, 503, 0, 196, 'default_head', 0, '游客', '未添加好友描述', 0, '2019-05-17 23:17:24', '2019-05-17 23:17:24');
INSERT INTO `friend` VALUES (365, 504, 0, 197, 'default_head', 0, '游客', '未添加好友描述', 0, '2019-05-17 23:17:24', '2019-05-17 23:17:24');
INSERT INTO `friend` VALUES (370, 0, 505, 200, 'default_head', 0, '游客', '未添加好友描述', 0, '2019-05-17 23:21:38', '2019-05-17 23:21:38');
INSERT INTO `friend` VALUES (371, 505, 0, 200, 'default_head', 0, '游客', '未添加好友描述', 0, '2019-05-17 23:21:38', '2019-05-17 23:21:38');
INSERT INTO `friend` VALUES (374, 0, 506, 202, 'default_head', 0, 'test8@qq.com', '未添加好友描述', 0, '2019-05-17 23:30:42', '2019-05-17 23:30:42');
INSERT INTO `friend` VALUES (375, 506, 0, 202, 'default_head', 0, 'test8@qq.com', '未添加好友描述', 0, '2019-05-17 23:30:42', '2019-05-17 23:30:42');
INSERT INTO `friend` VALUES (378, 0, 507, 204, 'default_head', 0, 'test9@qq.com', '未添加好友描述', 0, '2019-05-17 23:31:21', '2019-05-17 23:31:21');
INSERT INTO `friend` VALUES (379, 507, 0, 204, 'default_head', 0, 'test9@qq.com', '未添加好友描述', 0, '2019-05-17 23:31:21', '2019-05-17 23:31:21');
INSERT INTO `friend` VALUES (382, 0, 508, 206, 'default_head', 0, '游客', '未添加好友描述', 0, '2019-05-17 23:31:59', '2019-05-17 23:31:59');
INSERT INTO `friend` VALUES (383, 508, 0, 206, 'default_head', 0, '游客', '未添加好友描述', 0, '2019-05-17 23:31:59', '2019-05-17 23:31:59');
INSERT INTO `friend` VALUES (386, 0, 509, 208, 'default_head', 0, '游客', '未添加好友描述', 0, '2019-05-18 10:56:15', '2019-05-18 10:56:15');
INSERT INTO `friend` VALUES (387, 509, 0, 208, 'default_head', 0, '游客', '未添加好友描述', 0, '2019-05-18 10:56:15', '2019-05-18 10:56:15');
INSERT INTO `friend` VALUES (390, 0, 510, 210, 'default_head', 0, '游客', '未添加好友描述', 0, '2019-05-18 10:57:27', '2019-05-18 10:57:27');
INSERT INTO `friend` VALUES (391, 510, 0, 210, 'default_head', 0, '游客', '未添加好友描述', 0, '2019-05-18 10:57:27', '2019-05-18 10:57:27');
INSERT INTO `friend` VALUES (394, 0, 512, 213, 'default_head', 0, '游客', '未添加好友描述', 0, '2019-05-18 11:03:35', '2019-05-18 11:03:35');
INSERT INTO `friend` VALUES (395, 512, 0, 213, 'default_head', 0, '游客', '未添加好友描述', 0, '2019-05-18 11:03:35', '2019-05-18 11:03:35');
INSERT INTO `friend` VALUES (398, 0, 513, 215, 'default_head', 0, 'test10@qq.com', '未添加好友描述', 0, '2019-05-18 11:05:57', '2019-05-18 11:05:57');
INSERT INTO `friend` VALUES (399, 513, 0, 215, 'default_head', 0, 'test10@qq.com', '未添加好友描述', 0, '2019-05-18 11:05:57', '2019-05-18 11:05:57');
INSERT INTO `friend` VALUES (402, 0, 514, 217, 'default_head', 0, 'test11@qq.com', '未添加好友描述', 0, '2019-05-18 11:07:09', '2019-05-18 11:07:09');
INSERT INTO `friend` VALUES (403, 514, 0, 217, 'default_head', 0, '蔡徐坤', '灵魂篮球练习生', 0, '2019-05-18 11:07:09', '2019-05-18 11:14:46');
INSERT INTO `friend` VALUES (406, 0, 515, 219, 'default_head', 0, 'test12@qq.com', '未添加好友描述', 0, '2019-05-18 11:07:34', '2019-05-18 11:07:34');
INSERT INTO `friend` VALUES (407, 515, 0, 219, 'default_head', 0, 'test12@qq.com', '未添加好友描述', 0, '2019-05-18 11:07:34', '2019-05-18 11:07:34');
INSERT INTO `friend` VALUES (410, 0, 516, 221, 'default_head', 0, 'test13@qq.com', '未添加好友描述', 0, '2019-05-18 11:08:33', '2019-05-18 11:08:33');
INSERT INTO `friend` VALUES (411, 516, 0, 221, 'default_head', 0, 'test13@qq.com', '未添加好友描述', 0, '2019-05-18 11:08:33', '2019-05-18 11:08:33');
INSERT INTO `friend` VALUES (414, 0, 517, 223, 'default_head', 0, '游客', '未添加好友描述', 0, '2019-05-18 11:09:21', '2019-05-18 11:09:21');
INSERT INTO `friend` VALUES (415, 517, 0, 223, 'default_head', 0, '游客', '未添加好友描述', 0, '2019-05-18 11:09:21', '2019-05-18 11:09:21');
INSERT INTO `friend` VALUES (418, 0, 518, 225, 'default_head', 0, 'test14@qq.com', '未添加好友描述', 0, '2019-05-18 11:09:45', '2019-05-18 11:09:45');
INSERT INTO `friend` VALUES (419, 518, 0, 225, 'default_head', 0, 'test14@qq.com', '未添加好友描述', 0, '2019-05-18 11:09:45', '2019-05-18 11:09:45');
INSERT INTO `friend` VALUES (422, 0, 519, 227, 'default_head', 0, 'test15@qq.com', '未添加好友描述', 0, '2019-05-18 11:22:51', '2019-05-18 11:22:51');
INSERT INTO `friend` VALUES (423, 519, 0, 227, 'default_head', 0, 'test15@qq.com', '未添加好友描述', 0, '2019-05-18 11:22:51', '2019-05-18 11:22:51');
INSERT INTO `friend` VALUES (426, 0, 520, 229, 'default_head', 0, '游客', '未添加好友描述', 0, '2019-05-18 11:24:19', '2019-05-18 11:24:19');
INSERT INTO `friend` VALUES (427, 520, 0, 229, 'default_head', 0, '游客', '未添加好友描述', 0, '2019-05-18 11:24:19', '2019-05-18 11:24:19');
INSERT INTO `friend` VALUES (430, 0, 521, 231, 'default_head', 0, 'test16@qq.com', '未添加好友描述', 0, '2019-05-18 11:25:12', '2019-05-18 11:25:12');
INSERT INTO `friend` VALUES (431, 521, 0, 231, 'default_head', 0, 'test16@qq.com', '未添加好友描述', 0, '2019-05-18 11:25:12', '2019-05-18 11:25:12');
INSERT INTO `friend` VALUES (434, 0, 522, 233, 'default_head', 0, 'test17@qq.com', '未添加好友描述', 0, '2019-05-18 11:36:46', '2019-05-18 11:36:46');
INSERT INTO `friend` VALUES (435, 522, 0, 233, 'default_head', 0, '微信团队', '未添加好友描述', 0, '2019-05-18 11:36:46', '2019-05-18 11:36:46');
INSERT INTO `friend` VALUES (438, 0, 523, 235, 'default_head', 0, 'test18@qq.com', '未添加好友描述', 0, '2019-05-18 12:17:23', '2019-05-18 12:17:23');
INSERT INTO `friend` VALUES (439, 523, 0, 235, 'default_head', 0, '微信团队', '未添加好友描述', 0, '2019-05-18 12:17:23', '2019-05-18 12:17:23');
INSERT INTO `friend` VALUES (442, 0, 524, 237, 'default_head', 0, 'test19@qq.com', '未添加好友描述', 0, '2019-05-18 12:19:25', '2019-05-18 12:19:25');
INSERT INTO `friend` VALUES (443, 524, 0, 237, 'default_head', 0, '微信团队', '未添加好友描述', 0, '2019-05-18 12:19:25', '2019-05-18 12:19:25');
INSERT INTO `friend` VALUES (446, 0, 525, 239, 'default_head', 0, 'test20@qq.com', '未添加好友描述', 0, '2019-05-18 12:20:18', '2019-05-18 12:20:18');
INSERT INTO `friend` VALUES (447, 525, 0, 239, 'default_head', 0, '微信团队', '未添加好友描述', 0, '2019-05-18 12:20:18', '2019-05-18 12:20:18');
INSERT INTO `friend` VALUES (450, 0, 526, 241, 'default_head', 0, '游客', '未添加好友描述', 0, '2019-05-18 12:23:26', '2019-05-18 12:23:26');
INSERT INTO `friend` VALUES (451, 526, 0, 241, 'default_head', 0, '微信团队', '未添加好友描述', 0, '2019-05-18 12:23:26', '2019-05-18 12:23:26');
INSERT INTO `friend` VALUES (454, 0, 527, 243, 'default_head', 0, '游客', '未添加好友描述', 0, '2019-05-18 12:23:57', '2019-05-18 12:23:57');
INSERT INTO `friend` VALUES (455, 527, 0, 243, 'default_head', 0, '微信团队', '未添加好友描述', 0, '2019-05-18 12:23:57', '2019-05-18 12:23:57');
INSERT INTO `friend` VALUES (456, 0, 528, 244, 'default_head', 0, '游客', '未添加好友描述', 0, '2019-05-18 12:24:06', '2019-05-18 12:24:06');
INSERT INTO `friend` VALUES (457, 528, 0, 244, 'default_head', 0, '微信团队', '未添加好友描述', 0, '2019-05-18 12:24:06', '2019-05-18 12:24:06');
INSERT INTO `friend` VALUES (458, 0, 529, 245, 'default_head', 0, 'test21@qq.com', '未添加好友描述', 0, '2019-05-18 13:30:21', '2019-05-18 13:30:21');
INSERT INTO `friend` VALUES (459, 529, 0, 245, 'default_head', 0, '微信团队', '未添加好友描述', 0, '2019-05-18 13:30:21', '2019-05-18 13:30:21');
INSERT INTO `friend` VALUES (460, 1, 529, 246, 'default_head', 0, 'test21@qq.com', '未添加好友描述', 0, '2019-05-18 13:30:21', '2019-05-18 13:30:21');
INSERT INTO `friend` VALUES (461, 529, 1, 246, 'default_head', 0, '黄钰朝(开发者账号)', '未添加好友描述', 0, '2019-05-18 13:30:21', '2019-05-18 13:30:21');

-- ----------------------------
-- Table structure for group
-- ----------------------------
DROP TABLE IF EXISTS `group`;
CREATE TABLE `group`  (
  `id` bigint(10) UNSIGNED NOT NULL AUTO_INCREMENT COMMENT ' ',
  `user_id` bigint(10) NOT NULL COMMENT '用户id',
  `name` varchar(255) CHARACTER SET utf8 COLLATE utf8_general_ci NOT NULL COMMENT '分组名称',
  `priority` smallint(10) UNSIGNED NOT NULL COMMENT '优先级',
  `status` smallint(1) UNSIGNED NOT NULL DEFAULT 0 COMMENT '状态',
  `gmt_create` datetime(0) NOT NULL DEFAULT CURRENT_TIMESTAMP(0) COMMENT '创建时间',
  `gmt_modified` datetime(0) NOT NULL DEFAULT CURRENT_TIMESTAMP(0) ON UPDATE CURRENT_TIMESTAMP(0) COMMENT '修改时间',
  PRIMARY KEY (`id`) USING BTREE
) ENGINE = InnoDB AUTO_INCREMENT = 1 CHARACTER SET = utf8 COLLATE = utf8_general_ci ROW_FORMAT = Dynamic;

-- ----------------------------
-- Records of group
-- ----------------------------
INSERT INTO `group` VALUES (0, 0, '默认分组', 0, 0, '2019-05-09 16:30:16', '2019-05-18 11:03:21');

-- ----------------------------
-- Table structure for member
-- ----------------------------
DROP TABLE IF EXISTS `member`;
CREATE TABLE `member`  (
  `id` bigint(10) UNSIGNED NOT NULL AUTO_INCREMENT COMMENT '主键',
  `user_id` bigint(10) UNSIGNED NOT NULL COMMENT '用户id',
  `chat_id` bigint(10) UNSIGNED NOT NULL COMMENT '角色id',
  `group_alias` varchar(255) CHARACTER SET utf8 COLLATE utf8_general_ci NOT NULL DEFAULT '' COMMENT '群聊昵称',
  `apply` varchar(255) CHARACTER SET utf8 COLLATE utf8_general_ci NOT NULL DEFAULT '大家好，我是本群的新成员' COMMENT '加群申请',
  `level` smallint(10) UNSIGNED NOT NULL DEFAULT 0 COMMENT '群等级',
  `background` varchar(255) CHARACTER SET utf8 COLLATE utf8_general_ci NOT NULL DEFAULT '' COMMENT '聊天背景',
  `status` smallint(1) UNSIGNED NOT NULL DEFAULT 0 COMMENT '状态',
  `gmt_create` datetime(0) NOT NULL DEFAULT CURRENT_TIMESTAMP(0) COMMENT '创建时间',
  `gmt_modified` datetime(0) NOT NULL DEFAULT CURRENT_TIMESTAMP(0) ON UPDATE CURRENT_TIMESTAMP(0) COMMENT '修改时间',
  PRIMARY KEY (`id`) USING BTREE,
  INDEX `fk_user_id`(`user_id`) USING BTREE,
  INDEX `fk_role_id`(`chat_id`) USING BTREE,
  CONSTRAINT `fk_chat_id_2` FOREIGN KEY (`chat_id`) REFERENCES `chat` (`id`) ON DELETE CASCADE ON UPDATE CASCADE,
  CONSTRAINT `fk_user_id_6` FOREIGN KEY (`user_id`) REFERENCES `user` (`id`) ON DELETE CASCADE ON UPDATE CASCADE
) ENGINE = InnoDB AUTO_INCREMENT = 827 CHARACTER SET = utf8 COLLATE = utf8_general_ci ROW_FORMAT = Dynamic;

-- ----------------------------
-- Records of member
-- ----------------------------
INSERT INTO `member` VALUES (251, 0, 0, '', '', 0, '', 0, '2019-05-10 11:38:50', '2019-05-10 11:38:50');
INSERT INTO `member` VALUES (252, 210, 0, '', '', 0, '', 0, '2019-05-10 11:39:03', '2019-05-10 11:39:03');
INSERT INTO `member` VALUES (435, 0, 98, '', '', 0, '', 0, '2019-05-13 22:57:57', '2019-05-13 22:57:57');
INSERT INTO `member` VALUES (436, 210, 98, '', '', 0, '', 0, '2019-05-13 22:58:10', '2019-05-13 22:58:10');
INSERT INTO `member` VALUES (438, 430, 99, '游客', '', 0, '', 0, '2019-05-13 23:18:14', '2019-05-13 23:18:14');
INSERT INTO `member` VALUES (439, 0, 99, '系统账号', '', 0, '', 0, '2019-05-13 23:18:15', '2019-05-13 23:18:15');
INSERT INTO `member` VALUES (441, 433, 100, '游客', '', 0, '', 0, '2019-05-14 15:41:17', '2019-05-14 15:41:17');
INSERT INTO `member` VALUES (442, 0, 100, '系统账号', '', 0, '', 0, '2019-05-14 15:41:18', '2019-05-14 15:41:18');
INSERT INTO `member` VALUES (444, 440, 101, '游客', '大家好，我是本群的新成员', 0, '', 0, '2019-05-14 16:36:31', '2019-05-14 16:36:31');
INSERT INTO `member` VALUES (445, 0, 101, '系统账号', '大家好，我是本群的新成员', 0, '', 0, '2019-05-14 16:36:32', '2019-05-14 16:36:32');
INSERT INTO `member` VALUES (447, 443, 102, '游客', '大家好，我是本群的新成员', 0, '', 0, '2019-05-14 16:39:59', '2019-05-14 16:39:59');
INSERT INTO `member` VALUES (448, 0, 102, '系统账号', '大家好，我是本群的新成员', 0, '', 0, '2019-05-14 16:40:00', '2019-05-14 16:40:00');
INSERT INTO `member` VALUES (450, 445, 103, '游客', '大家好，我是本群的新成员', 0, '', 0, '2019-05-14 17:10:43', '2019-05-14 17:10:43');
INSERT INTO `member` VALUES (451, 0, 103, '系统账号', '大家好，我是本群的新成员', 0, '', 0, '2019-05-14 17:10:44', '2019-05-14 17:10:44');
INSERT INTO `member` VALUES (455, 446, 105, '游客', '大家好，我是本群的新成员', 0, '', 0, '2019-05-14 17:26:50', '2019-05-14 17:26:50');
INSERT INTO `member` VALUES (456, 0, 105, '系统账号', '大家好，我是本群的新成员', 0, '', 0, '2019-05-14 17:26:51', '2019-05-14 17:26:51');
INSERT INTO `member` VALUES (459, 447, 106, '游客', '大家好，我是本群的新成员', 0, '', 0, '2019-05-14 17:58:49', '2019-05-14 17:58:49');
INSERT INTO `member` VALUES (460, 0, 106, '系统账号', '大家好，我是本群的新成员', 0, '', 0, '2019-05-14 17:58:50', '2019-05-14 17:58:50');
INSERT INTO `member` VALUES (463, 448, 107, '游客', '大家好，我是本群的新成员', 0, '', 0, '2019-05-14 20:35:39', '2019-05-14 20:35:39');
INSERT INTO `member` VALUES (464, 0, 107, '系统账号', '大家好，我是本群的新成员', 0, '', 0, '2019-05-14 20:35:40', '2019-05-14 20:35:40');
INSERT INTO `member` VALUES (467, 449, 108, '游客', '大家好，我是本群的新成员', 0, '', 0, '2019-05-14 21:05:33', '2019-05-14 21:05:33');
INSERT INTO `member` VALUES (468, 0, 108, '系统账号', '大家好，我是本群的新成员', 0, '', 0, '2019-05-14 21:05:34', '2019-05-14 21:05:34');
INSERT INTO `member` VALUES (472, 450, 109, '游客', '大家好，我是本群的新成员', 0, '', 0, '2019-05-14 21:15:48', '2019-05-14 21:15:48');
INSERT INTO `member` VALUES (473, 0, 109, '系统账号', '大家好，我是本群的新成员', 0, '', 0, '2019-05-14 21:15:49', '2019-05-14 21:15:49');
INSERT INTO `member` VALUES (476, 451, 110, '游客', '大家好，我是本群的新成员', 0, '', 0, '2019-05-14 21:33:59', '2019-05-14 21:33:59');
INSERT INTO `member` VALUES (477, 0, 110, '系统账号', '大家好，我是本群的新成员', 0, '', 0, '2019-05-14 21:34:00', '2019-05-14 21:34:00');
INSERT INTO `member` VALUES (479, 452, 111, '游客', '大家好，我是本群的新成员', 0, '', 0, '2019-05-14 21:50:05', '2019-05-14 21:50:05');
INSERT INTO `member` VALUES (480, 0, 111, '系统账号', '大家好，我是本群的新成员', 0, '', 0, '2019-05-14 21:50:06', '2019-05-14 21:50:06');
INSERT INTO `member` VALUES (484, 453, 112, '游客', '大家好，我是本群的新成员', 0, '', 0, '2019-05-14 22:02:13', '2019-05-14 22:02:13');
INSERT INTO `member` VALUES (485, 0, 112, '系统账号', '大家好，我是本群的新成员', 0, '', 0, '2019-05-14 22:02:14', '2019-05-14 22:02:14');
INSERT INTO `member` VALUES (486, 454, 113, '游客', '大家好，我是本群的新成员', 0, '', 0, '2019-05-14 22:02:16', '2019-05-14 22:02:16');
INSERT INTO `member` VALUES (487, 0, 113, '系统账号', '大家好，我是本群的新成员', 0, '', 0, '2019-05-14 22:02:17', '2019-05-14 22:02:17');
INSERT INTO `member` VALUES (490, 455, 114, '游客', '大家好，我是本群的新成员', 0, '', 0, '2019-05-14 22:11:34', '2019-05-14 22:11:34');
INSERT INTO `member` VALUES (491, 0, 114, '系统账号', '大家好，我是本群的新成员', 0, '', 0, '2019-05-14 22:11:35', '2019-05-14 22:11:35');
INSERT INTO `member` VALUES (494, 456, 115, '游客', '大家好，我是本群的新成员', 0, '', 0, '2019-05-14 22:20:56', '2019-05-14 22:20:56');
INSERT INTO `member` VALUES (495, 0, 115, '系统账号', '大家好，我是本群的新成员', 0, '', 0, '2019-05-14 22:20:57', '2019-05-14 22:20:57');
INSERT INTO `member` VALUES (498, 457, 116, '游客', '大家好，我是本群的新成员', 0, '', 0, '2019-05-14 22:29:33', '2019-05-14 22:29:33');
INSERT INTO `member` VALUES (499, 0, 116, '系统账号', '大家好，我是本群的新成员', 0, '', 0, '2019-05-14 22:29:34', '2019-05-14 22:29:34');
INSERT INTO `member` VALUES (502, 458, 117, '游客', '大家好，我是本群的新成员', 0, '', 0, '2019-05-14 23:14:33', '2019-05-14 23:14:33');
INSERT INTO `member` VALUES (503, 0, 117, '系统账号', '大家好，我是本群的新成员', 0, '', 0, '2019-05-14 23:14:34', '2019-05-14 23:14:34');
INSERT INTO `member` VALUES (506, 459, 118, '游客', '大家好，我是本群的新成员', 0, '', 0, '2019-05-14 23:28:12', '2019-05-14 23:28:12');
INSERT INTO `member` VALUES (507, 0, 118, '系统账号', '大家好，我是本群的新成员', 0, '', 0, '2019-05-14 23:28:13', '2019-05-14 23:28:13');
INSERT INTO `member` VALUES (510, 460, 119, '游客', '大家好，我是本群的新成员', 0, '', 0, '2019-05-14 23:34:36', '2019-05-14 23:34:36');
INSERT INTO `member` VALUES (511, 0, 119, '系统账号', '大家好，我是本群的新成员', 0, '', 0, '2019-05-14 23:34:36', '2019-05-14 23:34:36');
INSERT INTO `member` VALUES (513, 462, 121, '游客', '大家好，我是本群的新成员', 0, '', 0, '2019-05-15 05:45:34', '2019-05-15 05:45:34');
INSERT INTO `member` VALUES (514, 0, 121, '系统账号', '大家好，我是本群的新成员', 0, '', 0, '2019-05-15 05:45:34', '2019-05-15 05:45:34');
INSERT INTO `member` VALUES (516, 463, 122, '游客', '大家好，我是本群的新成员', 0, '', 0, '2019-05-15 05:47:17', '2019-05-15 05:47:17');
INSERT INTO `member` VALUES (517, 0, 122, '系统账号', '大家好，我是本群的新成员', 0, '', 0, '2019-05-15 05:47:17', '2019-05-15 05:47:17');
INSERT INTO `member` VALUES (518, 463, 104, '游客', '大家好，我是游客1', 0, '', 0, '2019-05-15 05:47:55', '2019-05-15 05:47:55');
INSERT INTO `member` VALUES (520, 464, 123, '游客', '大家好，我是本群的新成员', 0, '', 0, '2019-05-15 13:28:42', '2019-05-15 13:28:42');
INSERT INTO `member` VALUES (521, 0, 123, '系统账号', '大家好，我是本群的新成员', 0, '', 0, '2019-05-15 13:28:42', '2019-05-15 13:28:42');
INSERT INTO `member` VALUES (523, 465, 124, '游客', '大家好，我是本群的新成员', 0, '', 0, '2019-05-15 13:37:45', '2019-05-15 13:37:45');
INSERT INTO `member` VALUES (524, 0, 124, '系统账号', '大家好，我是本群的新成员', 0, '', 0, '2019-05-15 13:37:45', '2019-05-15 13:37:45');
INSERT INTO `member` VALUES (526, 466, 125, '游客', '大家好，我是本群的新成员', 0, '', 0, '2019-05-15 13:39:17', '2019-05-15 13:39:17');
INSERT INTO `member` VALUES (527, 0, 125, '系统账号', '大家好，我是本群的新成员', 0, '', 0, '2019-05-15 13:39:17', '2019-05-15 13:39:17');
INSERT INTO `member` VALUES (529, 467, 126, '游客', '大家好，我是本群的新成员', 0, '', 0, '2019-05-15 13:42:27', '2019-05-15 13:42:27');
INSERT INTO `member` VALUES (530, 0, 126, '系统账号', '大家好，我是本群的新成员', 0, '', 0, '2019-05-15 13:42:27', '2019-05-15 13:42:27');
INSERT INTO `member` VALUES (532, 468, 127, '游客', '大家好，我是本群的新成员', 0, '', 0, '2019-05-15 13:43:26', '2019-05-15 13:43:26');
INSERT INTO `member` VALUES (533, 0, 127, '系统账号', '大家好，我是本群的新成员', 0, '', 0, '2019-05-15 13:43:26', '2019-05-15 13:43:26');
INSERT INTO `member` VALUES (535, 469, 128, '游客', '大家好，我是本群的新成员', 0, '', 0, '2019-05-15 14:00:40', '2019-05-15 14:00:40');
INSERT INTO `member` VALUES (536, 0, 128, '微信团队', '大家好，我是本群的新成员', 0, '', 0, '2019-05-15 14:00:40', '2019-05-15 14:00:40');
INSERT INTO `member` VALUES (538, 470, 129, '游客', '大家好，我是本群的新成员', 0, '', 0, '2019-05-15 14:25:43', '2019-05-15 14:25:43');
INSERT INTO `member` VALUES (539, 0, 129, '微信团队', '大家好，我是本群的新成员', 0, '', 0, '2019-05-15 14:25:43', '2019-05-15 14:25:43');
INSERT INTO `member` VALUES (541, 471, 130, '3205579341@qq.com', '大家好，我是本群的新成员', 0, '', 0, '2019-05-15 14:32:20', '2019-05-15 14:32:20');
INSERT INTO `member` VALUES (542, 0, 130, '微信团队', '大家好，我是本群的新成员', 0, '', 0, '2019-05-15 14:32:20', '2019-05-15 14:32:20');
INSERT INTO `member` VALUES (546, 471, 132, '沉默的妄想者', '大家好，我是后台组的黄钰朝', 0, '', 0, '2019-05-15 15:17:50', '2019-05-15 15:17:50');
INSERT INTO `member` VALUES (548, 473, 134, '游客', '大家好，我是本群的新成员', 0, '', 0, '2019-05-16 13:35:26', '2019-05-16 13:35:26');
INSERT INTO `member` VALUES (549, 0, 134, '微信团队', '大家好，我是本群的新成员', 0, '', 0, '2019-05-16 13:35:26', '2019-05-16 13:35:26');
INSERT INTO `member` VALUES (551, 474, 135, '游客', '大家好，我是本群的新成员', 0, '', 0, '2019-05-16 13:38:06', '2019-05-16 13:38:06');
INSERT INTO `member` VALUES (552, 0, 135, '微信团队', '大家好，我是本群的新成员', 0, '', 0, '2019-05-16 13:38:06', '2019-05-16 13:38:06');
INSERT INTO `member` VALUES (556, 475, 137, '游客', '大家好，我是本群的新成员', 0, '', 0, '2019-05-16 16:33:10', '2019-05-16 16:33:10');
INSERT INTO `member` VALUES (557, 0, 137, '微信团队', '大家好，我是本群的新成员', 0, '', 0, '2019-05-16 16:33:10', '2019-05-16 16:33:10');
INSERT INTO `member` VALUES (561, 476, 139, '游客', '大家好，我是本群的新成员', 0, '', 0, '2019-05-16 17:02:26', '2019-05-16 17:02:26');
INSERT INTO `member` VALUES (562, 0, 139, '微信团队', '大家好，我是本群的新成员', 0, '', 0, '2019-05-16 17:02:26', '2019-05-16 17:02:26');
INSERT INTO `member` VALUES (566, 477, 141, 'visitorFDSF@fsjadf.com', '大家好，我是本群的新成员', 0, '', 0, '2019-05-16 17:14:02', '2019-05-16 17:14:02');
INSERT INTO `member` VALUES (567, 0, 141, '微信团队', '大家好，我是本群的新成员', 0, '', 0, '2019-05-16 17:14:02', '2019-05-16 17:14:02');
INSERT INTO `member` VALUES (571, 478, 143, 'visitorFDfSF@fsjadf.com', '大家好，我是本群的新成员', 0, '', 0, '2019-05-16 17:16:05', '2019-05-16 17:16:05');
INSERT INTO `member` VALUES (572, 0, 143, '微信团队', '大家好，我是本群的新成员', 0, '', 0, '2019-05-16 17:16:05', '2019-05-16 17:16:05');
INSERT INTO `member` VALUES (576, 479, 145, 'sad@fd.vo', '大家好，我是本群的新成员', 0, '', 0, '2019-05-16 17:16:21', '2019-05-16 17:16:21');
INSERT INTO `member` VALUES (577, 0, 145, '微信团队', '大家好，我是本群的新成员', 0, '', 0, '2019-05-16 17:16:21', '2019-05-16 17:16:21');
INSERT INTO `member` VALUES (581, 480, 147, 'fsdaf@fad.csad', '大家好，我是本群的新成员', 0, '', 0, '2019-05-16 17:19:18', '2019-05-16 17:19:18');
INSERT INTO `member` VALUES (582, 0, 147, '微信团队', '大家好，我是本群的新成员', 0, '', 0, '2019-05-16 17:19:18', '2019-05-16 17:19:18');
INSERT INTO `member` VALUES (586, 481, 149, '游客', '大家好，我是本群的新成员', 0, '', 0, '2019-05-16 17:22:21', '2019-05-16 17:22:21');
INSERT INTO `member` VALUES (587, 0, 149, '微信团队', '大家好，我是本群的新成员', 0, '', 0, '2019-05-16 17:22:21', '2019-05-16 17:22:21');
INSERT INTO `member` VALUES (591, 482, 151, '游客', '大家好，我是本群的新成员', 0, '', 0, '2019-05-16 18:31:34', '2019-05-16 18:31:34');
INSERT INTO `member` VALUES (592, 0, 151, '微信团队', '大家好，我是本群的新成员', 0, '', 0, '2019-05-16 18:31:34', '2019-05-16 18:31:34');
INSERT INTO `member` VALUES (596, 483, 153, '游客', '大家好，我是本群的新成员', 0, '', 0, '2019-05-16 18:32:26', '2019-05-16 18:32:26');
INSERT INTO `member` VALUES (597, 0, 153, '微信团队', '大家好，我是本群的新成员', 0, '', 0, '2019-05-16 18:32:26', '2019-05-16 18:32:26');
INSERT INTO `member` VALUES (601, 484, 155, '游客', '大家好，我是本群的新成员', 0, '', 0, '2019-05-16 18:33:04', '2019-05-16 18:33:04');
INSERT INTO `member` VALUES (602, 0, 155, '微信团队', '大家好，我是本群的新成员', 0, '', 0, '2019-05-16 18:33:04', '2019-05-16 18:33:04');
INSERT INTO `member` VALUES (606, 485, 157, '游客', '大家好，我是本群的新成员', 0, '', 0, '2019-05-16 18:45:59', '2019-05-16 18:45:59');
INSERT INTO `member` VALUES (607, 0, 157, '微信团队', '大家好，我是本群的新成员', 0, '', 0, '2019-05-16 18:45:59', '2019-05-16 18:45:59');
INSERT INTO `member` VALUES (611, 486, 159, '游客', '大家好，我是本群的新成员', 0, '', 0, '2019-05-16 19:02:04', '2019-05-16 19:02:04');
INSERT INTO `member` VALUES (612, 0, 159, '微信团队', '大家好，我是本群的新成员', 0, '', 0, '2019-05-16 19:02:04', '2019-05-16 19:02:04');
INSERT INTO `member` VALUES (616, 487, 161, '游客', '大家好，我是本群的新成员', 0, '', 0, '2019-05-16 19:13:00', '2019-05-16 19:13:00');
INSERT INTO `member` VALUES (617, 0, 161, '微信团队', '大家好，我是本群的新成员', 0, '', 0, '2019-05-16 19:13:00', '2019-05-16 19:13:00');
INSERT INTO `member` VALUES (621, 488, 163, '游客', '大家好，我是本群的新成员', 0, '', 0, '2019-05-16 19:14:28', '2019-05-16 19:14:28');
INSERT INTO `member` VALUES (622, 0, 163, '微信团队', '大家好，我是本群的新成员', 0, '', 0, '2019-05-16 19:14:28', '2019-05-16 19:14:28');
INSERT INTO `member` VALUES (626, 489, 165, '游客', '大家好，我是本群的新成员', 0, '', 0, '2019-05-16 19:19:14', '2019-05-16 19:19:14');
INSERT INTO `member` VALUES (627, 0, 165, '微信团队', '大家好，我是本群的新成员', 0, '', 0, '2019-05-16 19:19:14', '2019-05-16 19:19:14');
INSERT INTO `member` VALUES (631, 490, 167, '游客', '大家好，我是本群的新成员', 0, '', 0, '2019-05-16 19:57:38', '2019-05-16 19:57:38');
INSERT INTO `member` VALUES (632, 0, 167, '微信团队', '大家好，我是本群的新成员', 0, '', 0, '2019-05-16 19:57:38', '2019-05-16 19:57:38');
INSERT INTO `member` VALUES (636, 491, 169, '游客', '大家好，我是本群的新成员', 0, '', 0, '2019-05-16 19:57:55', '2019-05-16 19:57:55');
INSERT INTO `member` VALUES (637, 0, 169, '微信团队', '大家好，我是本群的新成员', 0, '', 0, '2019-05-16 19:57:55', '2019-05-16 19:57:55');
INSERT INTO `member` VALUES (641, 492, 171, '游客', '大家好，我是本群的新成员', 0, '', 0, '2019-05-17 15:14:07', '2019-05-17 15:14:07');
INSERT INTO `member` VALUES (642, 0, 171, '微信团队', '大家好，我是本群的新成员', 0, '', 0, '2019-05-17 15:14:07', '2019-05-17 15:14:07');
INSERT INTO `member` VALUES (646, 493, 173, '游客', '大家好，我是本群的新成员', 0, '', 0, '2019-05-17 15:14:15', '2019-05-17 15:14:15');
INSERT INTO `member` VALUES (647, 0, 173, '微信团队', '大家好，我是本群的新成员', 0, '', 0, '2019-05-17 15:14:15', '2019-05-17 15:14:15');
INSERT INTO `member` VALUES (651, 494, 175, '游客', '大家好，我是本群的新成员', 0, '', 0, '2019-05-17 15:17:19', '2019-05-17 15:17:19');
INSERT INTO `member` VALUES (652, 0, 175, '微信团队', '大家好，我是本群的新成员', 0, '', 0, '2019-05-17 15:17:19', '2019-05-17 15:17:19');
INSERT INTO `member` VALUES (657, 210, 178, '我是科比学徒', '爱的色放', 0, '', 0, '2019-05-17 18:16:26', '2019-05-17 18:16:26');
INSERT INTO `member` VALUES (658, 210, 179, '我是科比学徒', '大家好，我是本群的新成员', 0, '', 0, '2019-05-17 19:34:24', '2019-05-17 19:34:24');
INSERT INTO `member` VALUES (660, 495, 180, '游客', '大家好，我是本群的新成员', 0, '', 0, '2019-05-17 20:30:48', '2019-05-17 20:30:48');
INSERT INTO `member` VALUES (661, 0, 180, '微信团队', '大家好，我是本群的新成员', 0, '', 0, '2019-05-17 20:30:48', '2019-05-17 20:30:48');
INSERT INTO `member` VALUES (665, 496, 182, '游客', '大家好，我是本群的新成员', 0, '', 0, '2019-05-17 21:57:45', '2019-05-17 21:57:45');
INSERT INTO `member` VALUES (666, 0, 182, '微信团队', '大家好，我是本群的新成员', 0, '', 0, '2019-05-17 21:57:45', '2019-05-17 21:57:45');
INSERT INTO `member` VALUES (670, 497, 184, '游客', '大家好，我是本群的新成员', 0, '', 0, '2019-05-17 21:59:10', '2019-05-17 21:59:10');
INSERT INTO `member` VALUES (671, 0, 184, '微信团队', '大家好，我是本群的新成员', 0, '', 0, '2019-05-17 21:59:10', '2019-05-17 21:59:10');
INSERT INTO `member` VALUES (675, 498, 186, '游客', '大家好，我是本群的新成员', 0, '', 0, '2019-05-17 22:02:41', '2019-05-17 22:02:41');
INSERT INTO `member` VALUES (676, 0, 186, '微信团队', '大家好，我是本群的新成员', 0, '', 0, '2019-05-17 22:02:41', '2019-05-17 22:02:41');
INSERT INTO `member` VALUES (680, 499, 188, 'test7@qq.com', '大家好，我是本群的新成员', 0, '', 0, '2019-05-17 22:03:19', '2019-05-17 22:03:19');
INSERT INTO `member` VALUES (681, 0, 188, '微信团队', '大家好，我是本群的新成员', 0, '', 0, '2019-05-17 22:03:19', '2019-05-17 22:03:19');
INSERT INTO `member` VALUES (685, 500, 190, '游客', '大家好，我是本群的新成员', 0, '', 0, '2019-05-17 22:13:03', '2019-05-17 22:13:03');
INSERT INTO `member` VALUES (686, 0, 190, '微信团队', '大家好，我是本群的新成员', 0, '', 0, '2019-05-17 22:13:03', '2019-05-17 22:13:03');
INSERT INTO `member` VALUES (690, 501, 192, '游客', '大家好，我是本群的新成员', 0, '', 0, '2019-05-17 22:54:56', '2019-05-17 22:54:56');
INSERT INTO `member` VALUES (691, 0, 192, '微信团队', '大家好，我是本群的新成员', 0, '', 0, '2019-05-17 22:54:56', '2019-05-17 22:54:56');
INSERT INTO `member` VALUES (695, 502, 194, '游客', '大家好，我是本群的新成员', 0, '', 0, '2019-05-17 23:17:14', '2019-05-17 23:17:14');
INSERT INTO `member` VALUES (696, 0, 194, '微信团队', '大家好，我是本群的新成员', 0, '', 0, '2019-05-17 23:17:14', '2019-05-17 23:17:14');
INSERT INTO `member` VALUES (701, 503, 196, '游客', '大家好，我是本群的新成员', 0, '', 0, '2019-05-17 23:17:24', '2019-05-17 23:17:24');
INSERT INTO `member` VALUES (702, 0, 196, '微信团队', '大家好，我是本群的新成员', 0, '', 0, '2019-05-17 23:17:24', '2019-05-17 23:17:24');
INSERT INTO `member` VALUES (703, 504, 197, '游客', '大家好，我是本群的新成员', 0, '', 0, '2019-05-17 23:17:24', '2019-05-17 23:17:24');
INSERT INTO `member` VALUES (704, 0, 197, '微信团队', '大家好，我是本群的新成员', 0, '', 0, '2019-05-17 23:17:24', '2019-05-17 23:17:24');
INSERT INTO `member` VALUES (710, 505, 200, '游客', '大家好，我是本群的新成员', 0, '', 0, '2019-05-17 23:21:38', '2019-05-17 23:21:38');
INSERT INTO `member` VALUES (711, 0, 200, '微信团队', '大家好，我是本群的新成员', 0, '', 0, '2019-05-17 23:21:38', '2019-05-17 23:21:38');
INSERT INTO `member` VALUES (715, 506, 202, 'test8@qq.com', '大家好，我是本群的新成员', 0, '', 0, '2019-05-17 23:30:42', '2019-05-17 23:30:42');
INSERT INTO `member` VALUES (716, 0, 202, '微信团队', '大家好，我是本群的新成员', 0, '', 0, '2019-05-17 23:30:42', '2019-05-17 23:30:42');
INSERT INTO `member` VALUES (720, 507, 204, 'test9@qq.com', '大家好，我是本群的新成员', 0, '', 0, '2019-05-17 23:31:21', '2019-05-17 23:31:21');
INSERT INTO `member` VALUES (721, 0, 204, '微信团队', '大家好，我是本群的新成员', 0, '', 0, '2019-05-17 23:31:21', '2019-05-17 23:31:21');
INSERT INTO `member` VALUES (725, 508, 206, '游客', '大家好，我是本群的新成员', 0, '', 0, '2019-05-17 23:31:59', '2019-05-17 23:31:59');
INSERT INTO `member` VALUES (726, 0, 206, '微信团队', '大家好，我是本群的新成员', 0, '', 0, '2019-05-17 23:31:59', '2019-05-17 23:31:59');
INSERT INTO `member` VALUES (730, 509, 208, '游客', '大家好，我是本群的新成员', 0, '', 0, '2019-05-18 10:56:15', '2019-05-18 10:56:15');
INSERT INTO `member` VALUES (731, 0, 208, '微信团队', '大家好，我是本群的新成员', 0, '', 0, '2019-05-18 10:56:15', '2019-05-18 10:56:15');
INSERT INTO `member` VALUES (735, 510, 210, '游客', '大家好，我是本群的新成员', 0, '', 0, '2019-05-18 10:57:27', '2019-05-18 10:57:27');
INSERT INTO `member` VALUES (736, 0, 210, '微信团队', '大家好，我是本群的新成员', 0, '', 0, '2019-05-18 10:57:28', '2019-05-18 10:57:28');
INSERT INTO `member` VALUES (740, 512, 213, '游客', '大家好，我是本群的新成员', 0, '', 0, '2019-05-18 11:03:35', '2019-05-18 11:03:35');
INSERT INTO `member` VALUES (741, 0, 213, '微信团队', '大家好，我是本群的新成员', 0, '', 0, '2019-05-18 11:03:35', '2019-05-18 11:03:35');
INSERT INTO `member` VALUES (745, 513, 215, 'test10@qq.com', '大家好，我是本群的新成员', 0, '', 0, '2019-05-18 11:05:57', '2019-05-18 11:05:57');
INSERT INTO `member` VALUES (746, 0, 215, '微信团队', '大家好，我是本群的新成员', 0, '', 0, '2019-05-18 11:05:57', '2019-05-18 11:05:57');
INSERT INTO `member` VALUES (750, 514, 217, 'test11@qq.com', '大家好，我是本群的新成员', 0, '', 0, '2019-05-18 11:07:09', '2019-05-18 11:07:09');
INSERT INTO `member` VALUES (751, 0, 217, '微信团队', '大家好，我是本群的新成员', 0, '', 0, '2019-05-18 11:07:09', '2019-05-18 11:07:09');
INSERT INTO `member` VALUES (755, 515, 219, 'test12@qq.com', '大家好，我是本群的新成员', 0, '', 0, '2019-05-18 11:07:34', '2019-05-18 11:07:34');
INSERT INTO `member` VALUES (756, 0, 219, '微信团队', '大家好，我是本群的新成员', 0, '', 0, '2019-05-18 11:07:34', '2019-05-18 11:07:34');
INSERT INTO `member` VALUES (760, 516, 221, 'test13@qq.com', '大家好，我是本群的新成员', 0, '', 0, '2019-05-18 11:08:33', '2019-05-18 11:08:33');
INSERT INTO `member` VALUES (761, 0, 221, '微信团队', '大家好，我是本群的新成员', 0, '', 0, '2019-05-18 11:08:33', '2019-05-18 11:08:33');
INSERT INTO `member` VALUES (765, 517, 223, '游客', '大家好，我是本群的新成员', 0, '', 0, '2019-05-18 11:09:21', '2019-05-18 11:09:21');
INSERT INTO `member` VALUES (766, 0, 223, '微信团队', '大家好，我是本群的新成员', 0, '', 0, '2019-05-18 11:09:21', '2019-05-18 11:09:21');
INSERT INTO `member` VALUES (770, 518, 225, 'test14@qq.com', '大家好，我是本群的新成员', 0, '', 0, '2019-05-18 11:09:45', '2019-05-18 11:09:45');
INSERT INTO `member` VALUES (771, 0, 225, '微信团队', '大家好，我是本群的新成员', 0, '', 0, '2019-05-18 11:09:45', '2019-05-18 11:09:45');
INSERT INTO `member` VALUES (775, 519, 227, 'test15@qq.com', '大家好，我是本群的新成员', 0, '', 0, '2019-05-18 11:22:51', '2019-05-18 11:22:51');
INSERT INTO `member` VALUES (776, 0, 227, '微信团队', '大家好，我是本群的新成员', 0, '', 0, '2019-05-18 11:22:51', '2019-05-18 11:22:51');
INSERT INTO `member` VALUES (780, 520, 229, '游客', '大家好，我是本群的新成员', 0, '', 0, '2019-05-18 11:24:19', '2019-05-18 11:24:19');
INSERT INTO `member` VALUES (781, 0, 229, '微信团队', '大家好，我是本群的新成员', 0, '', 0, '2019-05-18 11:24:19', '2019-05-18 11:24:19');
INSERT INTO `member` VALUES (785, 521, 231, 'test16@qq.com', '大家好，我是本群的新成员', 0, '', 0, '2019-05-18 11:25:12', '2019-05-18 11:25:12');
INSERT INTO `member` VALUES (786, 0, 231, '微信团队', '大家好，我是本群的新成员', 0, '', 0, '2019-05-18 11:25:12', '2019-05-18 11:25:12');
INSERT INTO `member` VALUES (790, 522, 233, 'test17@qq.com', '大家好，我是本群的新成员', 0, '', 0, '2019-05-18 11:36:46', '2019-05-18 11:36:46');
INSERT INTO `member` VALUES (791, 0, 233, '微信团队', '大家好，我是本群的新成员', 0, '', 0, '2019-05-18 11:36:46', '2019-05-18 11:36:46');
INSERT INTO `member` VALUES (795, 523, 235, 'test18@qq.com', '大家好，我是本群的新成员', 0, '', 0, '2019-05-18 12:17:24', '2019-05-18 12:17:24');
INSERT INTO `member` VALUES (796, 0, 235, '微信团队', '大家好，我是本群的新成员', 0, '', 0, '2019-05-18 12:17:24', '2019-05-18 12:17:24');
INSERT INTO `member` VALUES (800, 524, 237, 'test19@qq.com', '大家好，我是本群的新成员', 0, '', 0, '2019-05-18 12:19:25', '2019-05-18 12:19:25');
INSERT INTO `member` VALUES (801, 0, 237, '微信团队', '大家好，我是本群的新成员', 0, '', 0, '2019-05-18 12:19:25', '2019-05-18 12:19:25');
INSERT INTO `member` VALUES (805, 525, 239, 'test20@qq.com', '大家好，我是本群的新成员', 0, '', 0, '2019-05-18 12:20:18', '2019-05-18 12:20:18');
INSERT INTO `member` VALUES (806, 0, 239, '微信团队', '大家好，我是本群的新成员', 0, '', 0, '2019-05-18 12:20:18', '2019-05-18 12:20:18');
INSERT INTO `member` VALUES (810, 526, 241, '游客', '大家好，我是本群的新成员', 0, '', 0, '2019-05-18 12:23:26', '2019-05-18 12:23:26');
INSERT INTO `member` VALUES (811, 0, 241, '微信团队', '大家好，我是本群的新成员', 0, '', 0, '2019-05-18 12:23:26', '2019-05-18 12:23:26');
INSERT INTO `member` VALUES (815, 527, 243, '游客', '大家好，我是本群的新成员', 0, '', 0, '2019-05-18 12:23:57', '2019-05-18 12:23:57');
INSERT INTO `member` VALUES (816, 0, 243, '微信团队', '大家好，我是本群的新成员', 0, '', 0, '2019-05-18 12:23:57', '2019-05-18 12:23:57');
INSERT INTO `member` VALUES (818, 528, 244, '游客', '大家好，我是本群的新成员', 0, '', 0, '2019-05-18 12:24:06', '2019-05-18 12:24:06');
INSERT INTO `member` VALUES (819, 0, 244, '微信团队', '大家好，我是本群的新成员', 0, '', 0, '2019-05-18 12:24:06', '2019-05-18 12:24:06');
INSERT INTO `member` VALUES (821, 1, 0, '黄钰朝(开发者账号)', '', 0, '', 0, '2019-05-18 12:54:26', '2019-05-18 12:54:26');
INSERT INTO `member` VALUES (822, 529, 0, 'test21@qq.com', '大家好，我是本群的新成员', 0, '', 0, '2019-05-18 13:30:21', '2019-05-18 13:30:21');
INSERT INTO `member` VALUES (823, 529, 245, 'test21@qq.com', '大家好，我是本群的新成员', 0, '', 0, '2019-05-18 13:30:21', '2019-05-18 13:30:21');
INSERT INTO `member` VALUES (824, 0, 245, '微信团队', '大家好，我是本群的新成员', 0, '', 0, '2019-05-18 13:30:21', '2019-05-18 13:30:21');
INSERT INTO `member` VALUES (825, 529, 246, 'test21@qq.com', '大家好，我是本群的新成员', 0, '', 0, '2019-05-18 13:30:21', '2019-05-18 13:30:21');
INSERT INTO `member` VALUES (826, 1, 246, '黄钰朝(开发者账号)', '大家好，我是本群的新成员', 0, '', 0, '2019-05-18 13:30:21', '2019-05-18 13:30:21');

-- ----------------------------
-- Table structure for message
-- ----------------------------
DROP TABLE IF EXISTS `message`;
CREATE TABLE `message`  (
  `id` bigint(10) UNSIGNED NOT NULL AUTO_INCREMENT COMMENT '主键',
  `sender_id` bigint(10) UNSIGNED NOT NULL COMMENT '发送者id',
  `chat_id` bigint(10) UNSIGNED NOT NULL COMMENT '聊天id',
  `content` varchar(255) CHARACTER SET utf8 COLLATE utf8_general_ci NOT NULL DEFAULT '' COMMENT '消息内容',
  `type` varchar(10) CHARACTER SET utf8 COLLATE utf8_general_ci NOT NULL DEFAULT '' COMMENT '消息类型',
  `time` timestamp(6) NOT NULL DEFAULT CURRENT_TIMESTAMP(6) COMMENT '发送时间',
  `status` smallint(1) UNSIGNED NOT NULL DEFAULT 0 COMMENT '状态',
  `gmt_create` datetime(0) NOT NULL DEFAULT CURRENT_TIMESTAMP(0) COMMENT '创建时间',
  `gmt_modified` datetime(0) NOT NULL DEFAULT CURRENT_TIMESTAMP(0) ON UPDATE CURRENT_TIMESTAMP(0) COMMENT '修改时间',
  PRIMARY KEY (`id`) USING BTREE,
  INDEX `fk_user_id_3`(`sender_id`) USING BTREE,
  INDEX `fk_chat_id_4`(`chat_id`) USING BTREE,
  CONSTRAINT `fk_chat_id_4` FOREIGN KEY (`chat_id`) REFERENCES `chat` (`id`) ON DELETE CASCADE ON UPDATE CASCADE,
  CONSTRAINT `fk_user_id_3` FOREIGN KEY (`sender_id`) REFERENCES `user` (`id`) ON DELETE CASCADE ON UPDATE CASCADE
) ENGINE = InnoDB AUTO_INCREMENT = 788 CHARACTER SET = utf8 COLLATE = utf8_general_ci ROW_FORMAT = Dynamic;

-- ----------------------------
-- Records of message
-- ----------------------------
INSERT INTO `message` VALUES (260, 210, 0, '巧了', 'user', '2019-05-10 11:50:21.225000', 0, '2019-05-10 11:50:22', '2019-05-10 11:50:22');
INSERT INTO `message` VALUES (261, 210, 0, '我也是游客', 'user', '2019-05-10 11:50:25.860000', 0, '2019-05-10 11:50:28', '2019-05-10 11:50:28');
INSERT INTO `message` VALUES (560, 430, 0, '群里有人吗', 'user', '2019-05-13 23:20:37.185000', 0, '2019-05-13 23:20:37', '2019-05-13 23:20:37');
INSERT INTO `message` VALUES (561, 430, 0, '在吗', 'user', '2019-05-13 23:20:43.677000', 0, '2019-05-13 23:20:44', '2019-05-13 23:20:44');
INSERT INTO `message` VALUES (566, 430, 0, '有吗', 'user', '2019-05-13 23:22:49.037000', 0, '2019-05-13 23:22:49', '2019-05-13 23:22:49');
INSERT INTO `message` VALUES (567, 0, 99, '在吗', 'user', '2019-05-13 23:23:28.133000', 0, '2019-05-13 23:23:27', '2019-05-13 23:23:27');
INSERT INTO `message` VALUES (576, 0, 99, '在吗', 'user', '2019-05-13 23:40:11.046000', 0, '2019-05-13 23:40:11', '2019-05-13 23:40:11');
INSERT INTO `message` VALUES (577, 210, 0, '[文件：打开CMD命令行.bat]', 'user', '2019-05-14 11:54:12.343000', 0, '2019-05-14 11:54:12', '2019-05-14 11:54:12');
INSERT INTO `message` VALUES (578, 210, 0, '[文件：打开CMD命令行.bat]', 'user', '2019-05-14 11:55:10.955000', 0, '2019-05-14 11:55:11', '2019-05-14 11:55:11');
INSERT INTO `message` VALUES (579, 210, 0, '文件', 'user', '2019-05-14 11:55:42.719000', 0, '2019-05-14 11:55:43', '2019-05-14 11:55:43');
INSERT INTO `message` VALUES (580, 210, 0, '文件', 'user', '2019-05-14 11:55:46.119000', 0, '2019-05-14 11:55:46', '2019-05-14 11:55:46');
INSERT INTO `message` VALUES (581, 210, 0, '文件', 'user', '2019-05-14 11:56:11.049000', 0, '2019-05-14 11:56:10', '2019-05-14 11:56:10');
INSERT INTO `message` VALUES (582, 210, 0, 'll', 'user', '2019-05-14 11:57:39.855000', 0, '2019-05-14 11:57:39', '2019-05-14 11:57:39');
INSERT INTO `message` VALUES (583, 210, 0, '下载vue的LOGO', 'user', '2019-05-14 11:58:29.665000', 0, '2019-05-14 11:58:29', '2019-05-14 11:58:29');
INSERT INTO `message` VALUES (584, 210, 0, '<a href=\"https://vuejs.org/images/logo.png\" download=\"2017.png\">下载 vue 的 LOGO</a>', 'user', '2019-05-14 12:38:45.272000', 0, '2019-05-14 12:38:44', '2019-05-14 12:38:44');
INSERT INTO `message` VALUES (585, 210, 0, '    <img id=\"background\" src=\"${pageContext.request.contextPath}/upload/photo/${login.chatBackground}\"\n         style=\"position: absolute;height: 100%;width: 100%\">', 'user', '2019-05-14 12:39:26.054000', 0, '2019-05-14 12:39:25', '2019-05-14 12:39:25');
INSERT INTO `message` VALUES (586, 210, 0, '<img src=\"/wechat/upload/photo/16c80bc4e99040d88f2ff9c5efe83da5.png\" class=\"menu-head-img\" onclick=\"showWindowOnRight(\'user-info-box\')\">', 'user', '2019-05-14 12:40:07.484000', 0, '2019-05-14 12:40:06', '2019-05-14 12:40:06');
INSERT INTO `message` VALUES (587, 210, 0, '<img src=\"/wechat/upload/photo/16c80bc4e99040d88f2ff9c5efe83da5.png\" class=\"menu-head-img\" onclick=\"showWindowOnRight(\'user-info-box\')\">', 'user', '2019-05-14 12:40:23.911000', 0, '2019-05-14 12:40:23', '2019-05-14 12:40:23');
INSERT INTO `message` VALUES (588, 210, 0, '<img style=\"height=1000px;\" src=\"/wechat/upload/photo/16c80bc4e99040d88f2ff9c5efe83da5.png\" class=\"menu-head-img\" onclick=\"showWindowOnRight(\'user-info-box\')\">', 'user', '2019-05-14 12:40:49.630000', 0, '2019-05-14 12:40:48', '2019-05-14 12:40:48');
INSERT INTO `message` VALUES (589, 210, 0, '<img style=\"height:1000px;\" src=\"/wechat/upload/photo/16c80bc4e99040d88f2ff9c5efe83da5.png\" class=\"menu-head-img\" onclick=\"showWindowOnRight(\'user-info-box\')\">', 'user', '2019-05-14 12:44:08.613000', 0, '2019-05-14 12:44:07', '2019-05-14 12:44:07');
INSERT INTO `message` VALUES (590, 210, 0, '<img style=\"height:1000px;width:1000px;\" src=\"/wechat/upload/photo/16c80bc4e99040d88f2ff9c5efe83da5.png\" class=\"menu-head-img\" onclick=\"showWindowOnRight(\'user-info-box\')\">', 'user', '2019-05-14 12:44:31.080000', 0, '2019-05-14 12:44:30', '2019-05-14 12:44:30');
INSERT INTO `message` VALUES (591, 210, 0, '[文件：打开CMD命令行.bat]', 'user', '2019-05-14 13:05:04.753000', 0, '2019-05-14 13:05:04', '2019-05-14 13:05:04');
INSERT INTO `message` VALUES (592, 210, 0, '[文件：打开CMD命令行.bat]', 'user', '2019-05-14 13:21:54.413000', 0, '2019-05-14 13:21:53', '2019-05-14 13:21:53');
INSERT INTO `message` VALUES (593, 210, 0, 'fd', 'user', '2019-05-14 13:23:22.598000', 0, '2019-05-14 13:23:21', '2019-05-14 13:23:21');
INSERT INTO `message` VALUES (594, 210, 0, '[文件：打开CMD命令行.bat]\n', 'user', '2019-05-14 13:25:44.140000', 0, '2019-05-14 13:25:43', '2019-05-14 13:25:43');
INSERT INTO `message` VALUES (595, 210, 0, '[文件：打开CMD命令行.bat]\n', 'user', '2019-05-14 13:36:09.381000', 0, '2019-05-14 13:36:08', '2019-05-14 13:36:08');
INSERT INTO `message` VALUES (596, 210, 0, '<a href=\"https://localhost:8080/wechat/upload/file/undefined\" download=\"recovery-twrp一键刷入工具.bat\">下载</a>', 'file', '2019-05-14 13:39:12.616000', 0, '2019-05-14 13:39:11', '2019-05-14 13:39:11');
INSERT INTO `message` VALUES (597, 210, 0, '<a href=\"https://localhost:8080/wechat/upload/file/undefined\" download=\"打开CMD命令行.bat\">下载</a>', 'file', '2019-05-14 13:41:34.464000', 0, '2019-05-14 13:41:33', '2019-05-14 13:41:33');
INSERT INTO `message` VALUES (598, 210, 0, '<a href=\"https://localhost:8080/wechat/upload/file/undefined\" download=\"recovery-twrp一键刷入工具.bat\">下载</a>', 'file', '2019-05-14 13:42:43.874000', 0, '2019-05-14 13:42:42', '2019-05-14 13:42:42');
INSERT INTO `message` VALUES (599, 210, 0, '[文件：recovery-twrp一键刷入工具.bat]', 'user', '2019-05-14 13:47:07.665000', 0, '2019-05-14 13:47:07', '2019-05-14 13:47:07');
INSERT INTO `message` VALUES (600, 210, 0, '<a href=\"https://localhost:8080/wechat/upload/file/8c5461e4073248b4b21f1601df89675d.bat\" download=\"recovery-twrp一键刷入工具.bat\">下载</a>', 'file', '2019-05-14 13:48:31.826000', 0, '2019-05-14 13:48:31', '2019-05-14 13:48:31');
INSERT INTO `message` VALUES (601, 210, 0, 'aa', 'user', '2019-05-14 13:49:21.209000', 0, '2019-05-14 13:49:20', '2019-05-14 13:49:20');
INSERT INTO `message` VALUES (602, 210, 0, 'a', 'user', '2019-05-14 13:50:17.750000', 0, '2019-05-14 13:50:17', '2019-05-14 13:50:17');
INSERT INTO `message` VALUES (603, 210, 0, 'dd', 'user', '2019-05-14 13:51:53.547000', 0, '2019-05-14 13:51:52', '2019-05-14 13:51:52');
INSERT INTO `message` VALUES (604, 210, 0, '<a href=\"https://localhost:8080/wechat/upload/file/36bdadd69eeb44138a0592a554a8968d.bat\" download=\"recovery-twrp一键刷入工具.bat\">下载</a>', 'file', '2019-05-14 13:52:00.316000', 0, '2019-05-14 13:51:59', '2019-05-14 13:51:59');
INSERT INTO `message` VALUES (605, 210, 0, '[文件：打开CMD命令行.bat]wenjian', 'file', '2019-05-14 13:52:32.207000', 0, '2019-05-14 13:52:31', '2019-05-14 13:52:31');
INSERT INTO `message` VALUES (606, 210, 0, 'a', 'user', '2019-05-14 13:52:37.812000', 0, '2019-05-14 13:52:36', '2019-05-14 13:52:36');
INSERT INTO `message` VALUES (607, 210, 0, '[文件：recovery-twrp一键刷入工具.bat]wenjian', 'file', '2019-05-14 13:53:10.044000', 0, '2019-05-14 13:53:08', '2019-05-14 13:53:08');
INSERT INTO `message` VALUES (608, 210, 0, 'sdasfasd[文件：打开CMD命令行.bat]wenjian', 'file', '2019-05-14 13:53:34.839000', 0, '2019-05-14 13:53:33', '2019-05-14 13:53:33');
INSERT INTO `message` VALUES (609, 210, 0, 'fsa[文件：recovery-twrp一键刷入工具.bat]wenjian', 'file', '2019-05-14 13:54:22.597000', 0, '2019-05-14 13:54:21', '2019-05-14 13:54:21');
INSERT INTO `message` VALUES (610, 210, 0, 'zz[文件：打开CMD命令行.bat]wenjian', 'user', '2019-05-14 13:55:27.405000', 0, '2019-05-14 13:55:26', '2019-05-14 13:55:26');
INSERT INTO `message` VALUES (611, 210, 0, '[文件：打开CMD命令行.bat]<a href=\"https://localhost:8080/wechat/upload/file/13bc9964678243f08205b826e7f4742d.bat\" download=\"打开CMD命令行.bat\">下载</a>', 'user', '2019-05-14 13:57:18.630000', 0, '2019-05-14 13:57:17', '2019-05-14 13:57:17');
INSERT INTO `message` VALUES (612, 210, 0, '[文件：打开CMD命令行.bat]<a href=\"https://localhost:8080/wechat/upload/file/e3048f195fbf4e3f9fc7f858a020f76a.bat\" download=\"打开CMD命令行.bat\">下载</a>', 'user', '2019-05-14 13:58:44.370000', 0, '2019-05-14 13:58:43', '2019-05-14 13:58:43');
INSERT INTO `message` VALUES (613, 210, 0, '[文件：AdbWinApi.dll]<a href=\"https://localhost:8080/wechat/upload/file/0e7868d3d40c40508df3e0607c204856.dll\" download=\"AdbWinApi.dll\">下载</a>', 'user', '2019-05-14 13:59:00.179000', 0, '2019-05-14 13:58:59', '2019-05-14 13:58:59');
INSERT INTO `message` VALUES (614, 210, 0, '[文件：AdbWinApi.dll]<a href=\"https://localhost:8080/wechat//wechat/upload/file/4bf537db69844db78f6eda602b84d5ea.dll\" download=\"AdbWinApi.dll\">下载</a>', 'user', '2019-05-14 13:59:49.743000', 0, '2019-05-14 13:59:49', '2019-05-14 13:59:49');
INSERT INTO `message` VALUES (615, 210, 0, '[文件：misc.bin]<a href=\"https://localhost:8080/wechat/wechat/upload/file/79a9e4d25e284b82809c546f1a681d8e.bin\" download=\"misc.bin\">下载</a>', 'user', '2019-05-14 14:00:25.222000', 0, '2019-05-14 14:00:24', '2019-05-14 14:00:24');
INSERT INTO `message` VALUES (616, 210, 0, '[文件：recovery-twrp一键刷入工具.bat]<a href=\"http://localhost:8080/wechat/wechat/upload/file/cd732c53e8b743f1a632a27db15369eb.bat\" download=\"recovery-twrp一键刷入工具.bat\">下载</a>', 'user', '2019-05-14 14:01:26.153000', 0, '2019-05-14 14:01:25', '2019-05-14 14:01:25');
INSERT INTO `message` VALUES (617, 210, 0, '[文件：fastboot.exe]<a href=\"http://localhost:8080/wechat/wechat/upload/file/3812c376b6c94aaca66724c6a66528a6.exe\" download=\"fastboot.exe\">下载</a>', 'file', '2019-05-14 14:07:01.995000', 0, '2019-05-14 14:07:01', '2019-05-14 14:07:01');
INSERT INTO `message` VALUES (618, 210, 0, '[文件：打开CMD命令行.bat]<ahref=http://localhost:8080/wechat/wechat/upload/file/6ae5c049f2dc4780841977c8014efd88.batdownload=打开CMD命令行.bat>下载</a>', 'file', '2019-05-14 14:40:40.707000', 0, '2019-05-14 14:40:40', '2019-05-14 14:40:40');
INSERT INTO `message` VALUES (619, 210, 0, '[文件：打开CMD命令行.bat]<ahref=http://localhost:8080/wechat/wechat/upload/file/41298be0547d414cb557155efafab4d7.batdownload=打开CMD命令行.bat>下载</a>', 'file', '2019-05-14 14:41:59.459000', 0, '2019-05-14 14:41:59', '2019-05-14 14:41:59');
INSERT INTO `message` VALUES (620, 210, 0, '<ahref=http://localhost:8080/wechat/wechat/upload/file/6c385f1b1b934fd5a357b747589ddde3.batdownload=打开CMD命令行.bat>下载</a>', 'file', '2019-05-14 14:42:58.739000', 0, '2019-05-14 14:42:58', '2019-05-14 14:42:58');
INSERT INTO `message` VALUES (621, 210, 0, '[文件：打开CMD命令行.bat]<ahref=\"http://localhost:8080/wechat/wechat/upload/file/1ec58a36986248ad8f0f651c6d543bdc.bat\"download=\"打开CMD命令行.bat\">下载</a>', 'file', '2019-05-14 14:43:53.797000', 0, '2019-05-14 14:43:53', '2019-05-14 14:43:53');
INSERT INTO `message` VALUES (622, 210, 0, '[文件：打开CMD命令行.bat]<a href=\"http://localhost:8080/wechat/wechat/upload/file/d48f37b40b834569841240923275dad6.bat\" download=\"打开CMD命令行.bat\">下载</a>', 'file', '2019-05-14 14:45:02.879000', 0, '2019-05-14 14:45:02', '2019-05-14 14:45:02');
INSERT INTO `message` VALUES (623, 210, 0, '[文件：recovery-twrp一键刷入工具.bat]<a href=\"http://localhost:8080/wechat/wechat/upload/file/3089670add894d9588092d074a41bc52.bat\" download=\"recovery-twrp一键刷入工具.bat\">下载</a>', 'file', '2019-05-14 14:47:48.647000', 0, '2019-05-14 14:47:48', '2019-05-14 14:47:48');
INSERT INTO `message` VALUES (624, 210, 0, '[文件：无标题.png]<a href=\"http://localhost:8080/wechat/wechat/upload/file/e5e421d99c3047d889bfceda73b59ebb.png\" download=\"无标题.png\">下载</a>', 'file', '2019-05-14 15:18:17.926000', 0, '2019-05-14 15:18:17', '2019-05-14 15:18:17');
INSERT INTO `message` VALUES (625, 210, 0, '[文件：无标题.png]<img src=\"/wechat/upload/photo/cb78151bba9142c5a67f87badaeef9d6.jpg\"\n         style=\"position: absolute;height: 100%;width: 100%;max-height:200px;max-width:200px;\">\n', 'file', '2019-05-14 15:19:27.283000', 0, '2019-05-14 15:19:27', '2019-05-14 15:19:27');
INSERT INTO `message` VALUES (626, 210, 0, '<img src=\"/wechat/upload/photo/cb78151bba9142c5a67f87badaeef9d6.jpg\"\n         style=\"height: 100%;width: 100%;max-height:200px;max-width:200px;\">\n', 'file', '2019-05-14 15:21:06.394000', 0, '2019-05-14 15:21:06', '2019-05-14 15:21:06');
INSERT INTO `message` VALUES (627, 210, 0, '<img src=\"/wechat/upload/file/cb78151bba9142c5a67f87badaeef9d6.jpg\"\n         style=\"height: 100%;width: 100%;max-height:200px;max-width:200px;\">\n', 'file', '2019-05-14 15:21:58.933000', 0, '2019-05-14 15:21:58', '2019-05-14 15:21:58');
INSERT INTO `message` VALUES (628, 210, 0, '[文件：无标题.png]<a href=\"http://localhost:8080/wechat/wechat/upload/file/5c764333c4174cc1a9dcaff8728c17ed.png\" download=\"无标题.png\">下载</a>', 'file', '2019-05-14 15:23:27.292000', 0, '2019-05-14 15:23:26', '2019-05-14 15:23:26');
INSERT INTO `message` VALUES (629, 210, 0, '<img src=\"http://localhost:8080/wechat/wechat/upload/file/8c45069927524dbb8ffeb4318e57b21e.png\"\n         style=\"height: 100%;width: 100%;max-height:200px;max-width:200px;\">\n', 'file', '2019-05-14 15:28:09.270000', 0, '2019-05-14 15:28:09', '2019-05-14 15:28:09');
INSERT INTO `message` VALUES (630, 210, 0, '<img src=\"/wechat/upload/file/be589c0773cb4e46bbb224650cd3b3aa.png\"\n         style=\"height: 100%;width: 100%;max-height:200px;max-width:200px;\">\n', 'file', '2019-05-14 15:29:33.698000', 0, '2019-05-14 15:29:33', '2019-05-14 15:29:33');
INSERT INTO `message` VALUES (631, 210, 0, '[文件：无标题.png]<a href=\"http://localhost:8080/wechat/wechat/upload/file/5b78b26f07a543a8bff246cde9cf1389.png\" download=\"无标题.png\">下载</a>', 'file', '2019-05-14 15:33:18.773000', 0, '2019-05-14 15:33:19', '2019-05-14 15:33:19');
INSERT INTO `message` VALUES (632, 210, 0, '[文件：3.C推荐书籍及C之歌.doc]<a href=\"http://localhost:8080/wechat/wechat/upload/file/66fcb570c5eb486189d4ec48b273e721.doc\" download=\"3.C推荐书籍及C之歌.doc\">下载</a>', 'file', '2019-05-14 15:34:04.506000', 0, '2019-05-14 15:34:04', '2019-05-14 15:34:04');
INSERT INTO `message` VALUES (633, 210, 0, '<img src=\"/wechat/upload/file/0463cc6bd8514fa0b287bff2c02618e5.jpg\"\n         style=\"height: 100%;width: 100%;max-height:200px;max-width:200px;\">\n', 'file', '2019-05-14 15:34:40.165000', 0, '2019-05-14 15:34:40', '2019-05-14 15:34:40');
INSERT INTO `message` VALUES (634, 210, 0, '<img src=\"/wechat/upload/file/ea794129daf14038ac8b536c8863e45d.png\"\n         style=\"height: 100%;width: 100%;max-height:200px;max-width:200px;\">\n', 'file', '2019-05-14 15:38:22.394000', 0, '2019-05-14 15:38:22', '2019-05-14 15:38:22');
INSERT INTO `message` VALUES (635, 210, 0, '<img src=\"/wechat/upload/file/2317312c890a44809abc987b222e2c74.png\"\n         style=\"height: 100%;width: 100%;max-height:200px;max-width:200px;\">\n', 'img', '2019-05-14 15:39:01.552000', 0, '2019-05-14 15:39:01', '2019-05-14 15:39:01');
INSERT INTO `message` VALUES (636, 210, 0, '<img src=\"/wechat/upload/file/85757b11d4c043b08adcf7998d460b91.jpg\"\n         style=\"height: 100%;width: 100%;max-height:200px;max-width:200px;\">\n', 'img', '2019-05-14 15:39:09.783000', 0, '2019-05-14 15:39:09', '2019-05-14 15:39:09');
INSERT INTO `message` VALUES (637, 210, 0, '<img src=\"/wechat/upload/file/5a63a4ea41e844ea8c98ade0a71c204d.png\"\n         style=\"height: 100%;width: 100%;max-height:200px;max-width:200px;\">\n', 'img', '2019-05-14 15:45:03.954000', 0, '2019-05-14 15:45:03', '2019-05-14 15:45:03');
INSERT INTO `message` VALUES (638, 210, 0, '<img src=\"/wechat/upload/file/6d160d2a8a6148898c156841c122003e.jpg\"\n         style=\"height: 100%;width: 100%;max-height:200px;max-width:200px;\">\n', 'img', '2019-05-14 15:45:18.622000', 0, '2019-05-14 15:45:18', '2019-05-14 15:45:18');
INSERT INTO `message` VALUES (639, 433, 0, '[文件：fastboot.exe]<a href=\"http://localhost:8080/wechat/wechat/upload/file/2ce3e2fe944a4e4d90f7ed9294d67824.exe\" download=\"fastboot.exe\">下载</a>', 'file', '2019-05-14 15:45:31.972000', 0, '2019-05-14 15:45:32', '2019-05-14 15:45:32');
INSERT INTO `message` VALUES (640, 445, 104, '', 'user', '2019-05-14 17:14:31.921000', 0, '2019-05-14 17:14:31', '2019-05-14 17:14:31');
INSERT INTO `message` VALUES (641, 446, 104, '', 'user', '2019-05-14 17:27:33.085000', 0, '2019-05-14 17:27:31', '2019-05-14 17:27:31');
INSERT INTO `message` VALUES (642, 447, 104, '', 'user', '2019-05-14 17:59:54.972000', 0, '2019-05-14 17:59:53', '2019-05-14 17:59:53');
INSERT INTO `message` VALUES (643, 448, 104, '', 'user', '2019-05-14 20:36:38.388000', 0, '2019-05-14 20:37:11', '2019-05-14 20:37:11');
INSERT INTO `message` VALUES (644, 449, 104, '', 'user', '2019-05-14 21:08:40.789000', 0, '2019-05-14 21:08:39', '2019-05-14 21:08:39');
INSERT INTO `message` VALUES (645, 449, 104, '', 'user', '2019-05-14 21:10:31.309000', 0, '2019-05-14 21:14:17', '2019-05-14 21:14:17');
INSERT INTO `message` VALUES (646, 450, 104, '大家好', 'user', '2019-05-14 21:16:16.674000', 0, '2019-05-14 21:16:20', '2019-05-14 21:16:20');
INSERT INTO `message` VALUES (647, 452, 104, 'aaa', 'user', '2019-05-14 21:50:35.041000', 0, '2019-05-14 21:50:36', '2019-05-14 21:50:36');
INSERT INTO `message` VALUES (648, 210, 104, 'jj', 'user', '2019-05-14 21:53:08.283000', 0, '2019-05-14 21:53:07', '2019-05-14 21:53:07');
INSERT INTO `message` VALUES (649, 210, 104, 'kk', 'user', '2019-05-14 21:53:14.179000', 0, '2019-05-14 21:53:14', '2019-05-14 21:53:14');
INSERT INTO `message` VALUES (650, 210, 104, 'kk', 'user', '2019-05-14 21:53:15.809000', 0, '2019-05-14 21:53:14', '2019-05-14 21:53:14');
INSERT INTO `message` VALUES (651, 210, 104, 'kk', 'user', '2019-05-14 21:53:16.800000', 0, '2019-05-14 21:53:15', '2019-05-14 21:53:15');
INSERT INTO `message` VALUES (652, 210, 104, 'kk', 'user', '2019-05-14 21:53:17.698000', 0, '2019-05-14 21:53:16', '2019-05-14 21:53:16');
INSERT INTO `message` VALUES (653, 210, 104, 'll', 'user', '2019-05-14 21:53:27.208000', 0, '2019-05-14 21:53:26', '2019-05-14 21:53:26');
INSERT INTO `message` VALUES (654, 454, 104, 'aaa', 'user', '2019-05-14 22:08:16.667000', 0, '2019-05-14 22:08:15', '2019-05-14 22:08:15');
INSERT INTO `message` VALUES (655, 455, 104, 'aaaaaa', 'user', '2019-05-14 22:12:20.821000', 0, '2019-05-14 22:12:19', '2019-05-14 22:12:19');
INSERT INTO `message` VALUES (656, 456, 104, 'bbbbb', 'user', '2019-05-14 22:21:29.525000', 0, '2019-05-14 22:21:28', '2019-05-14 22:21:28');
INSERT INTO `message` VALUES (657, 457, 104, 'ssss', 'user', '2019-05-14 22:30:15.636000', 0, '2019-05-14 22:30:14', '2019-05-14 22:30:14');
INSERT INTO `message` VALUES (658, 458, 104, 'qqq', 'user', '2019-05-14 23:15:58.794000', 0, '2019-05-14 23:15:58', '2019-05-14 23:15:58');
INSERT INTO `message` VALUES (659, 459, 104, 'wwww', 'user', '2019-05-14 23:29:25.389000', 0, '2019-05-14 23:29:24', '2019-05-14 23:29:24');
INSERT INTO `message` VALUES (660, 460, 104, 'hhh', 'user', '2019-05-14 23:36:40.589000', 0, '2019-05-14 23:36:39', '2019-05-14 23:36:39');
INSERT INTO `message` VALUES (661, 210, 98, '\n<img src=\"/wechat/upload/file/2e8e5c1a161b48a19a26aed7923fecbc.jpg\"\n         style=\"height: 100%;width: 100%;max-height:200px;max-width:200px;\">\n', 'img', '2019-05-15 03:45:17.304000', 0, '2019-05-15 03:45:17', '2019-05-15 03:45:17');
INSERT INTO `message` VALUES (662, 210, 98, '<img src=\"/wechat/upload/file/6cb9be68d8444eb9bbaecd639928e0b4.jpg\"\n         style=\"height: 100%;width: 100%;max-height:200px;max-width:200px;\">\n', 'img', '2019-05-15 03:45:22.297000', 0, '2019-05-15 03:45:22', '2019-05-15 03:45:22');
INSERT INTO `message` VALUES (663, 210, 98, '在吗', 'user', '2019-05-15 03:45:28.683000', 0, '2019-05-15 03:45:29', '2019-05-15 03:45:29');
INSERT INTO `message` VALUES (664, 463, 104, '大家好，我是游客1', 'user', '2019-05-15 05:47:55.044000', 0, '2019-05-15 05:47:55', '2019-05-15 05:47:55');
INSERT INTO `message` VALUES (665, 471, 0, '大家好，我是一名新用户', 'user', '2019-05-15 14:39:39.301000', 0, '2019-05-15 14:39:40', '2019-05-15 14:39:40');
INSERT INTO `message` VALUES (666, 471, 0, '<img src=\"/wechat/upload/file/94cc5382f7194b2895ae6257182e124a.png\"\n         style=\"height: 100%;width: 100%;max-height:200px;max-width:200px;\">\n', 'img', '2019-05-15 14:40:02.530000', 0, '2019-05-15 14:40:03', '2019-05-15 14:40:03');
INSERT INTO `message` VALUES (667, 471, 0, '[文件：Thinking in Java, Third Edition - Bruce Eckel.mobi]<a href=\"http://localhost:8080/wechat/wechat/upload/file/a1b2100533fb467b86462fbe14fc6811.mobi\" download=\"Thinking in Java, Third Edition - Bruce Eckel.mobi\">下载</a>', 'file', '2019-05-15 14:40:29.538000', 0, '2019-05-15 14:40:30', '2019-05-15 14:40:30');
INSERT INTO `message` VALUES (668, 471, 98, '好友申请：null', 'friend', '2019-05-15 14:56:21.838000', 0, '2019-05-15 14:56:21', '2019-05-15 14:56:21');
INSERT INTO `message` VALUES (673, 471, 132, '大家好，我是后台组的黄钰朝', 'user', '2019-05-15 15:17:50.544000', 0, '2019-05-15 15:17:50', '2019-05-15 15:17:50');
INSERT INTO `message` VALUES (674, 210, 132, '[文件：2019网络组终期考核.docx]<a href=\"http://localhost:8080/wechat/wechat/upload/file/e3c56fde93234b9a8fe4c91a32ccda2e.docx\" download=\"2019网络组终期考核.docx\">下载</a>', 'file', '2019-05-15 15:23:42.271000', 0, '2019-05-15 15:23:42', '2019-05-15 15:23:42');
INSERT INTO `message` VALUES (675, 210, 132, '这是你们的考核题，给你们2天时间，把所有需求完成并且提交一份10000字以上的项目报告文档', 'user', '2019-05-15 15:25:22.380000', 0, '2019-05-15 15:25:22', '2019-05-15 15:25:22');
INSERT INTO `message` VALUES (676, 471, 132, '收到', 'user', '2019-05-15 15:29:07.155000', 0, '2019-05-15 15:29:08', '2019-05-15 15:29:08');
INSERT INTO `message` VALUES (677, 471, 132, '<img src=\"/wechat/upload/file/f544d1d532984ef1a436f318a02b3ca6.jpg\"\n         style=\"height: 100%;width: 100%;max-height:200px;max-width:200px;\">\n', 'img', '2019-05-15 15:29:52.827000', 0, '2019-05-15 15:29:53', '2019-05-15 15:29:53');
INSERT INTO `message` VALUES (707, 494, 0, 'dfs', 'user', '2019-05-17 15:38:24.506000', 0, '2019-05-17 15:38:24', '2019-05-17 15:38:24');
INSERT INTO `message` VALUES (708, 494, 0, 'fds', 'user', '2019-05-17 15:38:30.484000', 0, '2019-05-17 15:38:30', '2019-05-17 15:38:30');
INSERT INTO `message` VALUES (709, 494, 0, 'aa', 'user', '2019-05-17 15:43:05.951000', 0, '2019-05-17 15:43:06', '2019-05-17 15:43:06');
INSERT INTO `message` VALUES (710, 494, 0, 'a', 'user', '2019-05-17 15:43:06.638000', 0, '2019-05-17 15:43:07', '2019-05-17 15:43:07');
INSERT INTO `message` VALUES (711, 494, 0, 'a', 'user', '2019-05-17 15:43:06.950000', 0, '2019-05-17 15:43:07', '2019-05-17 15:43:07');
INSERT INTO `message` VALUES (712, 494, 0, 'a', 'user', '2019-05-17 15:43:07.190000', 0, '2019-05-17 15:43:07', '2019-05-17 15:43:07');
INSERT INTO `message` VALUES (713, 494, 0, 'a', 'user', '2019-05-17 15:43:07.800000', 0, '2019-05-17 15:43:08', '2019-05-17 15:43:08');
INSERT INTO `message` VALUES (714, 494, 0, 'a', 'user', '2019-05-17 15:43:07.997000', 0, '2019-05-17 15:43:08', '2019-05-17 15:43:08');
INSERT INTO `message` VALUES (715, 494, 0, 'a', 'user', '2019-05-17 15:43:08.266000', 0, '2019-05-17 15:43:08', '2019-05-17 15:43:08');
INSERT INTO `message` VALUES (716, 494, 0, 'a', 'user', '2019-05-17 15:43:09.179000', 0, '2019-05-17 15:43:09', '2019-05-17 15:43:09');
INSERT INTO `message` VALUES (717, 494, 0, 'a', 'user', '2019-05-17 15:43:09.442000', 0, '2019-05-17 15:43:10', '2019-05-17 15:43:10');
INSERT INTO `message` VALUES (718, 494, 0, 'a', 'user', '2019-05-17 15:43:09.685000', 0, '2019-05-17 15:43:10', '2019-05-17 15:43:10');
INSERT INTO `message` VALUES (719, 494, 0, 'a', 'user', '2019-05-17 15:43:09.919000', 0, '2019-05-17 15:43:10', '2019-05-17 15:43:10');
INSERT INTO `message` VALUES (720, 494, 0, 'a', 'user', '2019-05-17 15:43:10.192000', 0, '2019-05-17 15:43:10', '2019-05-17 15:43:10');
INSERT INTO `message` VALUES (721, 494, 0, 'a', 'user', '2019-05-17 15:43:10.718000', 0, '2019-05-17 15:43:10', '2019-05-17 15:43:10');
INSERT INTO `message` VALUES (722, 494, 0, 'asd', 'user', '2019-05-17 15:43:24.537000', 0, '2019-05-17 15:43:25', '2019-05-17 15:43:25');
INSERT INTO `message` VALUES (723, 494, 0, 'sf', 'user', '2019-05-17 15:43:25.160000', 0, '2019-05-17 15:43:25', '2019-05-17 15:43:25');
INSERT INTO `message` VALUES (724, 494, 0, 'sdf', 'user', '2019-05-17 15:43:56.066000', 0, '2019-05-17 15:43:56', '2019-05-17 15:43:56');
INSERT INTO `message` VALUES (725, 494, 0, 'sadf', 'user', '2019-05-17 15:43:57.032000', 0, '2019-05-17 15:43:57', '2019-05-17 15:43:57');
INSERT INTO `message` VALUES (726, 494, 0, 'asdf', 'user', '2019-05-17 15:43:57.752000', 0, '2019-05-17 15:43:58', '2019-05-17 15:43:58');
INSERT INTO `message` VALUES (727, 494, 0, 'sadf', 'user', '2019-05-17 15:43:58.232000', 0, '2019-05-17 15:43:58', '2019-05-17 15:43:58');
INSERT INTO `message` VALUES (728, 494, 0, 'asdf', 'user', '2019-05-17 15:43:58.739000', 0, '2019-05-17 15:43:59', '2019-05-17 15:43:59');
INSERT INTO `message` VALUES (730, 494, 0, 'fsadf', 'user', '2019-05-17 15:59:29.047000', 0, '2019-05-17 15:59:29', '2019-05-17 15:59:29');
INSERT INTO `message` VALUES (731, 494, 0, 'sdf', 'user', '2019-05-17 16:02:43.146000', 0, '2019-05-17 16:02:43', '2019-05-17 16:02:43');
INSERT INTO `message` VALUES (732, 494, 0, 'sdf', 'user', '2019-05-17 16:02:43.526000', 0, '2019-05-17 16:02:44', '2019-05-17 16:02:44');
INSERT INTO `message` VALUES (733, 494, 0, 'sadf', 'user', '2019-05-17 16:02:43.923000', 0, '2019-05-17 16:02:44', '2019-05-17 16:02:44');
INSERT INTO `message` VALUES (734, 494, 0, 'adf', 'user', '2019-05-17 16:02:44.304000', 0, '2019-05-17 16:02:44', '2019-05-17 16:02:44');
INSERT INTO `message` VALUES (735, 494, 0, 'a', 'user', '2019-05-17 16:02:44.472000', 0, '2019-05-17 16:02:45', '2019-05-17 16:02:45');
INSERT INTO `message` VALUES (736, 494, 0, 'sd', 'user', '2019-05-17 16:02:44.632000', 0, '2019-05-17 16:02:45', '2019-05-17 16:02:45');
INSERT INTO `message` VALUES (737, 494, 0, 'fasf', 'user', '2019-05-17 16:02:45.171000', 0, '2019-05-17 16:02:45', '2019-05-17 16:02:45');
INSERT INTO `message` VALUES (738, 494, 0, 'sd', 'user', '2019-05-17 16:02:45.329000', 0, '2019-05-17 16:02:45', '2019-05-17 16:02:45');
INSERT INTO `message` VALUES (739, 494, 0, 'f', 'user', '2019-05-17 16:02:45.514000', 0, '2019-05-17 16:02:45', '2019-05-17 16:02:45');
INSERT INTO `message` VALUES (740, 494, 0, 'f', 'user', '2019-05-17 16:02:46.052000', 0, '2019-05-17 16:02:46', '2019-05-17 16:02:46');
INSERT INTO `message` VALUES (741, 494, 0, 'sdf', 'user', '2019-05-17 16:02:47.706000', 0, '2019-05-17 16:02:48', '2019-05-17 16:02:48');
INSERT INTO `message` VALUES (742, 494, 0, 'sdf', 'user', '2019-05-17 16:02:48.335000', 0, '2019-05-17 16:02:49', '2019-05-17 16:02:49');
INSERT INTO `message` VALUES (743, 494, 0, 'sdf', 'user', '2019-05-17 16:02:48.899000', 0, '2019-05-17 16:02:49', '2019-05-17 16:02:49');
INSERT INTO `message` VALUES (744, 494, 0, 'fsd', 'user', '2019-05-17 16:02:49.436000', 0, '2019-05-17 16:02:50', '2019-05-17 16:02:50');
INSERT INTO `message` VALUES (745, 494, 0, 'fds', 'user', '2019-05-17 16:02:49.968000', 0, '2019-05-17 16:02:50', '2019-05-17 16:02:50');
INSERT INTO `message` VALUES (746, 494, 0, 'fd', 'user', '2019-05-17 16:02:50.481000', 0, '2019-05-17 16:02:51', '2019-05-17 16:02:51');
INSERT INTO `message` VALUES (747, 494, 0, 'sf', 'user', '2019-05-17 16:02:51.025000', 0, '2019-05-17 16:02:51', '2019-05-17 16:02:51');
INSERT INTO `message` VALUES (748, 494, 0, 'sfd', 'user', '2019-05-17 16:02:51.524000', 0, '2019-05-17 16:02:52', '2019-05-17 16:02:52');
INSERT INTO `message` VALUES (749, 494, 0, 'sf', 'user', '2019-05-17 16:02:52.008000', 0, '2019-05-17 16:02:52', '2019-05-17 16:02:52');
INSERT INTO `message` VALUES (750, 494, 0, 'sfd', 'user', '2019-05-17 16:02:52.510000', 0, '2019-05-17 16:02:53', '2019-05-17 16:02:53');
INSERT INTO `message` VALUES (751, 494, 0, 'sf', 'user', '2019-05-17 16:02:52.986000', 0, '2019-05-17 16:02:53', '2019-05-17 16:02:53');
INSERT INTO `message` VALUES (752, 494, 0, 'sf', 'user', '2019-05-17 16:02:53.498000', 0, '2019-05-17 16:02:54', '2019-05-17 16:02:54');
INSERT INTO `message` VALUES (753, 494, 0, 'sfd', 'user', '2019-05-17 16:05:30.629000', 0, '2019-05-17 16:05:31', '2019-05-17 16:05:31');
INSERT INTO `message` VALUES (754, 494, 0, 'sf', 'user', '2019-05-17 16:05:31.483000', 0, '2019-05-17 16:05:32', '2019-05-17 16:05:32');
INSERT INTO `message` VALUES (755, 494, 0, 'fsda', 'user', '2019-05-17 16:10:47.876000', 0, '2019-05-17 16:10:48', '2019-05-17 16:10:48');
INSERT INTO `message` VALUES (771, 210, 132, '发的', 'user', '2019-05-17 16:57:01.284000', 0, '2019-05-17 16:57:01', '2019-05-17 16:57:01');
INSERT INTO `message` VALUES (772, 210, 0, 'hahha ', 'user', '2019-05-17 17:35:34.627000', 0, '2019-05-17 17:35:35', '2019-05-17 17:35:35');
INSERT INTO `message` VALUES (773, 210, 101, '好友申请：我是我是科比学徒,快加我为好友吧！', 'friend', '2019-05-17 17:58:29.650000', 0, '2019-05-17 17:58:29', '2019-05-17 17:58:29');
INSERT INTO `message` VALUES (774, 210, 132, 'aa', 'user', '2019-05-17 18:07:51.451000', 0, '2019-05-17 18:07:51', '2019-05-17 18:07:51');
INSERT INTO `message` VALUES (777, 210, 178, '爱的色放', 'user', '2019-05-17 18:16:26.823000', 0, '2019-05-17 18:16:26', '2019-05-17 18:16:26');
INSERT INTO `message` VALUES (778, 210, 109, '好友申请：我是我是科比学徒,快加我为好友吧！', 'friend', '2019-05-17 19:03:43.951000', 0, '2019-05-17 19:03:43', '2019-05-17 19:03:43');
INSERT INTO `message` VALUES (779, 210, 122, '好友申请：我是我是科比学徒,快加我为好友吧！', 'friend', '2019-05-17 19:03:50.008000', 0, '2019-05-17 19:03:50', '2019-05-17 19:03:50');
INSERT INTO `message` VALUES (780, 210, 130, '好友申请：null', 'friend', '2019-05-17 19:16:56.005000', 0, '2019-05-17 19:16:56', '2019-05-17 19:16:56');
INSERT INTO `message` VALUES (781, 210, 178, 'jkj', 'user', '2019-05-17 19:17:15.348000', 0, '2019-05-17 19:17:15', '2019-05-17 19:17:15');
INSERT INTO `message` VALUES (782, 210, 0, 'da\'l', 'user', '2019-05-17 19:36:34.999000', 0, '2019-05-17 19:36:35', '2019-05-17 19:36:35');
INSERT INTO `message` VALUES (783, 1, 0, '', 'user', '2019-05-18 12:49:33.224000', 0, '2019-05-18 12:49:33', '2019-05-18 12:49:33');
INSERT INTO `message` VALUES (784, 1, 0, '', 'user', '2019-05-18 12:54:26.770000', 0, '2019-05-18 12:54:26', '2019-05-18 12:54:26');
INSERT INTO `message` VALUES (785, 529, 246, '在吗', 'user', '2019-05-18 13:31:27.388000', 0, '2019-05-18 13:31:28', '2019-05-18 13:31:28');
INSERT INTO `message` VALUES (786, 529, 246, '聊一下', 'user', '2019-05-18 13:31:33.561000', 0, '2019-05-18 13:31:34', '2019-05-18 13:31:34');
INSERT INTO `message` VALUES (787, 1, 246, '打球？', 'user', '2019-05-18 13:31:42.452000', 0, '2019-05-18 13:31:42', '2019-05-18 13:31:42');

-- ----------------------------
-- Table structure for moment
-- ----------------------------
DROP TABLE IF EXISTS `moment`;
CREATE TABLE `moment`  (
  `id` bigint(10) UNSIGNED NOT NULL AUTO_INCREMENT COMMENT '主键',
  `owner_id` bigint(10) UNSIGNED NOT NULL COMMENT '发布者id',
  `content` text CHARACTER SET utf8 COLLATE utf8_general_ci NOT NULL COMMENT '内容',
  `photo` varchar(255) CHARACTER SET utf8 COLLATE utf8_general_ci NOT NULL DEFAULT '',
  `time` timestamp(0) NOT NULL DEFAULT CURRENT_TIMESTAMP(0) COMMENT '发布时间',
  `love` int(10) UNSIGNED NOT NULL DEFAULT 0 COMMENT '点赞数',
  `remark` int(10) UNSIGNED NOT NULL DEFAULT 0 COMMENT '评论数',
  `share` int(10) UNSIGNED NOT NULL DEFAULT 0 COMMENT '转发数',
  `view` int(10) UNSIGNED NOT NULL DEFAULT 0 COMMENT '浏览量',
  `collect` int(10) UNSIGNED NOT NULL DEFAULT 0 COMMENT '收藏量',
  `status` smallint(1) UNSIGNED NOT NULL DEFAULT 0 COMMENT '状态',
  `gmt_create` datetime(0) NOT NULL DEFAULT CURRENT_TIMESTAMP(0) COMMENT '创建时间',
  `gmt_modified` datetime(0) NOT NULL DEFAULT CURRENT_TIMESTAMP(0) ON UPDATE CURRENT_TIMESTAMP(0) COMMENT '修改时间',
  PRIMARY KEY (`id`) USING BTREE,
  INDEX `fk_user_id_4`(`owner_id`) USING BTREE,
  CONSTRAINT `fk_user_id_4` FOREIGN KEY (`owner_id`) REFERENCES `user` (`id`) ON DELETE CASCADE ON UPDATE CASCADE
) ENGINE = InnoDB AUTO_INCREMENT = 129 CHARACTER SET = utf8 COLLATE = utf8_general_ci ROW_FORMAT = Dynamic;

-- ----------------------------
-- Records of moment
-- ----------------------------
INSERT INTO `moment` VALUES (88, 0, 'com.hyc.wechat.dao.impl.DataSourceImpl.getConnection(DataSourceImpl.java:155)]连接池已创建连接数3空闲连接数2[INFO]-[com.hyc.wechat.controller.impl.filter.EncodingFilter.doFilter(EncodingFilter.java:77)][请求url]:/upload/photo/upload.jpg[请求参数]：null[INFO]-[com.hyc.wechat.controller.impl.filter.EncodingFilter.doFilter(EncodingFilter.java:77)][请求url]:/upload/photo/user.photo[请求参数]：null[INFO]-[com.hyc.wechat.controller.impl.filter.EncodingFilter.doFilter(EncodingFilter.java:77)][请求url]:/upload/photo/[请求参数]：nullcom.mysql.cj.jdbc.ClientPreparedStatement:selectm.id,m.sender_id,m.chat_id,m.content,m.type,m.time,m.status,m.gmt_create,m.gmt_modifiedfrommessageasm,recordasrwherem.id=r.message_idandr.user_id=\'209\'andr.status=0orderbym.timed', '03530a39ca574e8882bf77a72b2d0bb4.png', '2019-05-09 15:56:55', 1, 1, 0, 0, 0, 0, '2019-05-09 15:56:55', '2019-05-09 15:56:59');
INSERT INTO `moment` VALUES (92, 0, 'com.hyc.wechat.dao.impl.DataSourceImpl.getConnection(DataSourceImpl.java:155)]连接池已创建连接数3空闲连接数2[INFO]-[com.hyc.wechat.controller.impl.filter.EncodingFilter.doFilter(EncodingFilter.java:77)][请求url]:/upload/photo/upload.jpg[请求参数]：null[INFO]-[com.hyc.wechat.controller.impl.filter.EncodingFilter.doFilter(EncodingFilter.java:77)][请求url]:/upload/photo/user.photo[请求参数]：null[INFO]-[com.hyc.wechat.controller.impl.filter.EncodingFilter.doFilter(EncodingFilter.java:77)][请求url]:/upload/photo/[请求参数]：nullcom.mysql.cj.jdbc.ClientPreparedStatement:selectm.id,m.sender_id,m.chat_id,m.content,m.type,m.time,m.status,m.gmt_create,m.gmt_modifiedfrommessageasm,recordasrwherem.id=r.message_idandr.user_id=\'209\'andr.status=0orderbym.timed', '6d200fc9151943f6a04f7f3406c7fd57.jpg', '2019-05-09 23:52:24', 10, 2, 0, 10, 0, 0, '2019-05-09 23:52:24', '2019-05-14 00:53:15');
INSERT INTO `moment` VALUES (94, 0, '哈哈哈', 'moment.jpg', '2019-05-10 01:15:54', 0, 0, 0, 10, 0, 0, '2019-05-10 01:15:54', '2019-05-10 01:15:55');
INSERT INTO `moment` VALUES (95, 0, '哈哈', 'moment.jpg', '2019-05-10 01:16:24', 1, 0, 0, 10, 0, 0, '2019-05-10 01:16:24', '2019-05-10 01:16:25');
INSERT INTO `moment` VALUES (96, 0, '我要发朋友圈了', '1edbd7cf72a84790b6b9a9a28db33f13.jpg', '2019-05-10 07:15:44', 0, 0, 0, 10, 0, 0, '2019-05-10 07:15:44', '2019-05-10 07:15:46');
INSERT INTO `moment` VALUES (97, 0, '一条朋友圈', '', '2019-05-13 18:38:39', 10, 0, 0, 0, 0, 0, '2019-05-13 18:38:39', '2019-05-13 18:38:39');
INSERT INTO `moment` VALUES (98, 0, '一条朋友圈', '', '2019-05-13 18:39:03', 10, 0, 0, 0, 0, 0, '2019-05-13 18:39:03', '2019-05-13 18:39:03');
INSERT INTO `moment` VALUES (99, 425, 'test2的朋友圈', '50cf62f9b9ae4bd89cc342ca50b6ec80.jpg', '2019-05-13 21:36:13', 2, 24, 0, 10, 0, 0, '2019-05-13 21:36:13', '2019-05-13 21:36:16');
INSERT INTO `moment` VALUES (101, 210, '我的朋友圈', 'f1935758b28146cb8fb22e77f13732db.jpg', '2019-05-15 03:34:19', 1, 2, 0, 10, 0, 0, '2019-05-15 03:34:19', '2019-05-15 03:34:20');
INSERT INTO `moment` VALUES (102, 210, '这样我们可以看出，两者都把属性设置到了attribute上（废话，要不人家能叫自定义属性），也就是说getAttribute/setAttribute可以操作所有的dataset内容，dataset内容只是attribute的一个子集，特殊就特殊在命名上了，但是dataset内只有带有data-前缀的属性（没有age=25那个）。那么为什么我们还要用data-*呢，一个最大的好处是我们可以把所有自定义属性在dataset对象中统一管理，遍历啊神马的都哦很方便，而不至于零零散散了，所以用用还是不错的。', '6b03e021d5ec4c30b806fbeb4b23f2fc.jpg', '2019-05-15 03:34:37', 1, 2, 0, 10, 0, 0, '2019-05-15 03:34:37', '2019-05-15 03:34:38');
INSERT INTO `moment` VALUES (103, 0, '第一条', '2dd0867e4a974f638d034e70a7fb7b51.jpg', '2019-05-15 04:05:51', 0, 0, 0, 10, 0, 0, '2019-05-15 04:05:51', '2019-05-15 04:05:52');
INSERT INTO `moment` VALUES (104, 0, '第二条', 'c8cffbd71a1042c6ae4ef6a781f23d4e.jpg', '2019-05-15 04:05:59', 0, 0, 0, 10, 0, 0, '2019-05-15 04:05:59', '2019-05-15 04:05:59');
INSERT INTO `moment` VALUES (105, 0, '第三条', '81bdc09514744f618360fe9d6b118ecd.jpg', '2019-05-15 04:06:04', 0, 0, 0, 10, 0, 0, '2019-05-15 04:06:04', '2019-05-15 04:06:04');
INSERT INTO `moment` VALUES (106, 0, '第四条', '0cbd820d4af649038de471010b029603.jpg', '2019-05-15 04:06:08', 0, 0, 0, 1, 0, 0, '2019-05-15 04:06:08', '2019-05-15 04:06:08');
INSERT INTO `moment` VALUES (107, 0, '第五条', '43c0abef690f493da1c340f6e42f70cf.jpg', '2019-05-15 04:06:12', 0, 0, 0, 1, 0, 0, '2019-05-15 04:06:12', '2019-05-15 04:06:12');
INSERT INTO `moment` VALUES (108, 0, '第六条', '49bd055542994ca7a4a871d326ec07ed.jpg', '2019-05-15 04:06:48', 1, 0, 0, 1, 0, 0, '2019-05-15 04:06:48', '2019-05-15 04:06:48');
INSERT INTO `moment` VALUES (109, 210, '是', '41a6686cf4fb44a9af2148fa5788d24b.jpg', '2019-05-15 05:03:04', 0, 1, 0, 1, 0, 0, '2019-05-15 05:03:04', '2019-05-15 05:03:05');
INSERT INTO `moment` VALUES (113, 471, 'I know that the day will come when my sight of this earth shall be lost, and life will take its leave in silence, drawing the last curtain over my eyes.Yet stars will watch at night, and morning rise as before, and hours heave like sea waves casting up pleasures and pains.When I think of this end of my moments, the barrier of the moments breaks and I see by the light of death thy world with its careless treasures. Rare is its lowliest seat, rare is its meanest of lives.Things that I longed for in vain and things that I got---let them pass. Let me but truly possess the things that I ever spurned and overlooked.', 'c7169c53da8a455b9ba9960aee224a4d.png', '2019-05-15 14:50:14', 1, 0, 0, 0, 0, 0, '2019-05-15 14:50:14', '2019-05-15 14:50:14');
INSERT INTO `moment` VALUES (114, 210, 'I know that the day will come when my sight of this earth shall be lost, and life will take its leave in silence, drawing the last curtain over my eyes.Yet stars will watch at night, and morning rise as before, and hours heave like sea waves casting up pleasures and pains.When I think of this end of my moments, the barrier of the moments breaks and I see by the light of death thy world with its careless treasures. Rare is its lowliest seat, rare is its meanest of lives.Things that I longed for in vain and things that I got---let them pass. Let me but truly possess the things that I ever spurned and overlooked.', 'bc1aa64202ff4a23b9e189e967b823fd.jpg', '2019-05-15 15:10:45', 0, 4, 0, 1, 0, 0, '2019-05-15 15:10:45', '2019-05-15 15:10:45');
INSERT INTO `moment` VALUES (115, 210, 'I know that the day will come when my sight of this earth shall be lost, and life will take its leave in silence, drawing the last curtain over my eyes.Yet stars will watch at night, and morning rise as before, and hours heave like sea waves casting up pleasures and pains.When I think of this end of my moments, the barrier of the moments breaks and I see by the light of death thy world with its careless treasures. Rare is its lowliest seat, rare is its meanest of lives.Things that I longed for in vain and things that I got---let them pass. Let me but truly possess the things that I ever spurned and overlooked.', '53f65d09950e4857939aed081a1741d5.jpg', '2019-05-15 17:16:05', 1, 8, 0, 1, 0, 0, '2019-05-15 17:16:05', '2019-05-15 17:16:06');
INSERT INTO `moment` VALUES (122, 1, 'The day is cold,and dark,and dreary; It rains,and the wind is never weary; The vine still clings to the moldering wall, But at every gust the dead leaves fall, And the day is dark and dreary.My life is cold and dark and dreary; It rains and the wind is never weary; My thought still cling to the moldering past, But the hopes of youth fall thick in the blast, And the days are dark and dreary.Be still,sad heart! And cease repining; Behind the clouds is the sun still shining; Thy fate is the common fate of all, Into each life some rain must fall, Some days must be dark and dreary.', 'bb5a2a9377c045cb80f9834e98ae1b3d.png', '2019-05-18 13:16:14', 0, 0, 0, 1, 0, 0, '2019-05-18 13:16:14', '2019-05-18 13:16:17');
INSERT INTO `moment` VALUES (124, 1, 'How many roads must a man walk downBefore you call him a man?How many seas must a white dove sailBefore she sleeps in the sand?Yes, and how many times must the cannonballs fly　　Before they’re forever banned?　　The answer, my friend, is blowin’ in the wind　　The answer is blowin’ in the wind', 'ef2dd18030da4c40be6989426810b287.jpg', '2019-05-18 13:24:05', 0, 0, 0, 1, 0, 0, '2019-05-18 13:24:05', '2019-05-18 13:24:06');
INSERT INTO `moment` VALUES (125, 1, '　Come senators, congressmen　　Please heed the call　　Don\'t stand in the doorway　　Don\'t block up the hall　　For he that gets hurt　　Will be he who has stalled　　There\'s a battle outside　　And it is ragin\'　　It\'ll soon shake your windows　　And rattle your walls　　For the times they are a-changin\'.', 'dacb837b1688422c9165c3ec55a1c6c2.jpg', '2019-05-18 13:26:15', 0, 0, 0, 1, 0, 0, '2019-05-18 13:26:15', '2019-05-18 13:26:16');
INSERT INTO `moment` VALUES (126, 1, 'Life...What is it?See it in the colors of autumn,A gentle snowfall in winter,A sudden shower in spring,The radiance of a summer day.Behold it in the laughter Of the young and the old.Know of it in a surge of hope,The blessings that are bountiful.What is life?It is joy,awareness,And the music within.', 'f74faf49f894497b94dfdd0d0b01d034.png', '2019-05-18 13:27:07', 0, 0, 0, 1, 0, 0, '2019-05-18 13:27:07', '2019-05-18 13:27:14');
INSERT INTO `moment` VALUES (128, 1, 'Life can be good,Life can be bad,Life is mostly cheerful,But sometimes sad.Life can be dreams,Life can be great thoughts;Life can mean a person,Sitting in court.Life can be dirty,Life can even be painful;But life is what you make it,So try to make it beautiful.', '5f721fcf63884e6ca99508638b237e6b.png', '2019-05-18 13:28:45', 1, 0, 0, 1, 0, 0, '2019-05-18 13:28:45', '2019-05-18 13:28:56');

-- ----------------------------
-- Table structure for news
-- ----------------------------
DROP TABLE IF EXISTS `news`;
CREATE TABLE `news`  (
  `id` bigint(10) UNSIGNED NOT NULL AUTO_INCREMENT COMMENT '主键',
  `user_id` bigint(10) UNSIGNED NOT NULL COMMENT '发布者id',
  `moment_id` bigint(10) UNSIGNED NOT NULL COMMENT '朋友圈id',
  `loved` tinyint(1) UNSIGNED NOT NULL DEFAULT 0 COMMENT '是否点赞',
  `shared` tinyint(1) UNSIGNED NOT NULL DEFAULT 0 COMMENT '是否转发',
  `viewed` tinyint(1) UNSIGNED NOT NULL DEFAULT 0 COMMENT '是否浏览',
  `collected` tinyint(1) UNSIGNED NOT NULL DEFAULT 0 COMMENT '是否收藏',
  `status` smallint(1) UNSIGNED NOT NULL DEFAULT 0 COMMENT '状态',
  `gmt_create` datetime(0) NOT NULL DEFAULT CURRENT_TIMESTAMP(0) COMMENT '创建时间',
  `gmt_modified` datetime(0) NOT NULL DEFAULT CURRENT_TIMESTAMP(0) ON UPDATE CURRENT_TIMESTAMP(0) COMMENT '修改时间',
  PRIMARY KEY (`id`) USING BTREE,
  INDEX `fk_user_id_4`(`user_id`) USING BTREE,
  INDEX `fk_moment_id_3`(`moment_id`) USING BTREE,
  CONSTRAINT `fk_moment_id_3` FOREIGN KEY (`moment_id`) REFERENCES `moment` (`id`) ON DELETE CASCADE ON UPDATE CASCADE,
  CONSTRAINT `fk_user_id_12` FOREIGN KEY (`user_id`) REFERENCES `user` (`id`) ON DELETE CASCADE ON UPDATE CASCADE
) ENGINE = InnoDB AUTO_INCREMENT = 285 CHARACTER SET = utf8 COLLATE = utf8_general_ci ROW_FORMAT = Dynamic;

-- ----------------------------
-- Records of news
-- ----------------------------
INSERT INTO `news` VALUES (87, 0, 88, 1, 0, 0, 0, 0, '2019-05-09 15:56:57', '2019-05-09 15:56:57');
INSERT INTO `news` VALUES (88, 210, 92, 0, 0, 1, 0, 0, '2019-05-09 23:52:24', '2019-05-09 23:52:24');
INSERT INTO `news` VALUES (89, 0, 92, 0, 0, 0, 0, 0, '2019-05-09 23:52:25', '2019-05-09 23:52:25');
INSERT INTO `news` VALUES (91, 210, 94, 0, 0, 1, 0, 0, '2019-05-10 01:15:55', '2019-05-10 01:15:55');
INSERT INTO `news` VALUES (92, 0, 94, 0, 0, 0, 0, 0, '2019-05-10 01:15:55', '2019-05-10 01:15:55');
INSERT INTO `news` VALUES (93, 210, 95, 1, 0, 1, 0, 0, '2019-05-10 01:16:25', '2019-05-10 01:16:25');
INSERT INTO `news` VALUES (94, 0, 95, 0, 0, 0, 0, 0, '2019-05-10 01:16:25', '2019-05-10 01:16:25');
INSERT INTO `news` VALUES (95, 210, 96, 0, 0, 1, 0, 0, '2019-05-10 07:15:45', '2019-05-10 07:15:45');
INSERT INTO `news` VALUES (96, 0, 96, 0, 0, 0, 0, 0, '2019-05-10 07:15:45', '2019-05-10 07:15:45');
INSERT INTO `news` VALUES (97, 0, 99, 0, 0, 0, 0, 0, '2019-05-13 21:36:14', '2019-05-13 21:36:14');
INSERT INTO `news` VALUES (98, 210, 99, 1, 0, 1, 0, 0, '2019-05-13 21:36:14', '2019-05-13 21:36:14');
INSERT INTO `news` VALUES (99, 425, 99, 1, 0, 0, 0, 0, '2019-05-13 21:36:14', '2019-05-13 21:36:14');
INSERT INTO `news` VALUES (104, 422, 101, 0, 0, 0, 0, 0, '2019-05-15 03:34:19', '2019-05-15 03:34:19');
INSERT INTO `news` VALUES (105, 425, 101, 0, 0, 0, 0, 0, '2019-05-15 03:34:19', '2019-05-15 03:34:19');
INSERT INTO `news` VALUES (106, 0, 101, 0, 0, 0, 0, 0, '2019-05-15 03:34:19', '2019-05-15 03:34:19');
INSERT INTO `news` VALUES (107, 210, 101, 1, 0, 1, 0, 0, '2019-05-15 03:34:19', '2019-05-15 03:34:19');
INSERT INTO `news` VALUES (108, 422, 102, 0, 0, 0, 0, 0, '2019-05-15 03:34:37', '2019-05-15 03:34:37');
INSERT INTO `news` VALUES (109, 425, 102, 0, 0, 0, 0, 0, '2019-05-15 03:34:37', '2019-05-15 03:34:37');
INSERT INTO `news` VALUES (110, 0, 102, 0, 0, 0, 0, 0, '2019-05-15 03:34:37', '2019-05-15 03:34:37');
INSERT INTO `news` VALUES (111, 210, 102, 1, 0, 1, 0, 0, '2019-05-15 03:34:37', '2019-05-15 03:34:37');
INSERT INTO `news` VALUES (112, 425, 103, 0, 0, 0, 0, 0, '2019-05-15 04:05:51', '2019-05-15 04:05:51');
INSERT INTO `news` VALUES (113, 210, 103, 0, 0, 1, 0, 0, '2019-05-15 04:05:51', '2019-05-15 04:05:51');
INSERT INTO `news` VALUES (114, 430, 103, 0, 0, 0, 0, 0, '2019-05-15 04:05:51', '2019-05-15 04:05:51');
INSERT INTO `news` VALUES (115, 433, 103, 0, 0, 0, 0, 0, '2019-05-15 04:05:51', '2019-05-15 04:05:51');
INSERT INTO `news` VALUES (116, 440, 103, 0, 0, 0, 0, 0, '2019-05-15 04:05:51', '2019-05-15 04:05:51');
INSERT INTO `news` VALUES (117, 443, 103, 0, 0, 0, 0, 0, '2019-05-15 04:05:51', '2019-05-15 04:05:51');
INSERT INTO `news` VALUES (118, 445, 103, 0, 0, 0, 0, 0, '2019-05-15 04:05:51', '2019-05-15 04:05:51');
INSERT INTO `news` VALUES (119, 446, 103, 0, 0, 0, 0, 0, '2019-05-15 04:05:51', '2019-05-15 04:05:51');
INSERT INTO `news` VALUES (120, 447, 103, 0, 0, 0, 0, 0, '2019-05-15 04:05:51', '2019-05-15 04:05:51');
INSERT INTO `news` VALUES (121, 448, 103, 0, 0, 0, 0, 0, '2019-05-15 04:05:51', '2019-05-15 04:05:51');
INSERT INTO `news` VALUES (122, 449, 103, 0, 0, 0, 0, 0, '2019-05-15 04:05:51', '2019-05-15 04:05:51');
INSERT INTO `news` VALUES (123, 450, 103, 0, 0, 0, 0, 0, '2019-05-15 04:05:51', '2019-05-15 04:05:51');
INSERT INTO `news` VALUES (124, 451, 103, 0, 0, 0, 0, 0, '2019-05-15 04:05:51', '2019-05-15 04:05:51');
INSERT INTO `news` VALUES (125, 452, 103, 0, 0, 0, 0, 0, '2019-05-15 04:05:51', '2019-05-15 04:05:51');
INSERT INTO `news` VALUES (126, 453, 103, 0, 0, 0, 0, 0, '2019-05-15 04:05:51', '2019-05-15 04:05:51');
INSERT INTO `news` VALUES (127, 454, 103, 0, 0, 0, 0, 0, '2019-05-15 04:05:51', '2019-05-15 04:05:51');
INSERT INTO `news` VALUES (128, 455, 103, 0, 0, 0, 0, 0, '2019-05-15 04:05:51', '2019-05-15 04:05:51');
INSERT INTO `news` VALUES (129, 456, 103, 0, 0, 0, 0, 0, '2019-05-15 04:05:51', '2019-05-15 04:05:51');
INSERT INTO `news` VALUES (130, 457, 103, 0, 0, 0, 0, 0, '2019-05-15 04:05:51', '2019-05-15 04:05:51');
INSERT INTO `news` VALUES (131, 458, 103, 0, 0, 0, 0, 0, '2019-05-15 04:05:51', '2019-05-15 04:05:51');
INSERT INTO `news` VALUES (132, 459, 103, 0, 0, 0, 0, 0, '2019-05-15 04:05:51', '2019-05-15 04:05:51');
INSERT INTO `news` VALUES (133, 460, 103, 0, 0, 0, 0, 0, '2019-05-15 04:05:51', '2019-05-15 04:05:51');
INSERT INTO `news` VALUES (134, 0, 103, 0, 0, 0, 0, 0, '2019-05-15 04:05:51', '2019-05-15 04:05:51');
INSERT INTO `news` VALUES (135, 425, 104, 0, 0, 0, 0, 0, '2019-05-15 04:05:59', '2019-05-15 04:05:59');
INSERT INTO `news` VALUES (136, 210, 104, 0, 0, 1, 0, 0, '2019-05-15 04:05:59', '2019-05-15 04:05:59');
INSERT INTO `news` VALUES (137, 430, 104, 0, 0, 0, 0, 0, '2019-05-15 04:05:59', '2019-05-15 04:05:59');
INSERT INTO `news` VALUES (138, 433, 104, 0, 0, 0, 0, 0, '2019-05-15 04:05:59', '2019-05-15 04:05:59');
INSERT INTO `news` VALUES (139, 440, 104, 0, 0, 0, 0, 0, '2019-05-15 04:05:59', '2019-05-15 04:05:59');
INSERT INTO `news` VALUES (140, 443, 104, 0, 0, 0, 0, 0, '2019-05-15 04:05:59', '2019-05-15 04:05:59');
INSERT INTO `news` VALUES (141, 445, 104, 0, 0, 0, 0, 0, '2019-05-15 04:05:59', '2019-05-15 04:05:59');
INSERT INTO `news` VALUES (142, 446, 104, 0, 0, 0, 0, 0, '2019-05-15 04:05:59', '2019-05-15 04:05:59');
INSERT INTO `news` VALUES (143, 447, 104, 0, 0, 0, 0, 0, '2019-05-15 04:05:59', '2019-05-15 04:05:59');
INSERT INTO `news` VALUES (144, 448, 104, 0, 0, 0, 0, 0, '2019-05-15 04:05:59', '2019-05-15 04:05:59');
INSERT INTO `news` VALUES (145, 449, 104, 0, 0, 0, 0, 0, '2019-05-15 04:05:59', '2019-05-15 04:05:59');
INSERT INTO `news` VALUES (146, 450, 104, 0, 0, 0, 0, 0, '2019-05-15 04:05:59', '2019-05-15 04:05:59');
INSERT INTO `news` VALUES (147, 451, 104, 0, 0, 0, 0, 0, '2019-05-15 04:05:59', '2019-05-15 04:05:59');
INSERT INTO `news` VALUES (148, 452, 104, 0, 0, 0, 0, 0, '2019-05-15 04:05:59', '2019-05-15 04:05:59');
INSERT INTO `news` VALUES (149, 453, 104, 0, 0, 0, 0, 0, '2019-05-15 04:05:59', '2019-05-15 04:05:59');
INSERT INTO `news` VALUES (150, 454, 104, 0, 0, 0, 0, 0, '2019-05-15 04:05:59', '2019-05-15 04:05:59');
INSERT INTO `news` VALUES (151, 455, 104, 0, 0, 0, 0, 0, '2019-05-15 04:05:59', '2019-05-15 04:05:59');
INSERT INTO `news` VALUES (152, 456, 104, 0, 0, 0, 0, 0, '2019-05-15 04:05:59', '2019-05-15 04:05:59');
INSERT INTO `news` VALUES (153, 457, 104, 0, 0, 0, 0, 0, '2019-05-15 04:05:59', '2019-05-15 04:05:59');
INSERT INTO `news` VALUES (154, 458, 104, 0, 0, 0, 0, 0, '2019-05-15 04:05:59', '2019-05-15 04:05:59');
INSERT INTO `news` VALUES (155, 459, 104, 0, 0, 0, 0, 0, '2019-05-15 04:05:59', '2019-05-15 04:05:59');
INSERT INTO `news` VALUES (156, 460, 104, 0, 0, 0, 0, 0, '2019-05-15 04:05:59', '2019-05-15 04:05:59');
INSERT INTO `news` VALUES (157, 0, 104, 0, 0, 0, 0, 0, '2019-05-15 04:05:59', '2019-05-15 04:05:59');
INSERT INTO `news` VALUES (158, 425, 105, 0, 0, 0, 0, 0, '2019-05-15 04:06:04', '2019-05-15 04:06:04');
INSERT INTO `news` VALUES (159, 210, 105, 0, 0, 1, 0, 0, '2019-05-15 04:06:04', '2019-05-15 04:06:04');
INSERT INTO `news` VALUES (160, 430, 105, 0, 0, 0, 0, 0, '2019-05-15 04:06:04', '2019-05-15 04:06:04');
INSERT INTO `news` VALUES (161, 433, 105, 0, 0, 0, 0, 0, '2019-05-15 04:06:04', '2019-05-15 04:06:04');
INSERT INTO `news` VALUES (162, 440, 105, 0, 0, 0, 0, 0, '2019-05-15 04:06:04', '2019-05-15 04:06:04');
INSERT INTO `news` VALUES (163, 443, 105, 0, 0, 0, 0, 0, '2019-05-15 04:06:04', '2019-05-15 04:06:04');
INSERT INTO `news` VALUES (164, 445, 105, 0, 0, 0, 0, 0, '2019-05-15 04:06:04', '2019-05-15 04:06:04');
INSERT INTO `news` VALUES (165, 446, 105, 0, 0, 0, 0, 0, '2019-05-15 04:06:04', '2019-05-15 04:06:04');
INSERT INTO `news` VALUES (166, 447, 105, 0, 0, 0, 0, 0, '2019-05-15 04:06:04', '2019-05-15 04:06:04');
INSERT INTO `news` VALUES (167, 448, 105, 0, 0, 0, 0, 0, '2019-05-15 04:06:04', '2019-05-15 04:06:04');
INSERT INTO `news` VALUES (168, 449, 105, 0, 0, 0, 0, 0, '2019-05-15 04:06:04', '2019-05-15 04:06:04');
INSERT INTO `news` VALUES (169, 450, 105, 0, 0, 0, 0, 0, '2019-05-15 04:06:04', '2019-05-15 04:06:04');
INSERT INTO `news` VALUES (170, 451, 105, 0, 0, 0, 0, 0, '2019-05-15 04:06:04', '2019-05-15 04:06:04');
INSERT INTO `news` VALUES (171, 452, 105, 0, 0, 0, 0, 0, '2019-05-15 04:06:04', '2019-05-15 04:06:04');
INSERT INTO `news` VALUES (172, 453, 105, 0, 0, 0, 0, 0, '2019-05-15 04:06:04', '2019-05-15 04:06:04');
INSERT INTO `news` VALUES (173, 454, 105, 0, 0, 0, 0, 0, '2019-05-15 04:06:04', '2019-05-15 04:06:04');
INSERT INTO `news` VALUES (174, 455, 105, 0, 0, 0, 0, 0, '2019-05-15 04:06:04', '2019-05-15 04:06:04');
INSERT INTO `news` VALUES (175, 456, 105, 0, 0, 0, 0, 0, '2019-05-15 04:06:04', '2019-05-15 04:06:04');
INSERT INTO `news` VALUES (176, 457, 105, 0, 0, 0, 0, 0, '2019-05-15 04:06:04', '2019-05-15 04:06:04');
INSERT INTO `news` VALUES (177, 458, 105, 0, 0, 0, 0, 0, '2019-05-15 04:06:04', '2019-05-15 04:06:04');
INSERT INTO `news` VALUES (178, 459, 105, 0, 0, 0, 0, 0, '2019-05-15 04:06:04', '2019-05-15 04:06:04');
INSERT INTO `news` VALUES (179, 460, 105, 0, 0, 0, 0, 0, '2019-05-15 04:06:04', '2019-05-15 04:06:04');
INSERT INTO `news` VALUES (180, 0, 105, 0, 0, 0, 0, 0, '2019-05-15 04:06:04', '2019-05-15 04:06:04');
INSERT INTO `news` VALUES (181, 425, 106, 0, 0, 0, 0, 0, '2019-05-15 04:06:08', '2019-05-15 04:06:08');
INSERT INTO `news` VALUES (182, 210, 106, 0, 0, 1, 0, 0, '2019-05-15 04:06:08', '2019-05-15 04:06:08');
INSERT INTO `news` VALUES (183, 430, 106, 0, 0, 0, 0, 0, '2019-05-15 04:06:08', '2019-05-15 04:06:08');
INSERT INTO `news` VALUES (184, 433, 106, 0, 0, 0, 0, 0, '2019-05-15 04:06:08', '2019-05-15 04:06:08');
INSERT INTO `news` VALUES (185, 440, 106, 0, 0, 0, 0, 0, '2019-05-15 04:06:08', '2019-05-15 04:06:08');
INSERT INTO `news` VALUES (186, 443, 106, 0, 0, 0, 0, 0, '2019-05-15 04:06:08', '2019-05-15 04:06:08');
INSERT INTO `news` VALUES (187, 445, 106, 0, 0, 0, 0, 0, '2019-05-15 04:06:08', '2019-05-15 04:06:08');
INSERT INTO `news` VALUES (188, 446, 106, 0, 0, 0, 0, 0, '2019-05-15 04:06:08', '2019-05-15 04:06:08');
INSERT INTO `news` VALUES (189, 447, 106, 0, 0, 0, 0, 0, '2019-05-15 04:06:08', '2019-05-15 04:06:08');
INSERT INTO `news` VALUES (190, 448, 106, 0, 0, 0, 0, 0, '2019-05-15 04:06:08', '2019-05-15 04:06:08');
INSERT INTO `news` VALUES (191, 449, 106, 0, 0, 0, 0, 0, '2019-05-15 04:06:08', '2019-05-15 04:06:08');
INSERT INTO `news` VALUES (192, 450, 106, 0, 0, 0, 0, 0, '2019-05-15 04:06:08', '2019-05-15 04:06:08');
INSERT INTO `news` VALUES (193, 451, 106, 0, 0, 0, 0, 0, '2019-05-15 04:06:08', '2019-05-15 04:06:08');
INSERT INTO `news` VALUES (194, 452, 106, 0, 0, 0, 0, 0, '2019-05-15 04:06:08', '2019-05-15 04:06:08');
INSERT INTO `news` VALUES (195, 453, 106, 0, 0, 0, 0, 0, '2019-05-15 04:06:08', '2019-05-15 04:06:08');
INSERT INTO `news` VALUES (196, 454, 106, 0, 0, 0, 0, 0, '2019-05-15 04:06:08', '2019-05-15 04:06:08');
INSERT INTO `news` VALUES (197, 455, 106, 0, 0, 0, 0, 0, '2019-05-15 04:06:08', '2019-05-15 04:06:08');
INSERT INTO `news` VALUES (198, 456, 106, 0, 0, 0, 0, 0, '2019-05-15 04:06:08', '2019-05-15 04:06:08');
INSERT INTO `news` VALUES (199, 457, 106, 0, 0, 0, 0, 0, '2019-05-15 04:06:08', '2019-05-15 04:06:08');
INSERT INTO `news` VALUES (200, 458, 106, 0, 0, 0, 0, 0, '2019-05-15 04:06:08', '2019-05-15 04:06:08');
INSERT INTO `news` VALUES (201, 459, 106, 0, 0, 0, 0, 0, '2019-05-15 04:06:08', '2019-05-15 04:06:08');
INSERT INTO `news` VALUES (202, 460, 106, 0, 0, 0, 0, 0, '2019-05-15 04:06:08', '2019-05-15 04:06:08');
INSERT INTO `news` VALUES (203, 0, 106, 0, 0, 0, 0, 0, '2019-05-15 04:06:08', '2019-05-15 04:06:08');
INSERT INTO `news` VALUES (204, 425, 107, 0, 0, 0, 0, 0, '2019-05-15 04:06:12', '2019-05-15 04:06:12');
INSERT INTO `news` VALUES (205, 210, 107, 0, 0, 1, 0, 0, '2019-05-15 04:06:12', '2019-05-15 04:06:12');
INSERT INTO `news` VALUES (206, 430, 107, 0, 0, 0, 0, 0, '2019-05-15 04:06:12', '2019-05-15 04:06:12');
INSERT INTO `news` VALUES (207, 433, 107, 0, 0, 0, 0, 0, '2019-05-15 04:06:12', '2019-05-15 04:06:12');
INSERT INTO `news` VALUES (208, 440, 107, 0, 0, 0, 0, 0, '2019-05-15 04:06:12', '2019-05-15 04:06:12');
INSERT INTO `news` VALUES (209, 443, 107, 0, 0, 0, 0, 0, '2019-05-15 04:06:12', '2019-05-15 04:06:12');
INSERT INTO `news` VALUES (210, 445, 107, 0, 0, 0, 0, 0, '2019-05-15 04:06:12', '2019-05-15 04:06:12');
INSERT INTO `news` VALUES (211, 446, 107, 0, 0, 0, 0, 0, '2019-05-15 04:06:12', '2019-05-15 04:06:12');
INSERT INTO `news` VALUES (212, 447, 107, 0, 0, 0, 0, 0, '2019-05-15 04:06:12', '2019-05-15 04:06:12');
INSERT INTO `news` VALUES (213, 448, 107, 0, 0, 0, 0, 0, '2019-05-15 04:06:12', '2019-05-15 04:06:12');
INSERT INTO `news` VALUES (214, 449, 107, 0, 0, 0, 0, 0, '2019-05-15 04:06:12', '2019-05-15 04:06:12');
INSERT INTO `news` VALUES (215, 450, 107, 0, 0, 0, 0, 0, '2019-05-15 04:06:12', '2019-05-15 04:06:12');
INSERT INTO `news` VALUES (216, 451, 107, 0, 0, 0, 0, 0, '2019-05-15 04:06:12', '2019-05-15 04:06:12');
INSERT INTO `news` VALUES (217, 452, 107, 0, 0, 0, 0, 0, '2019-05-15 04:06:12', '2019-05-15 04:06:12');
INSERT INTO `news` VALUES (218, 453, 107, 0, 0, 0, 0, 0, '2019-05-15 04:06:12', '2019-05-15 04:06:12');
INSERT INTO `news` VALUES (219, 454, 107, 0, 0, 0, 0, 0, '2019-05-15 04:06:12', '2019-05-15 04:06:12');
INSERT INTO `news` VALUES (220, 455, 107, 0, 0, 0, 0, 0, '2019-05-15 04:06:12', '2019-05-15 04:06:12');
INSERT INTO `news` VALUES (221, 456, 107, 0, 0, 0, 0, 0, '2019-05-15 04:06:12', '2019-05-15 04:06:12');
INSERT INTO `news` VALUES (222, 457, 107, 0, 0, 0, 0, 0, '2019-05-15 04:06:12', '2019-05-15 04:06:12');
INSERT INTO `news` VALUES (223, 458, 107, 0, 0, 0, 0, 0, '2019-05-15 04:06:12', '2019-05-15 04:06:12');
INSERT INTO `news` VALUES (224, 459, 107, 0, 0, 0, 0, 0, '2019-05-15 04:06:12', '2019-05-15 04:06:12');
INSERT INTO `news` VALUES (225, 460, 107, 0, 0, 0, 0, 0, '2019-05-15 04:06:12', '2019-05-15 04:06:12');
INSERT INTO `news` VALUES (226, 0, 107, 0, 0, 0, 0, 0, '2019-05-15 04:06:12', '2019-05-15 04:06:12');
INSERT INTO `news` VALUES (227, 425, 108, 0, 0, 0, 0, 0, '2019-05-15 04:06:48', '2019-05-15 04:06:48');
INSERT INTO `news` VALUES (228, 210, 108, 1, 0, 1, 0, 0, '2019-05-15 04:06:48', '2019-05-15 04:06:48');
INSERT INTO `news` VALUES (229, 430, 108, 0, 0, 0, 0, 0, '2019-05-15 04:06:48', '2019-05-15 04:06:48');
INSERT INTO `news` VALUES (230, 433, 108, 0, 0, 0, 0, 0, '2019-05-15 04:06:48', '2019-05-15 04:06:48');
INSERT INTO `news` VALUES (231, 440, 108, 0, 0, 0, 0, 0, '2019-05-15 04:06:48', '2019-05-15 04:06:48');
INSERT INTO `news` VALUES (232, 443, 108, 0, 0, 0, 0, 0, '2019-05-15 04:06:48', '2019-05-15 04:06:48');
INSERT INTO `news` VALUES (233, 445, 108, 0, 0, 0, 0, 0, '2019-05-15 04:06:48', '2019-05-15 04:06:48');
INSERT INTO `news` VALUES (234, 446, 108, 0, 0, 0, 0, 0, '2019-05-15 04:06:48', '2019-05-15 04:06:48');
INSERT INTO `news` VALUES (235, 447, 108, 0, 0, 0, 0, 0, '2019-05-15 04:06:48', '2019-05-15 04:06:48');
INSERT INTO `news` VALUES (236, 448, 108, 0, 0, 0, 0, 0, '2019-05-15 04:06:48', '2019-05-15 04:06:48');
INSERT INTO `news` VALUES (237, 449, 108, 0, 0, 0, 0, 0, '2019-05-15 04:06:48', '2019-05-15 04:06:48');
INSERT INTO `news` VALUES (238, 450, 108, 0, 0, 0, 0, 0, '2019-05-15 04:06:48', '2019-05-15 04:06:48');
INSERT INTO `news` VALUES (239, 451, 108, 0, 0, 0, 0, 0, '2019-05-15 04:06:48', '2019-05-15 04:06:48');
INSERT INTO `news` VALUES (240, 452, 108, 0, 0, 0, 0, 0, '2019-05-15 04:06:48', '2019-05-15 04:06:48');
INSERT INTO `news` VALUES (241, 453, 108, 0, 0, 0, 0, 0, '2019-05-15 04:06:48', '2019-05-15 04:06:48');
INSERT INTO `news` VALUES (242, 454, 108, 0, 0, 0, 0, 0, '2019-05-15 04:06:48', '2019-05-15 04:06:48');
INSERT INTO `news` VALUES (243, 455, 108, 0, 0, 0, 0, 0, '2019-05-15 04:06:48', '2019-05-15 04:06:48');
INSERT INTO `news` VALUES (244, 456, 108, 0, 0, 0, 0, 0, '2019-05-15 04:06:48', '2019-05-15 04:06:48');
INSERT INTO `news` VALUES (245, 457, 108, 0, 0, 0, 0, 0, '2019-05-15 04:06:48', '2019-05-15 04:06:48');
INSERT INTO `news` VALUES (246, 458, 108, 0, 0, 0, 0, 0, '2019-05-15 04:06:48', '2019-05-15 04:06:48');
INSERT INTO `news` VALUES (247, 459, 108, 0, 0, 0, 0, 0, '2019-05-15 04:06:48', '2019-05-15 04:06:48');
INSERT INTO `news` VALUES (248, 460, 108, 0, 0, 0, 0, 0, '2019-05-15 04:06:48', '2019-05-15 04:06:48');
INSERT INTO `news` VALUES (249, 0, 108, 0, 0, 0, 0, 0, '2019-05-15 04:06:48', '2019-05-15 04:06:48');
INSERT INTO `news` VALUES (250, 422, 109, 0, 0, 0, 0, 0, '2019-05-15 05:03:04', '2019-05-15 05:03:04');
INSERT INTO `news` VALUES (251, 425, 109, 0, 0, 0, 0, 0, '2019-05-15 05:03:04', '2019-05-15 05:03:04');
INSERT INTO `news` VALUES (252, 0, 109, 0, 0, 0, 0, 0, '2019-05-15 05:03:04', '2019-05-15 05:03:04');
INSERT INTO `news` VALUES (253, 210, 109, 0, 0, 1, 0, 0, '2019-05-15 05:03:04', '2019-05-15 05:03:04');
INSERT INTO `news` VALUES (260, 0, 113, 0, 0, 0, 0, 0, '2019-05-15 14:50:14', '2019-05-15 14:50:14');
INSERT INTO `news` VALUES (261, 471, 113, 1, 0, 0, 0, 0, '2019-05-15 14:50:14', '2019-05-15 14:50:14');
INSERT INTO `news` VALUES (262, 422, 114, 0, 0, 0, 0, 0, '2019-05-15 15:10:45', '2019-05-15 15:10:45');
INSERT INTO `news` VALUES (263, 425, 114, 0, 0, 0, 0, 0, '2019-05-15 15:10:45', '2019-05-15 15:10:45');
INSERT INTO `news` VALUES (264, 0, 114, 0, 0, 0, 0, 0, '2019-05-15 15:10:45', '2019-05-15 15:10:45');
INSERT INTO `news` VALUES (265, 471, 114, 0, 0, 0, 0, 0, '2019-05-15 15:10:45', '2019-05-15 15:10:45');
INSERT INTO `news` VALUES (266, 210, 114, 0, 0, 1, 0, 0, '2019-05-15 15:10:45', '2019-05-15 15:10:45');
INSERT INTO `news` VALUES (267, 422, 115, 0, 0, 0, 0, 0, '2019-05-15 17:16:05', '2019-05-15 17:16:05');
INSERT INTO `news` VALUES (268, 425, 115, 0, 0, 0, 0, 0, '2019-05-15 17:16:05', '2019-05-15 17:16:05');
INSERT INTO `news` VALUES (269, 0, 115, 0, 0, 0, 0, 0, '2019-05-15 17:16:05', '2019-05-15 17:16:05');
INSERT INTO `news` VALUES (270, 471, 115, 0, 0, 0, 0, 0, '2019-05-15 17:16:05', '2019-05-15 17:16:05');
INSERT INTO `news` VALUES (271, 210, 115, 1, 0, 1, 0, 0, '2019-05-15 17:16:05', '2019-05-15 17:16:05');
INSERT INTO `news` VALUES (278, 1, 122, 0, 0, 1, 0, 0, '2019-05-18 13:16:14', '2019-05-18 13:16:14');
INSERT INTO `news` VALUES (280, 1, 124, 0, 0, 1, 0, 0, '2019-05-18 13:24:05', '2019-05-18 13:24:05');
INSERT INTO `news` VALUES (281, 1, 125, 0, 0, 1, 0, 0, '2019-05-18 13:26:15', '2019-05-18 13:26:15');
INSERT INTO `news` VALUES (282, 1, 126, 0, 0, 1, 0, 0, '2019-05-18 13:27:07', '2019-05-18 13:27:07');
INSERT INTO `news` VALUES (284, 1, 128, 1, 0, 1, 0, 0, '2019-05-18 13:28:45', '2019-05-18 13:28:45');

-- ----------------------------
-- Table structure for permission
-- ----------------------------
DROP TABLE IF EXISTS `permission`;
CREATE TABLE `permission`  (
  `id` bigint(10) UNSIGNED NOT NULL AUTO_INCREMENT COMMENT '主键',
  `name` varchar(255) CHARACTER SET utf8 COLLATE utf8_general_ci NOT NULL DEFAULT '' COMMENT '权限名称',
  `description` varchar(255) CHARACTER SET utf8 COLLATE utf8_general_ci NOT NULL DEFAULT '' COMMENT '权限描述',
  `status` smallint(1) UNSIGNED NOT NULL COMMENT '状态',
  `gmt_create` datetime(0) NOT NULL DEFAULT CURRENT_TIMESTAMP(0) COMMENT '创建时间',
  `gmt_modified` datetime(0) NOT NULL DEFAULT CURRENT_TIMESTAMP(0) ON UPDATE CURRENT_TIMESTAMP(0) COMMENT '修改时间',
  PRIMARY KEY (`id`) USING BTREE
) ENGINE = InnoDB AUTO_INCREMENT = 1 CHARACTER SET = utf8 COLLATE = utf8_general_ci ROW_FORMAT = Dynamic;

-- ----------------------------
-- Table structure for record
-- ----------------------------
DROP TABLE IF EXISTS `record`;
CREATE TABLE `record`  (
  `id` bigint(10) UNSIGNED NOT NULL AUTO_INCREMENT COMMENT '主键',
  `user_id` bigint(10) UNSIGNED NOT NULL COMMENT '用户id',
  `message_id` bigint(10) UNSIGNED NOT NULL COMMENT '消息id',
  `status` smallint(1) UNSIGNED NOT NULL DEFAULT 0 COMMENT '状态（0未读，1已读）',
  `gmt_create` datetime(0) NOT NULL DEFAULT CURRENT_TIMESTAMP(0) COMMENT '创建时间',
  `gmt_modified` datetime(0) NOT NULL DEFAULT CURRENT_TIMESTAMP(0) ON UPDATE CURRENT_TIMESTAMP(0) COMMENT '修改时间',
  PRIMARY KEY (`id`) USING BTREE,
  INDEX `fk_user_id_3`(`user_id`) USING BTREE,
  INDEX `fk_message_id_2`(`message_id`) USING BTREE,
  CONSTRAINT `fk_message_id_2` FOREIGN KEY (`message_id`) REFERENCES `message` (`id`) ON DELETE CASCADE ON UPDATE CASCADE,
  CONSTRAINT `record_ibfk_1` FOREIGN KEY (`user_id`) REFERENCES `user` (`id`) ON DELETE CASCADE ON UPDATE CASCADE
) ENGINE = InnoDB AUTO_INCREMENT = 19670 CHARACTER SET = utf8 COLLATE = utf8_general_ci ROW_FORMAT = Dynamic;

-- ----------------------------
-- Records of record
-- ----------------------------
INSERT INTO `record` VALUES (16126, 0, 560, 1, '2019-05-13 23:20:37', '2019-05-13 23:21:06');
INSERT INTO `record` VALUES (16128, 422, 560, 0, '2019-05-13 23:20:38', '2019-05-13 23:20:38');
INSERT INTO `record` VALUES (16129, 425, 560, 1, '2019-05-13 23:20:38', '2019-05-16 20:37:04');
INSERT INTO `record` VALUES (16130, 430, 560, 1, '2019-05-13 23:20:38', '2019-05-13 23:21:18');
INSERT INTO `record` VALUES (16131, 0, 561, 1, '2019-05-13 23:20:44', '2019-05-13 23:21:06');
INSERT INTO `record` VALUES (16133, 422, 561, 0, '2019-05-13 23:20:45', '2019-05-13 23:20:45');
INSERT INTO `record` VALUES (16134, 425, 561, 1, '2019-05-13 23:20:45', '2019-05-16 20:37:04');
INSERT INTO `record` VALUES (16135, 430, 561, 1, '2019-05-13 23:20:45', '2019-05-13 23:21:18');
INSERT INTO `record` VALUES (16156, 0, 566, 1, '2019-05-13 23:22:49', '2019-05-13 23:23:36');
INSERT INTO `record` VALUES (16158, 422, 566, 0, '2019-05-13 23:22:50', '2019-05-13 23:22:50');
INSERT INTO `record` VALUES (16159, 425, 566, 1, '2019-05-13 23:22:50', '2019-05-16 20:37:04');
INSERT INTO `record` VALUES (16160, 430, 566, 1, '2019-05-13 23:22:51', '2019-05-13 23:32:03');
INSERT INTO `record` VALUES (16161, 430, 567, 1, '2019-05-13 23:23:28', '2019-05-13 23:23:31');
INSERT INTO `record` VALUES (16162, 0, 567, 1, '2019-05-13 23:23:28', '2019-05-13 23:40:04');
INSERT INTO `record` VALUES (16203, 430, 576, 0, '2019-05-13 23:40:12', '2019-05-13 23:40:12');
INSERT INTO `record` VALUES (16204, 0, 576, 0, '2019-05-13 23:40:12', '2019-05-13 23:40:12');
INSERT INTO `record` VALUES (16205, 0, 577, 1, '2019-05-14 11:54:12', '2019-05-18 12:50:32');
INSERT INTO `record` VALUES (16207, 422, 577, 0, '2019-05-14 11:54:13', '2019-05-14 11:54:13');
INSERT INTO `record` VALUES (16208, 425, 577, 1, '2019-05-14 11:54:13', '2019-05-16 20:37:04');
INSERT INTO `record` VALUES (16209, 430, 577, 0, '2019-05-14 11:54:14', '2019-05-14 11:54:14');
INSERT INTO `record` VALUES (16210, 0, 578, 1, '2019-05-14 11:55:12', '2019-05-18 12:50:32');
INSERT INTO `record` VALUES (16212, 422, 578, 0, '2019-05-14 11:55:13', '2019-05-14 11:55:13');
INSERT INTO `record` VALUES (16213, 425, 578, 1, '2019-05-14 11:55:13', '2019-05-16 20:37:04');
INSERT INTO `record` VALUES (16214, 430, 578, 0, '2019-05-14 11:55:14', '2019-05-14 11:55:14');
INSERT INTO `record` VALUES (16215, 0, 579, 1, '2019-05-14 11:55:44', '2019-05-18 12:50:32');
INSERT INTO `record` VALUES (16217, 422, 579, 0, '2019-05-14 11:55:44', '2019-05-14 11:55:44');
INSERT INTO `record` VALUES (16218, 425, 579, 1, '2019-05-14 11:55:45', '2019-05-16 20:37:04');
INSERT INTO `record` VALUES (16219, 430, 579, 0, '2019-05-14 11:55:45', '2019-05-14 11:55:45');
INSERT INTO `record` VALUES (16220, 0, 580, 1, '2019-05-14 11:55:46', '2019-05-18 12:50:32');
INSERT INTO `record` VALUES (16222, 422, 580, 0, '2019-05-14 11:55:47', '2019-05-14 11:55:47');
INSERT INTO `record` VALUES (16223, 425, 580, 1, '2019-05-14 11:55:47', '2019-05-16 20:37:04');
INSERT INTO `record` VALUES (16224, 430, 580, 0, '2019-05-14 11:55:48', '2019-05-14 11:55:48');
INSERT INTO `record` VALUES (16225, 0, 581, 1, '2019-05-14 11:56:11', '2019-05-18 12:50:32');
INSERT INTO `record` VALUES (16227, 422, 581, 0, '2019-05-14 11:56:11', '2019-05-14 11:56:11');
INSERT INTO `record` VALUES (16228, 425, 581, 1, '2019-05-14 11:56:12', '2019-05-16 20:37:04');
INSERT INTO `record` VALUES (16229, 430, 581, 0, '2019-05-14 11:56:12', '2019-05-14 11:56:12');
INSERT INTO `record` VALUES (16230, 0, 582, 1, '2019-05-14 11:57:40', '2019-05-18 12:50:32');
INSERT INTO `record` VALUES (16232, 422, 582, 0, '2019-05-14 11:57:41', '2019-05-14 11:57:41');
INSERT INTO `record` VALUES (16233, 425, 582, 1, '2019-05-14 11:57:41', '2019-05-16 20:37:04');
INSERT INTO `record` VALUES (16234, 430, 582, 0, '2019-05-14 11:57:41', '2019-05-14 11:57:41');
INSERT INTO `record` VALUES (16235, 0, 583, 1, '2019-05-14 11:58:31', '2019-05-18 12:50:32');
INSERT INTO `record` VALUES (16237, 422, 583, 0, '2019-05-14 11:58:32', '2019-05-14 11:58:32');
INSERT INTO `record` VALUES (16238, 425, 583, 1, '2019-05-14 11:58:33', '2019-05-16 20:37:04');
INSERT INTO `record` VALUES (16239, 430, 583, 0, '2019-05-14 11:58:33', '2019-05-14 11:58:33');
INSERT INTO `record` VALUES (16240, 0, 584, 1, '2019-05-14 12:38:44', '2019-05-18 12:50:32');
INSERT INTO `record` VALUES (16242, 422, 584, 0, '2019-05-14 12:38:45', '2019-05-14 12:38:45');
INSERT INTO `record` VALUES (16243, 425, 584, 1, '2019-05-14 12:38:45', '2019-05-16 20:37:04');
INSERT INTO `record` VALUES (16244, 430, 584, 0, '2019-05-14 12:38:45', '2019-05-14 12:38:45');
INSERT INTO `record` VALUES (16245, 0, 585, 1, '2019-05-14 12:39:26', '2019-05-18 12:50:32');
INSERT INTO `record` VALUES (16247, 422, 585, 0, '2019-05-14 12:39:26', '2019-05-14 12:39:26');
INSERT INTO `record` VALUES (16248, 425, 585, 1, '2019-05-14 12:39:26', '2019-05-16 20:37:04');
INSERT INTO `record` VALUES (16249, 430, 585, 0, '2019-05-14 12:39:26', '2019-05-14 12:39:26');
INSERT INTO `record` VALUES (16250, 0, 586, 1, '2019-05-14 12:40:07', '2019-05-18 12:50:32');
INSERT INTO `record` VALUES (16252, 422, 586, 0, '2019-05-14 12:40:07', '2019-05-14 12:40:07');
INSERT INTO `record` VALUES (16253, 425, 586, 1, '2019-05-14 12:40:07', '2019-05-16 20:37:04');
INSERT INTO `record` VALUES (16254, 430, 586, 0, '2019-05-14 12:40:07', '2019-05-14 12:40:07');
INSERT INTO `record` VALUES (16255, 0, 587, 1, '2019-05-14 12:40:24', '2019-05-18 12:50:32');
INSERT INTO `record` VALUES (16257, 422, 587, 0, '2019-05-14 12:40:24', '2019-05-14 12:40:24');
INSERT INTO `record` VALUES (16258, 425, 587, 1, '2019-05-14 12:40:24', '2019-05-16 20:37:04');
INSERT INTO `record` VALUES (16259, 430, 587, 0, '2019-05-14 12:40:24', '2019-05-14 12:40:24');
INSERT INTO `record` VALUES (16260, 0, 588, 1, '2019-05-14 12:40:48', '2019-05-18 12:50:32');
INSERT INTO `record` VALUES (16262, 422, 588, 0, '2019-05-14 12:40:49', '2019-05-14 12:40:49');
INSERT INTO `record` VALUES (16263, 425, 588, 1, '2019-05-14 12:40:49', '2019-05-16 20:37:04');
INSERT INTO `record` VALUES (16264, 430, 588, 0, '2019-05-14 12:40:49', '2019-05-14 12:40:49');
INSERT INTO `record` VALUES (16265, 0, 589, 1, '2019-05-14 12:44:08', '2019-05-18 12:50:32');
INSERT INTO `record` VALUES (16267, 422, 589, 0, '2019-05-14 12:44:08', '2019-05-14 12:44:08');
INSERT INTO `record` VALUES (16268, 425, 589, 1, '2019-05-14 12:44:08', '2019-05-16 20:37:04');
INSERT INTO `record` VALUES (16269, 430, 589, 0, '2019-05-14 12:44:08', '2019-05-14 12:44:08');
INSERT INTO `record` VALUES (16270, 0, 590, 1, '2019-05-14 12:44:31', '2019-05-18 12:50:32');
INSERT INTO `record` VALUES (16272, 422, 590, 0, '2019-05-14 12:44:31', '2019-05-14 12:44:31');
INSERT INTO `record` VALUES (16273, 425, 590, 1, '2019-05-14 12:44:31', '2019-05-16 20:37:04');
INSERT INTO `record` VALUES (16274, 430, 590, 0, '2019-05-14 12:44:31', '2019-05-14 12:44:31');
INSERT INTO `record` VALUES (16275, 0, 591, 1, '2019-05-14 13:05:04', '2019-05-18 12:50:32');
INSERT INTO `record` VALUES (16277, 422, 591, 0, '2019-05-14 13:05:05', '2019-05-14 13:05:05');
INSERT INTO `record` VALUES (16278, 425, 591, 1, '2019-05-14 13:05:05', '2019-05-16 20:37:04');
INSERT INTO `record` VALUES (16279, 430, 591, 0, '2019-05-14 13:05:05', '2019-05-14 13:05:05');
INSERT INTO `record` VALUES (16280, 0, 592, 1, '2019-05-14 13:21:54', '2019-05-18 12:50:32');
INSERT INTO `record` VALUES (16282, 422, 592, 0, '2019-05-14 13:21:54', '2019-05-14 13:21:54');
INSERT INTO `record` VALUES (16283, 425, 592, 1, '2019-05-14 13:21:54', '2019-05-16 20:37:04');
INSERT INTO `record` VALUES (16284, 430, 592, 0, '2019-05-14 13:21:55', '2019-05-14 13:21:55');
INSERT INTO `record` VALUES (16285, 0, 593, 1, '2019-05-14 13:23:22', '2019-05-18 12:50:32');
INSERT INTO `record` VALUES (16287, 422, 593, 0, '2019-05-14 13:23:23', '2019-05-14 13:23:23');
INSERT INTO `record` VALUES (16288, 425, 593, 1, '2019-05-14 13:23:23', '2019-05-16 20:37:04');
INSERT INTO `record` VALUES (16289, 430, 593, 0, '2019-05-14 13:23:23', '2019-05-14 13:23:23');
INSERT INTO `record` VALUES (16290, 0, 594, 1, '2019-05-14 13:25:43', '2019-05-18 12:50:32');
INSERT INTO `record` VALUES (16292, 422, 594, 0, '2019-05-14 13:25:44', '2019-05-14 13:25:44');
INSERT INTO `record` VALUES (16293, 425, 594, 1, '2019-05-14 13:25:44', '2019-05-16 20:37:04');
INSERT INTO `record` VALUES (16294, 430, 594, 0, '2019-05-14 13:25:44', '2019-05-14 13:25:44');
INSERT INTO `record` VALUES (16295, 0, 595, 1, '2019-05-14 13:36:09', '2019-05-18 12:50:32');
INSERT INTO `record` VALUES (16297, 422, 595, 0, '2019-05-14 13:36:09', '2019-05-14 13:36:09');
INSERT INTO `record` VALUES (16298, 425, 595, 1, '2019-05-14 13:36:10', '2019-05-16 20:37:04');
INSERT INTO `record` VALUES (16299, 430, 595, 0, '2019-05-14 13:36:10', '2019-05-14 13:36:10');
INSERT INTO `record` VALUES (16300, 0, 596, 1, '2019-05-14 13:39:12', '2019-05-18 12:50:32');
INSERT INTO `record` VALUES (16302, 422, 596, 0, '2019-05-14 13:39:12', '2019-05-14 13:39:12');
INSERT INTO `record` VALUES (16303, 425, 596, 1, '2019-05-14 13:39:13', '2019-05-16 20:37:04');
INSERT INTO `record` VALUES (16304, 430, 596, 0, '2019-05-14 13:39:13', '2019-05-14 13:39:13');
INSERT INTO `record` VALUES (16305, 0, 597, 1, '2019-05-14 13:41:34', '2019-05-18 12:50:32');
INSERT INTO `record` VALUES (16307, 422, 597, 0, '2019-05-14 13:41:34', '2019-05-14 13:41:34');
INSERT INTO `record` VALUES (16308, 425, 597, 1, '2019-05-14 13:41:34', '2019-05-16 20:37:04');
INSERT INTO `record` VALUES (16309, 430, 597, 0, '2019-05-14 13:41:35', '2019-05-14 13:41:35');
INSERT INTO `record` VALUES (16310, 0, 598, 1, '2019-05-14 13:42:43', '2019-05-18 12:50:32');
INSERT INTO `record` VALUES (16312, 422, 598, 0, '2019-05-14 13:42:43', '2019-05-14 13:42:43');
INSERT INTO `record` VALUES (16313, 425, 598, 1, '2019-05-14 13:42:43', '2019-05-16 20:37:04');
INSERT INTO `record` VALUES (16314, 430, 598, 0, '2019-05-14 13:42:44', '2019-05-14 13:42:44');
INSERT INTO `record` VALUES (16315, 0, 599, 1, '2019-05-14 13:47:08', '2019-05-18 12:50:32');
INSERT INTO `record` VALUES (16317, 422, 599, 0, '2019-05-14 13:47:08', '2019-05-14 13:47:08');
INSERT INTO `record` VALUES (16318, 425, 599, 1, '2019-05-14 13:47:08', '2019-05-16 20:37:04');
INSERT INTO `record` VALUES (16319, 430, 599, 0, '2019-05-14 13:47:09', '2019-05-14 13:47:09');
INSERT INTO `record` VALUES (16320, 0, 600, 1, '2019-05-14 13:48:32', '2019-05-18 12:50:32');
INSERT INTO `record` VALUES (16322, 422, 600, 0, '2019-05-14 13:48:32', '2019-05-14 13:48:32');
INSERT INTO `record` VALUES (16323, 425, 600, 1, '2019-05-14 13:48:32', '2019-05-16 20:37:04');
INSERT INTO `record` VALUES (16324, 430, 600, 0, '2019-05-14 13:48:33', '2019-05-14 13:48:33');
INSERT INTO `record` VALUES (16325, 0, 601, 1, '2019-05-14 13:49:20', '2019-05-18 12:50:32');
INSERT INTO `record` VALUES (16327, 422, 601, 0, '2019-05-14 13:49:21', '2019-05-14 13:49:21');
INSERT INTO `record` VALUES (16328, 425, 601, 1, '2019-05-14 13:49:21', '2019-05-16 20:37:04');
INSERT INTO `record` VALUES (16329, 430, 601, 0, '2019-05-14 13:49:21', '2019-05-14 13:49:21');
INSERT INTO `record` VALUES (16330, 0, 602, 1, '2019-05-14 13:50:18', '2019-05-18 12:50:32');
INSERT INTO `record` VALUES (16332, 422, 602, 0, '2019-05-14 13:50:18', '2019-05-14 13:50:18');
INSERT INTO `record` VALUES (16333, 425, 602, 1, '2019-05-14 13:50:18', '2019-05-16 20:37:04');
INSERT INTO `record` VALUES (16334, 430, 602, 0, '2019-05-14 13:50:19', '2019-05-14 13:50:19');
INSERT INTO `record` VALUES (16335, 0, 603, 1, '2019-05-14 13:51:53', '2019-05-18 12:50:32');
INSERT INTO `record` VALUES (16337, 422, 603, 0, '2019-05-14 13:51:53', '2019-05-14 13:51:53');
INSERT INTO `record` VALUES (16338, 425, 603, 1, '2019-05-14 13:51:53', '2019-05-16 20:37:04');
INSERT INTO `record` VALUES (16339, 430, 603, 0, '2019-05-14 13:51:54', '2019-05-14 13:51:54');
INSERT INTO `record` VALUES (16340, 0, 604, 1, '2019-05-14 13:52:00', '2019-05-18 12:50:32');
INSERT INTO `record` VALUES (16342, 422, 604, 0, '2019-05-14 13:52:00', '2019-05-14 13:52:00');
INSERT INTO `record` VALUES (16343, 425, 604, 1, '2019-05-14 13:52:01', '2019-05-16 20:37:04');
INSERT INTO `record` VALUES (16344, 430, 604, 0, '2019-05-14 13:52:01', '2019-05-14 13:52:01');
INSERT INTO `record` VALUES (16345, 0, 605, 1, '2019-05-14 13:52:32', '2019-05-18 12:50:32');
INSERT INTO `record` VALUES (16347, 422, 605, 0, '2019-05-14 13:52:32', '2019-05-14 13:52:32');
INSERT INTO `record` VALUES (16348, 425, 605, 1, '2019-05-14 13:52:33', '2019-05-16 20:37:04');
INSERT INTO `record` VALUES (16349, 430, 605, 0, '2019-05-14 13:52:33', '2019-05-14 13:52:33');
INSERT INTO `record` VALUES (16350, 0, 606, 1, '2019-05-14 13:52:37', '2019-05-18 12:50:32');
INSERT INTO `record` VALUES (16352, 422, 606, 0, '2019-05-14 13:52:37', '2019-05-14 13:52:37');
INSERT INTO `record` VALUES (16353, 425, 606, 1, '2019-05-14 13:52:37', '2019-05-16 20:37:04');
INSERT INTO `record` VALUES (16354, 430, 606, 0, '2019-05-14 13:52:38', '2019-05-14 13:52:38');
INSERT INTO `record` VALUES (16355, 0, 607, 1, '2019-05-14 13:53:09', '2019-05-18 12:50:32');
INSERT INTO `record` VALUES (16357, 422, 607, 0, '2019-05-14 13:53:09', '2019-05-14 13:53:09');
INSERT INTO `record` VALUES (16358, 425, 607, 1, '2019-05-14 13:53:10', '2019-05-16 20:37:04');
INSERT INTO `record` VALUES (16359, 430, 607, 0, '2019-05-14 13:53:10', '2019-05-14 13:53:10');
INSERT INTO `record` VALUES (16360, 0, 608, 1, '2019-05-14 13:53:34', '2019-05-18 12:50:32');
INSERT INTO `record` VALUES (16362, 422, 608, 0, '2019-05-14 13:53:34', '2019-05-14 13:53:34');
INSERT INTO `record` VALUES (16363, 425, 608, 1, '2019-05-14 13:53:34', '2019-05-16 20:37:04');
INSERT INTO `record` VALUES (16364, 430, 608, 0, '2019-05-14 13:53:35', '2019-05-14 13:53:35');
INSERT INTO `record` VALUES (16365, 0, 609, 1, '2019-05-14 13:54:22', '2019-05-18 12:50:32');
INSERT INTO `record` VALUES (16367, 422, 609, 0, '2019-05-14 13:54:22', '2019-05-14 13:54:22');
INSERT INTO `record` VALUES (16368, 425, 609, 1, '2019-05-14 13:54:22', '2019-05-16 20:37:04');
INSERT INTO `record` VALUES (16369, 430, 609, 0, '2019-05-14 13:54:23', '2019-05-14 13:54:23');
INSERT INTO `record` VALUES (16370, 0, 610, 1, '2019-05-14 13:55:26', '2019-05-18 12:50:32');
INSERT INTO `record` VALUES (16372, 422, 610, 0, '2019-05-14 13:55:27', '2019-05-14 13:55:27');
INSERT INTO `record` VALUES (16373, 425, 610, 1, '2019-05-14 13:55:27', '2019-05-16 20:37:04');
INSERT INTO `record` VALUES (16374, 430, 610, 0, '2019-05-14 13:55:27', '2019-05-14 13:55:27');
INSERT INTO `record` VALUES (16375, 0, 611, 1, '2019-05-14 13:57:18', '2019-05-18 12:50:32');
INSERT INTO `record` VALUES (16377, 422, 611, 0, '2019-05-14 13:57:18', '2019-05-14 13:57:18');
INSERT INTO `record` VALUES (16378, 425, 611, 1, '2019-05-14 13:57:19', '2019-05-16 20:37:04');
INSERT INTO `record` VALUES (16379, 430, 611, 0, '2019-05-14 13:57:19', '2019-05-14 13:57:19');
INSERT INTO `record` VALUES (16380, 0, 612, 1, '2019-05-14 13:58:44', '2019-05-18 12:50:32');
INSERT INTO `record` VALUES (16382, 422, 612, 0, '2019-05-14 13:58:44', '2019-05-14 13:58:44');
INSERT INTO `record` VALUES (16383, 425, 612, 1, '2019-05-14 13:58:44', '2019-05-16 20:37:04');
INSERT INTO `record` VALUES (16384, 430, 612, 0, '2019-05-14 13:58:45', '2019-05-14 13:58:45');
INSERT INTO `record` VALUES (16385, 0, 613, 1, '2019-05-14 13:59:00', '2019-05-18 12:50:32');
INSERT INTO `record` VALUES (16387, 422, 613, 0, '2019-05-14 13:59:00', '2019-05-14 13:59:00');
INSERT INTO `record` VALUES (16388, 425, 613, 1, '2019-05-14 13:59:00', '2019-05-16 20:37:04');
INSERT INTO `record` VALUES (16389, 430, 613, 0, '2019-05-14 13:59:00', '2019-05-14 13:59:00');
INSERT INTO `record` VALUES (16390, 0, 614, 1, '2019-05-14 13:59:49', '2019-05-18 12:50:32');
INSERT INTO `record` VALUES (16392, 422, 614, 0, '2019-05-14 13:59:50', '2019-05-14 13:59:50');
INSERT INTO `record` VALUES (16393, 425, 614, 1, '2019-05-14 13:59:50', '2019-05-16 20:37:04');
INSERT INTO `record` VALUES (16394, 430, 614, 0, '2019-05-14 13:59:50', '2019-05-14 13:59:50');
INSERT INTO `record` VALUES (16395, 0, 615, 1, '2019-05-14 14:00:25', '2019-05-18 12:50:32');
INSERT INTO `record` VALUES (16397, 422, 615, 0, '2019-05-14 14:00:25', '2019-05-14 14:00:25');
INSERT INTO `record` VALUES (16398, 425, 615, 1, '2019-05-14 14:00:25', '2019-05-16 20:37:04');
INSERT INTO `record` VALUES (16399, 430, 615, 0, '2019-05-14 14:00:25', '2019-05-14 14:00:25');
INSERT INTO `record` VALUES (16400, 0, 616, 1, '2019-05-14 14:01:26', '2019-05-18 12:50:32');
INSERT INTO `record` VALUES (16402, 422, 616, 0, '2019-05-14 14:01:26', '2019-05-14 14:01:26');
INSERT INTO `record` VALUES (16403, 425, 616, 1, '2019-05-14 14:01:26', '2019-05-16 20:37:04');
INSERT INTO `record` VALUES (16404, 430, 616, 0, '2019-05-14 14:01:26', '2019-05-14 14:01:26');
INSERT INTO `record` VALUES (16405, 0, 617, 1, '2019-05-14 14:07:02', '2019-05-18 12:50:32');
INSERT INTO `record` VALUES (16407, 422, 617, 0, '2019-05-14 14:07:02', '2019-05-14 14:07:02');
INSERT INTO `record` VALUES (16408, 425, 617, 1, '2019-05-14 14:07:02', '2019-05-16 20:37:04');
INSERT INTO `record` VALUES (16409, 430, 617, 0, '2019-05-14 14:07:03', '2019-05-14 14:07:03');
INSERT INTO `record` VALUES (16410, 0, 618, 1, '2019-05-14 14:40:41', '2019-05-18 12:50:32');
INSERT INTO `record` VALUES (16412, 422, 618, 0, '2019-05-14 14:40:41', '2019-05-14 14:40:41');
INSERT INTO `record` VALUES (16413, 425, 618, 1, '2019-05-14 14:40:42', '2019-05-16 20:37:04');
INSERT INTO `record` VALUES (16414, 430, 618, 0, '2019-05-14 14:40:42', '2019-05-14 14:40:42');
INSERT INTO `record` VALUES (16415, 0, 619, 1, '2019-05-14 14:41:59', '2019-05-18 12:50:32');
INSERT INTO `record` VALUES (16417, 422, 619, 0, '2019-05-14 14:42:00', '2019-05-14 14:42:00');
INSERT INTO `record` VALUES (16418, 425, 619, 1, '2019-05-14 14:42:00', '2019-05-16 20:37:04');
INSERT INTO `record` VALUES (16419, 430, 619, 0, '2019-05-14 14:42:00', '2019-05-14 14:42:00');
INSERT INTO `record` VALUES (16420, 0, 620, 1, '2019-05-14 14:42:59', '2019-05-18 12:50:32');
INSERT INTO `record` VALUES (16422, 422, 620, 0, '2019-05-14 14:42:59', '2019-05-14 14:42:59');
INSERT INTO `record` VALUES (16423, 425, 620, 1, '2019-05-14 14:42:59', '2019-05-16 20:37:04');
INSERT INTO `record` VALUES (16424, 430, 620, 0, '2019-05-14 14:43:00', '2019-05-14 14:43:00');
INSERT INTO `record` VALUES (16425, 0, 621, 1, '2019-05-14 14:43:53', '2019-05-18 12:50:32');
INSERT INTO `record` VALUES (16427, 422, 621, 0, '2019-05-14 14:43:54', '2019-05-14 14:43:54');
INSERT INTO `record` VALUES (16428, 425, 621, 1, '2019-05-14 14:43:54', '2019-05-16 20:37:04');
INSERT INTO `record` VALUES (16429, 430, 621, 0, '2019-05-14 14:43:54', '2019-05-14 14:43:54');
INSERT INTO `record` VALUES (16430, 0, 622, 1, '2019-05-14 14:45:03', '2019-05-18 12:50:32');
INSERT INTO `record` VALUES (16432, 422, 622, 0, '2019-05-14 14:45:03', '2019-05-14 14:45:03');
INSERT INTO `record` VALUES (16433, 425, 622, 1, '2019-05-14 14:45:03', '2019-05-16 20:37:04');
INSERT INTO `record` VALUES (16434, 430, 622, 0, '2019-05-14 14:45:04', '2019-05-14 14:45:04');
INSERT INTO `record` VALUES (16435, 0, 623, 1, '2019-05-14 14:47:49', '2019-05-18 12:50:32');
INSERT INTO `record` VALUES (16437, 422, 623, 0, '2019-05-14 14:47:49', '2019-05-14 14:47:49');
INSERT INTO `record` VALUES (16438, 425, 623, 1, '2019-05-14 14:47:49', '2019-05-16 20:37:04');
INSERT INTO `record` VALUES (16439, 430, 623, 0, '2019-05-14 14:47:50', '2019-05-14 14:47:50');
INSERT INTO `record` VALUES (16440, 0, 624, 1, '2019-05-14 15:18:18', '2019-05-18 12:50:32');
INSERT INTO `record` VALUES (16442, 422, 624, 0, '2019-05-14 15:18:18', '2019-05-14 15:18:18');
INSERT INTO `record` VALUES (16443, 425, 624, 1, '2019-05-14 15:18:18', '2019-05-16 20:37:04');
INSERT INTO `record` VALUES (16444, 430, 624, 0, '2019-05-14 15:18:19', '2019-05-14 15:18:19');
INSERT INTO `record` VALUES (16445, 0, 625, 1, '2019-05-14 15:19:28', '2019-05-18 12:50:32');
INSERT INTO `record` VALUES (16447, 422, 625, 0, '2019-05-14 15:19:28', '2019-05-14 15:19:28');
INSERT INTO `record` VALUES (16448, 425, 625, 1, '2019-05-14 15:19:28', '2019-05-16 20:37:04');
INSERT INTO `record` VALUES (16449, 430, 625, 0, '2019-05-14 15:19:28', '2019-05-14 15:19:28');
INSERT INTO `record` VALUES (16450, 0, 626, 1, '2019-05-14 15:21:07', '2019-05-18 12:50:32');
INSERT INTO `record` VALUES (16452, 422, 626, 0, '2019-05-14 15:21:07', '2019-05-14 15:21:07');
INSERT INTO `record` VALUES (16453, 425, 626, 1, '2019-05-14 15:21:08', '2019-05-16 20:37:04');
INSERT INTO `record` VALUES (16454, 430, 626, 0, '2019-05-14 15:21:08', '2019-05-14 15:21:08');
INSERT INTO `record` VALUES (16455, 0, 627, 1, '2019-05-14 15:21:59', '2019-05-18 12:50:32');
INSERT INTO `record` VALUES (16457, 422, 627, 0, '2019-05-14 15:22:00', '2019-05-14 15:22:00');
INSERT INTO `record` VALUES (16458, 425, 627, 1, '2019-05-14 15:22:00', '2019-05-16 20:37:04');
INSERT INTO `record` VALUES (16459, 430, 627, 0, '2019-05-14 15:22:00', '2019-05-14 15:22:00');
INSERT INTO `record` VALUES (16460, 0, 628, 1, '2019-05-14 15:23:27', '2019-05-18 12:50:32');
INSERT INTO `record` VALUES (16462, 422, 628, 0, '2019-05-14 15:23:27', '2019-05-14 15:23:27');
INSERT INTO `record` VALUES (16463, 425, 628, 1, '2019-05-14 15:23:28', '2019-05-16 20:37:04');
INSERT INTO `record` VALUES (16464, 430, 628, 0, '2019-05-14 15:23:28', '2019-05-14 15:23:28');
INSERT INTO `record` VALUES (16465, 0, 629, 1, '2019-05-14 15:28:10', '2019-05-18 12:50:32');
INSERT INTO `record` VALUES (16467, 422, 629, 0, '2019-05-14 15:28:10', '2019-05-14 15:28:10');
INSERT INTO `record` VALUES (16468, 425, 629, 1, '2019-05-14 15:28:10', '2019-05-16 20:37:04');
INSERT INTO `record` VALUES (16469, 430, 629, 0, '2019-05-14 15:28:10', '2019-05-14 15:28:10');
INSERT INTO `record` VALUES (16470, 0, 630, 1, '2019-05-14 15:29:33', '2019-05-18 12:50:32');
INSERT INTO `record` VALUES (16472, 422, 630, 0, '2019-05-14 15:29:34', '2019-05-14 15:29:34');
INSERT INTO `record` VALUES (16473, 425, 630, 1, '2019-05-14 15:29:34', '2019-05-16 20:37:04');
INSERT INTO `record` VALUES (16474, 430, 630, 0, '2019-05-14 15:29:35', '2019-05-14 15:29:35');
INSERT INTO `record` VALUES (16475, 0, 631, 1, '2019-05-14 15:33:19', '2019-05-18 12:50:32');
INSERT INTO `record` VALUES (16477, 422, 631, 0, '2019-05-14 15:33:20', '2019-05-14 15:33:20');
INSERT INTO `record` VALUES (16478, 425, 631, 1, '2019-05-14 15:33:20', '2019-05-16 20:37:04');
INSERT INTO `record` VALUES (16479, 430, 631, 0, '2019-05-14 15:33:20', '2019-05-14 15:33:20');
INSERT INTO `record` VALUES (16480, 0, 632, 1, '2019-05-14 15:34:04', '2019-05-18 12:50:32');
INSERT INTO `record` VALUES (16482, 422, 632, 0, '2019-05-14 15:34:05', '2019-05-14 15:34:05');
INSERT INTO `record` VALUES (16483, 425, 632, 1, '2019-05-14 15:34:05', '2019-05-16 20:37:04');
INSERT INTO `record` VALUES (16484, 430, 632, 0, '2019-05-14 15:34:05', '2019-05-14 15:34:05');
INSERT INTO `record` VALUES (16485, 0, 633, 1, '2019-05-14 15:34:40', '2019-05-18 12:50:32');
INSERT INTO `record` VALUES (16487, 422, 633, 0, '2019-05-14 15:34:41', '2019-05-14 15:34:41');
INSERT INTO `record` VALUES (16488, 425, 633, 1, '2019-05-14 15:34:41', '2019-05-16 20:37:04');
INSERT INTO `record` VALUES (16489, 430, 633, 0, '2019-05-14 15:34:41', '2019-05-14 15:34:41');
INSERT INTO `record` VALUES (16490, 0, 634, 1, '2019-05-14 15:38:22', '2019-05-18 12:50:32');
INSERT INTO `record` VALUES (16492, 422, 634, 0, '2019-05-14 15:38:23', '2019-05-14 15:38:23');
INSERT INTO `record` VALUES (16493, 425, 634, 1, '2019-05-14 15:38:23', '2019-05-16 20:37:04');
INSERT INTO `record` VALUES (16494, 430, 634, 0, '2019-05-14 15:38:23', '2019-05-14 15:38:23');
INSERT INTO `record` VALUES (16495, 0, 635, 1, '2019-05-14 15:39:02', '2019-05-18 12:50:32');
INSERT INTO `record` VALUES (16497, 422, 635, 0, '2019-05-14 15:39:03', '2019-05-14 15:39:03');
INSERT INTO `record` VALUES (16498, 425, 635, 1, '2019-05-14 15:39:03', '2019-05-16 20:37:04');
INSERT INTO `record` VALUES (16499, 430, 635, 0, '2019-05-14 15:39:03', '2019-05-14 15:39:03');
INSERT INTO `record` VALUES (16500, 0, 636, 1, '2019-05-14 15:39:10', '2019-05-18 12:50:32');
INSERT INTO `record` VALUES (16502, 422, 636, 0, '2019-05-14 15:39:11', '2019-05-14 15:39:11');
INSERT INTO `record` VALUES (16503, 425, 636, 1, '2019-05-14 15:39:11', '2019-05-16 20:37:04');
INSERT INTO `record` VALUES (16504, 430, 636, 0, '2019-05-14 15:39:11', '2019-05-14 15:39:11');
INSERT INTO `record` VALUES (16505, 0, 637, 1, '2019-05-14 15:45:04', '2019-05-18 12:50:32');
INSERT INTO `record` VALUES (16507, 422, 637, 0, '2019-05-14 15:45:04', '2019-05-14 15:45:04');
INSERT INTO `record` VALUES (16508, 425, 637, 1, '2019-05-14 15:45:04', '2019-05-16 20:37:04');
INSERT INTO `record` VALUES (16509, 430, 637, 0, '2019-05-14 15:45:04', '2019-05-14 15:45:04');
INSERT INTO `record` VALUES (16510, 433, 637, 1, '2019-05-14 15:45:05', '2019-05-14 15:46:36');
INSERT INTO `record` VALUES (16511, 0, 638, 1, '2019-05-14 15:45:19', '2019-05-18 12:50:32');
INSERT INTO `record` VALUES (16513, 422, 638, 0, '2019-05-14 15:45:19', '2019-05-14 15:45:19');
INSERT INTO `record` VALUES (16514, 425, 638, 1, '2019-05-14 15:45:19', '2019-05-16 20:37:04');
INSERT INTO `record` VALUES (16515, 430, 638, 0, '2019-05-14 15:45:20', '2019-05-14 15:45:20');
INSERT INTO `record` VALUES (16516, 433, 638, 1, '2019-05-14 15:45:20', '2019-05-14 15:46:36');
INSERT INTO `record` VALUES (16517, 0, 639, 1, '2019-05-14 15:45:32', '2019-05-18 12:50:32');
INSERT INTO `record` VALUES (16519, 422, 639, 0, '2019-05-14 15:45:33', '2019-05-14 15:45:33');
INSERT INTO `record` VALUES (16520, 425, 639, 1, '2019-05-14 15:45:33', '2019-05-16 20:37:04');
INSERT INTO `record` VALUES (16521, 430, 639, 0, '2019-05-14 15:45:33', '2019-05-14 15:45:33');
INSERT INTO `record` VALUES (16522, 433, 639, 1, '2019-05-14 15:45:33', '2019-05-14 15:46:36');
INSERT INTO `record` VALUES (16523, 210, 640, 1, '2019-05-14 17:14:32', '2019-05-14 18:00:59');
INSERT INTO `record` VALUES (16524, 445, 640, 1, '2019-05-14 17:14:32', '2019-05-14 17:14:58');
INSERT INTO `record` VALUES (16525, 210, 641, 1, '2019-05-14 17:27:32', '2019-05-14 18:00:59');
INSERT INTO `record` VALUES (16526, 445, 641, 0, '2019-05-14 17:27:32', '2019-05-14 17:27:32');
INSERT INTO `record` VALUES (16527, 446, 641, 1, '2019-05-14 17:27:32', '2019-05-14 17:27:41');
INSERT INTO `record` VALUES (16528, 210, 642, 1, '2019-05-14 17:59:54', '2019-05-14 18:00:59');
INSERT INTO `record` VALUES (16529, 445, 642, 0, '2019-05-14 17:59:54', '2019-05-14 17:59:54');
INSERT INTO `record` VALUES (16530, 446, 642, 0, '2019-05-14 17:59:54', '2019-05-14 17:59:54');
INSERT INTO `record` VALUES (16531, 447, 642, 1, '2019-05-14 17:59:54', '2019-05-14 18:00:40');
INSERT INTO `record` VALUES (16532, 210, 643, 1, '2019-05-14 20:37:12', '2019-05-14 21:08:59');
INSERT INTO `record` VALUES (16533, 445, 643, 0, '2019-05-14 20:37:12', '2019-05-14 20:37:12');
INSERT INTO `record` VALUES (16534, 446, 643, 0, '2019-05-14 20:37:12', '2019-05-14 20:37:12');
INSERT INTO `record` VALUES (16535, 448, 643, 0, '2019-05-14 20:37:12', '2019-05-14 20:37:12');
INSERT INTO `record` VALUES (16536, 210, 644, 1, '2019-05-14 21:08:40', '2019-05-14 21:08:59');
INSERT INTO `record` VALUES (16537, 445, 644, 0, '2019-05-14 21:08:40', '2019-05-14 21:08:40');
INSERT INTO `record` VALUES (16538, 446, 644, 0, '2019-05-14 21:08:40', '2019-05-14 21:08:40');
INSERT INTO `record` VALUES (16539, 448, 644, 0, '2019-05-14 21:08:40', '2019-05-14 21:08:40');
INSERT INTO `record` VALUES (16540, 449, 644, 1, '2019-05-14 21:08:40', '2019-05-14 21:08:45');
INSERT INTO `record` VALUES (16541, 210, 645, 1, '2019-05-14 21:14:17', '2019-05-14 21:14:52');
INSERT INTO `record` VALUES (16542, 445, 645, 0, '2019-05-14 21:14:18', '2019-05-14 21:14:18');
INSERT INTO `record` VALUES (16543, 446, 645, 0, '2019-05-14 21:14:18', '2019-05-14 21:14:18');
INSERT INTO `record` VALUES (16544, 448, 645, 0, '2019-05-14 21:14:18', '2019-05-14 21:14:18');
INSERT INTO `record` VALUES (16545, 449, 645, 0, '2019-05-14 21:14:18', '2019-05-14 21:14:18');
INSERT INTO `record` VALUES (16546, 210, 646, 1, '2019-05-14 21:16:20', '2019-05-14 21:16:48');
INSERT INTO `record` VALUES (16547, 445, 646, 0, '2019-05-14 21:16:21', '2019-05-14 21:16:21');
INSERT INTO `record` VALUES (16548, 446, 646, 0, '2019-05-14 21:16:21', '2019-05-14 21:16:21');
INSERT INTO `record` VALUES (16549, 448, 646, 0, '2019-05-14 21:16:21', '2019-05-14 21:16:21');
INSERT INTO `record` VALUES (16550, 449, 646, 0, '2019-05-14 21:16:21', '2019-05-14 21:16:21');
INSERT INTO `record` VALUES (16551, 450, 646, 1, '2019-05-14 21:16:21', '2019-05-14 21:16:31');
INSERT INTO `record` VALUES (16552, 210, 647, 1, '2019-05-14 21:50:37', '2019-05-14 22:02:40');
INSERT INTO `record` VALUES (16553, 452, 647, 1, '2019-05-14 21:50:37', '2019-05-14 21:51:30');
INSERT INTO `record` VALUES (16554, 210, 648, 1, '2019-05-14 21:53:08', '2019-05-14 22:02:40');
INSERT INTO `record` VALUES (16555, 452, 648, 0, '2019-05-14 21:53:08', '2019-05-14 21:53:08');
INSERT INTO `record` VALUES (16556, 210, 649, 1, '2019-05-14 21:53:14', '2019-05-14 22:02:40');
INSERT INTO `record` VALUES (16557, 452, 649, 0, '2019-05-14 21:53:14', '2019-05-14 21:53:14');
INSERT INTO `record` VALUES (16558, 210, 650, 1, '2019-05-14 21:53:15', '2019-05-14 22:02:40');
INSERT INTO `record` VALUES (16559, 452, 650, 0, '2019-05-14 21:53:15', '2019-05-14 21:53:15');
INSERT INTO `record` VALUES (16560, 210, 651, 1, '2019-05-14 21:53:16', '2019-05-14 22:02:40');
INSERT INTO `record` VALUES (16561, 452, 651, 0, '2019-05-14 21:53:16', '2019-05-14 21:53:16');
INSERT INTO `record` VALUES (16562, 210, 652, 1, '2019-05-14 21:53:17', '2019-05-14 22:02:40');
INSERT INTO `record` VALUES (16563, 452, 652, 0, '2019-05-14 21:53:17', '2019-05-14 21:53:17');
INSERT INTO `record` VALUES (16564, 210, 653, 1, '2019-05-14 21:53:27', '2019-05-14 22:02:40');
INSERT INTO `record` VALUES (16565, 452, 653, 0, '2019-05-14 21:53:27', '2019-05-14 21:53:27');
INSERT INTO `record` VALUES (16566, 210, 654, 1, '2019-05-14 22:08:16', '2019-05-14 22:08:21');
INSERT INTO `record` VALUES (16567, 454, 654, 1, '2019-05-14 22:08:16', '2019-05-14 22:08:38');
INSERT INTO `record` VALUES (16568, 210, 655, 1, '2019-05-14 22:12:20', '2019-05-14 22:14:05');
INSERT INTO `record` VALUES (16569, 455, 655, 0, '2019-05-14 22:12:20', '2019-05-14 22:12:20');
INSERT INTO `record` VALUES (16570, 210, 656, 1, '2019-05-14 22:21:29', '2019-05-14 22:23:12');
INSERT INTO `record` VALUES (16571, 456, 656, 0, '2019-05-14 22:21:29', '2019-05-14 22:21:29');
INSERT INTO `record` VALUES (16572, 210, 657, 1, '2019-05-14 22:30:14', '2019-05-14 22:30:35');
INSERT INTO `record` VALUES (16573, 456, 657, 0, '2019-05-14 22:30:15', '2019-05-14 22:30:15');
INSERT INTO `record` VALUES (16574, 457, 657, 1, '2019-05-14 22:30:15', '2019-05-14 22:30:45');
INSERT INTO `record` VALUES (16575, 210, 658, 1, '2019-05-14 23:15:58', '2019-05-14 23:36:16');
INSERT INTO `record` VALUES (16576, 456, 658, 0, '2019-05-14 23:15:58', '2019-05-14 23:15:58');
INSERT INTO `record` VALUES (16577, 457, 658, 0, '2019-05-14 23:15:58', '2019-05-14 23:15:58');
INSERT INTO `record` VALUES (16578, 458, 658, 1, '2019-05-14 23:15:58', '2019-05-14 23:18:10');
INSERT INTO `record` VALUES (16579, 210, 659, 1, '2019-05-14 23:29:25', '2019-05-14 23:36:16');
INSERT INTO `record` VALUES (16580, 456, 659, 0, '2019-05-14 23:29:25', '2019-05-14 23:29:25');
INSERT INTO `record` VALUES (16581, 457, 659, 0, '2019-05-14 23:29:25', '2019-05-14 23:29:25');
INSERT INTO `record` VALUES (16582, 458, 659, 0, '2019-05-14 23:29:25', '2019-05-14 23:29:25');
INSERT INTO `record` VALUES (16583, 459, 659, 1, '2019-05-14 23:29:25', '2019-05-14 23:29:34');
INSERT INTO `record` VALUES (16584, 210, 660, 1, '2019-05-14 23:36:40', '2019-05-15 03:45:35');
INSERT INTO `record` VALUES (16585, 456, 660, 0, '2019-05-14 23:36:40', '2019-05-14 23:36:40');
INSERT INTO `record` VALUES (16586, 457, 660, 0, '2019-05-14 23:36:40', '2019-05-14 23:36:40');
INSERT INTO `record` VALUES (16587, 458, 660, 0, '2019-05-14 23:36:40', '2019-05-14 23:36:40');
INSERT INTO `record` VALUES (16588, 459, 660, 0, '2019-05-14 23:36:40', '2019-05-14 23:36:40');
INSERT INTO `record` VALUES (16589, 460, 660, 1, '2019-05-14 23:36:40', '2019-05-14 23:36:45');
INSERT INTO `record` VALUES (16590, 0, 661, 0, '2019-05-15 03:45:17', '2019-05-15 03:45:17');
INSERT INTO `record` VALUES (16591, 210, 661, 1, '2019-05-15 03:45:17', '2019-05-15 03:45:37');
INSERT INTO `record` VALUES (16592, 0, 662, 0, '2019-05-15 03:45:22', '2019-05-15 03:45:22');
INSERT INTO `record` VALUES (16593, 210, 662, 1, '2019-05-15 03:45:22', '2019-05-15 03:45:37');
INSERT INTO `record` VALUES (16594, 0, 663, 0, '2019-05-15 03:45:29', '2019-05-15 03:45:29');
INSERT INTO `record` VALUES (16595, 210, 663, 1, '2019-05-15 03:45:29', '2019-05-15 03:45:37');
INSERT INTO `record` VALUES (16596, 210, 664, 1, '2019-05-15 05:47:55', '2019-05-15 05:48:08');
INSERT INTO `record` VALUES (16597, 463, 664, 1, '2019-05-15 05:47:55', '2019-05-15 05:47:59');
INSERT INTO `record` VALUES (16598, 0, 665, 1, '2019-05-15 14:39:40', '2019-05-18 12:50:32');
INSERT INTO `record` VALUES (16600, 422, 665, 0, '2019-05-15 14:39:40', '2019-05-15 14:39:40');
INSERT INTO `record` VALUES (16601, 425, 665, 1, '2019-05-15 14:39:40', '2019-05-16 20:37:04');
INSERT INTO `record` VALUES (16602, 430, 665, 0, '2019-05-15 14:39:40', '2019-05-15 14:39:40');
INSERT INTO `record` VALUES (16603, 433, 665, 0, '2019-05-15 14:39:40', '2019-05-15 14:39:40');
INSERT INTO `record` VALUES (16604, 440, 665, 0, '2019-05-15 14:39:40', '2019-05-15 14:39:40');
INSERT INTO `record` VALUES (16605, 443, 665, 0, '2019-05-15 14:39:40', '2019-05-15 14:39:40');
INSERT INTO `record` VALUES (16606, 445, 665, 0, '2019-05-15 14:39:40', '2019-05-15 14:39:40');
INSERT INTO `record` VALUES (16607, 446, 665, 0, '2019-05-15 14:39:40', '2019-05-15 14:39:40');
INSERT INTO `record` VALUES (16608, 447, 665, 0, '2019-05-15 14:39:40', '2019-05-15 14:39:40');
INSERT INTO `record` VALUES (16609, 448, 665, 0, '2019-05-15 14:39:40', '2019-05-15 14:39:40');
INSERT INTO `record` VALUES (16610, 449, 665, 0, '2019-05-15 14:39:40', '2019-05-15 14:39:40');
INSERT INTO `record` VALUES (16611, 450, 665, 0, '2019-05-15 14:39:40', '2019-05-15 14:39:40');
INSERT INTO `record` VALUES (16612, 451, 665, 0, '2019-05-15 14:39:40', '2019-05-15 14:39:40');
INSERT INTO `record` VALUES (16613, 452, 665, 0, '2019-05-15 14:39:40', '2019-05-15 14:39:40');
INSERT INTO `record` VALUES (16614, 453, 665, 0, '2019-05-15 14:39:40', '2019-05-15 14:39:40');
INSERT INTO `record` VALUES (16615, 454, 665, 0, '2019-05-15 14:39:40', '2019-05-15 14:39:40');
INSERT INTO `record` VALUES (16616, 455, 665, 0, '2019-05-15 14:39:40', '2019-05-15 14:39:40');
INSERT INTO `record` VALUES (16617, 456, 665, 0, '2019-05-15 14:39:40', '2019-05-15 14:39:40');
INSERT INTO `record` VALUES (16618, 457, 665, 0, '2019-05-15 14:39:40', '2019-05-15 14:39:40');
INSERT INTO `record` VALUES (16619, 458, 665, 0, '2019-05-15 14:39:40', '2019-05-15 14:39:40');
INSERT INTO `record` VALUES (16620, 459, 665, 0, '2019-05-15 14:39:40', '2019-05-15 14:39:40');
INSERT INTO `record` VALUES (16621, 460, 665, 0, '2019-05-15 14:39:40', '2019-05-15 14:39:40');
INSERT INTO `record` VALUES (16622, 463, 665, 0, '2019-05-15 14:39:40', '2019-05-15 14:39:40');
INSERT INTO `record` VALUES (16623, 464, 665, 0, '2019-05-15 14:39:40', '2019-05-15 14:39:40');
INSERT INTO `record` VALUES (16624, 465, 665, 0, '2019-05-15 14:39:40', '2019-05-15 14:39:40');
INSERT INTO `record` VALUES (16625, 466, 665, 0, '2019-05-15 14:39:40', '2019-05-15 14:39:40');
INSERT INTO `record` VALUES (16626, 467, 665, 0, '2019-05-15 14:39:40', '2019-05-15 14:39:40');
INSERT INTO `record` VALUES (16627, 468, 665, 0, '2019-05-15 14:39:40', '2019-05-15 14:39:40');
INSERT INTO `record` VALUES (16628, 469, 665, 0, '2019-05-15 14:39:40', '2019-05-15 14:39:40');
INSERT INTO `record` VALUES (16629, 470, 665, 0, '2019-05-15 14:39:40', '2019-05-15 14:39:40');
INSERT INTO `record` VALUES (16630, 471, 665, 1, '2019-05-15 14:39:40', '2019-05-15 15:03:01');
INSERT INTO `record` VALUES (16631, 0, 666, 1, '2019-05-15 14:40:03', '2019-05-18 12:50:32');
INSERT INTO `record` VALUES (16633, 422, 666, 0, '2019-05-15 14:40:03', '2019-05-15 14:40:03');
INSERT INTO `record` VALUES (16634, 425, 666, 1, '2019-05-15 14:40:03', '2019-05-16 20:37:04');
INSERT INTO `record` VALUES (16635, 430, 666, 0, '2019-05-15 14:40:03', '2019-05-15 14:40:03');
INSERT INTO `record` VALUES (16636, 433, 666, 0, '2019-05-15 14:40:03', '2019-05-15 14:40:03');
INSERT INTO `record` VALUES (16637, 440, 666, 0, '2019-05-15 14:40:03', '2019-05-15 14:40:03');
INSERT INTO `record` VALUES (16638, 443, 666, 0, '2019-05-15 14:40:03', '2019-05-15 14:40:03');
INSERT INTO `record` VALUES (16639, 445, 666, 0, '2019-05-15 14:40:03', '2019-05-15 14:40:03');
INSERT INTO `record` VALUES (16640, 446, 666, 0, '2019-05-15 14:40:03', '2019-05-15 14:40:03');
INSERT INTO `record` VALUES (16641, 447, 666, 0, '2019-05-15 14:40:03', '2019-05-15 14:40:03');
INSERT INTO `record` VALUES (16642, 448, 666, 0, '2019-05-15 14:40:03', '2019-05-15 14:40:03');
INSERT INTO `record` VALUES (16643, 449, 666, 0, '2019-05-15 14:40:03', '2019-05-15 14:40:03');
INSERT INTO `record` VALUES (16644, 450, 666, 0, '2019-05-15 14:40:03', '2019-05-15 14:40:03');
INSERT INTO `record` VALUES (16645, 451, 666, 0, '2019-05-15 14:40:03', '2019-05-15 14:40:03');
INSERT INTO `record` VALUES (16646, 452, 666, 0, '2019-05-15 14:40:03', '2019-05-15 14:40:03');
INSERT INTO `record` VALUES (16647, 453, 666, 0, '2019-05-15 14:40:03', '2019-05-15 14:40:03');
INSERT INTO `record` VALUES (16648, 454, 666, 0, '2019-05-15 14:40:03', '2019-05-15 14:40:03');
INSERT INTO `record` VALUES (16649, 455, 666, 0, '2019-05-15 14:40:03', '2019-05-15 14:40:03');
INSERT INTO `record` VALUES (16650, 456, 666, 0, '2019-05-15 14:40:03', '2019-05-15 14:40:03');
INSERT INTO `record` VALUES (16651, 457, 666, 0, '2019-05-15 14:40:03', '2019-05-15 14:40:03');
INSERT INTO `record` VALUES (16652, 458, 666, 0, '2019-05-15 14:40:03', '2019-05-15 14:40:03');
INSERT INTO `record` VALUES (16653, 459, 666, 0, '2019-05-15 14:40:03', '2019-05-15 14:40:03');
INSERT INTO `record` VALUES (16654, 460, 666, 0, '2019-05-15 14:40:03', '2019-05-15 14:40:03');
INSERT INTO `record` VALUES (16655, 463, 666, 0, '2019-05-15 14:40:03', '2019-05-15 14:40:03');
INSERT INTO `record` VALUES (16656, 464, 666, 0, '2019-05-15 14:40:03', '2019-05-15 14:40:03');
INSERT INTO `record` VALUES (16657, 465, 666, 0, '2019-05-15 14:40:03', '2019-05-15 14:40:03');
INSERT INTO `record` VALUES (16658, 466, 666, 0, '2019-05-15 14:40:03', '2019-05-15 14:40:03');
INSERT INTO `record` VALUES (16659, 467, 666, 0, '2019-05-15 14:40:03', '2019-05-15 14:40:03');
INSERT INTO `record` VALUES (16660, 468, 666, 0, '2019-05-15 14:40:03', '2019-05-15 14:40:03');
INSERT INTO `record` VALUES (16661, 469, 666, 0, '2019-05-15 14:40:03', '2019-05-15 14:40:03');
INSERT INTO `record` VALUES (16662, 470, 666, 0, '2019-05-15 14:40:03', '2019-05-15 14:40:03');
INSERT INTO `record` VALUES (16663, 471, 666, 1, '2019-05-15 14:40:03', '2019-05-15 15:03:01');
INSERT INTO `record` VALUES (16664, 0, 667, 1, '2019-05-15 14:40:30', '2019-05-18 12:50:32');
INSERT INTO `record` VALUES (16666, 422, 667, 0, '2019-05-15 14:40:30', '2019-05-15 14:40:30');
INSERT INTO `record` VALUES (16667, 425, 667, 1, '2019-05-15 14:40:30', '2019-05-16 20:37:04');
INSERT INTO `record` VALUES (16668, 430, 667, 0, '2019-05-15 14:40:30', '2019-05-15 14:40:30');
INSERT INTO `record` VALUES (16669, 433, 667, 0, '2019-05-15 14:40:30', '2019-05-15 14:40:30');
INSERT INTO `record` VALUES (16670, 440, 667, 0, '2019-05-15 14:40:30', '2019-05-15 14:40:30');
INSERT INTO `record` VALUES (16671, 443, 667, 0, '2019-05-15 14:40:30', '2019-05-15 14:40:30');
INSERT INTO `record` VALUES (16672, 445, 667, 0, '2019-05-15 14:40:30', '2019-05-15 14:40:30');
INSERT INTO `record` VALUES (16673, 446, 667, 0, '2019-05-15 14:40:30', '2019-05-15 14:40:30');
INSERT INTO `record` VALUES (16674, 447, 667, 0, '2019-05-15 14:40:30', '2019-05-15 14:40:30');
INSERT INTO `record` VALUES (16675, 448, 667, 0, '2019-05-15 14:40:30', '2019-05-15 14:40:30');
INSERT INTO `record` VALUES (16676, 449, 667, 0, '2019-05-15 14:40:30', '2019-05-15 14:40:30');
INSERT INTO `record` VALUES (16677, 450, 667, 0, '2019-05-15 14:40:30', '2019-05-15 14:40:30');
INSERT INTO `record` VALUES (16678, 451, 667, 0, '2019-05-15 14:40:30', '2019-05-15 14:40:30');
INSERT INTO `record` VALUES (16679, 452, 667, 0, '2019-05-15 14:40:30', '2019-05-15 14:40:30');
INSERT INTO `record` VALUES (16680, 453, 667, 0, '2019-05-15 14:40:30', '2019-05-15 14:40:30');
INSERT INTO `record` VALUES (16681, 454, 667, 0, '2019-05-15 14:40:30', '2019-05-15 14:40:30');
INSERT INTO `record` VALUES (16682, 455, 667, 0, '2019-05-15 14:40:30', '2019-05-15 14:40:30');
INSERT INTO `record` VALUES (16683, 456, 667, 0, '2019-05-15 14:40:30', '2019-05-15 14:40:30');
INSERT INTO `record` VALUES (16684, 457, 667, 0, '2019-05-15 14:40:30', '2019-05-15 14:40:30');
INSERT INTO `record` VALUES (16685, 458, 667, 0, '2019-05-15 14:40:30', '2019-05-15 14:40:30');
INSERT INTO `record` VALUES (16686, 459, 667, 0, '2019-05-15 14:40:30', '2019-05-15 14:40:30');
INSERT INTO `record` VALUES (16687, 460, 667, 0, '2019-05-15 14:40:30', '2019-05-15 14:40:30');
INSERT INTO `record` VALUES (16688, 463, 667, 0, '2019-05-15 14:40:30', '2019-05-15 14:40:30');
INSERT INTO `record` VALUES (16689, 464, 667, 0, '2019-05-15 14:40:30', '2019-05-15 14:40:30');
INSERT INTO `record` VALUES (16690, 465, 667, 0, '2019-05-15 14:40:30', '2019-05-15 14:40:30');
INSERT INTO `record` VALUES (16691, 466, 667, 0, '2019-05-15 14:40:30', '2019-05-15 14:40:30');
INSERT INTO `record` VALUES (16692, 467, 667, 0, '2019-05-15 14:40:30', '2019-05-15 14:40:30');
INSERT INTO `record` VALUES (16693, 468, 667, 0, '2019-05-15 14:40:30', '2019-05-15 14:40:30');
INSERT INTO `record` VALUES (16694, 469, 667, 0, '2019-05-15 14:40:30', '2019-05-15 14:40:30');
INSERT INTO `record` VALUES (16695, 470, 667, 0, '2019-05-15 14:40:30', '2019-05-15 14:40:30');
INSERT INTO `record` VALUES (16696, 471, 667, 1, '2019-05-15 14:40:30', '2019-05-15 15:03:01');
INSERT INTO `record` VALUES (16697, 0, 668, 0, '2019-05-15 14:56:21', '2019-05-15 14:56:21');
INSERT INTO `record` VALUES (16698, 210, 668, 1, '2019-05-15 14:56:21', '2019-05-15 14:56:33');
INSERT INTO `record` VALUES (16707, 210, 673, 1, '2019-05-15 15:17:50', '2019-05-15 15:19:09');
INSERT INTO `record` VALUES (16708, 471, 673, 1, '2019-05-15 15:17:50', '2019-05-15 15:18:40');
INSERT INTO `record` VALUES (16709, 210, 674, 1, '2019-05-15 15:23:42', '2019-05-15 15:31:13');
INSERT INTO `record` VALUES (16710, 471, 674, 1, '2019-05-15 15:23:42', '2019-05-15 15:29:36');
INSERT INTO `record` VALUES (16711, 210, 675, 1, '2019-05-15 15:25:22', '2019-05-15 15:31:13');
INSERT INTO `record` VALUES (16712, 471, 675, 1, '2019-05-15 15:25:22', '2019-05-15 15:29:36');
INSERT INTO `record` VALUES (16713, 210, 676, 1, '2019-05-15 15:29:08', '2019-05-15 15:31:13');
INSERT INTO `record` VALUES (16714, 471, 676, 1, '2019-05-15 15:29:08', '2019-05-15 15:29:36');
INSERT INTO `record` VALUES (16715, 210, 677, 1, '2019-05-15 15:29:53', '2019-05-15 15:31:13');
INSERT INTO `record` VALUES (16716, 471, 677, 1, '2019-05-15 15:29:53', '2019-05-16 19:27:37');
INSERT INTO `record` VALUES (16773, 0, 707, 1, '2019-05-17 15:38:24', '2019-05-18 12:50:32');
INSERT INTO `record` VALUES (16775, 422, 707, 0, '2019-05-17 15:38:24', '2019-05-17 15:38:24');
INSERT INTO `record` VALUES (16776, 425, 707, 1, '2019-05-17 15:38:24', '2019-05-18 10:58:23');
INSERT INTO `record` VALUES (16777, 430, 707, 0, '2019-05-17 15:38:24', '2019-05-17 15:38:24');
INSERT INTO `record` VALUES (16778, 433, 707, 0, '2019-05-17 15:38:24', '2019-05-17 15:38:24');
INSERT INTO `record` VALUES (16779, 440, 707, 0, '2019-05-17 15:38:24', '2019-05-17 15:38:24');
INSERT INTO `record` VALUES (16780, 443, 707, 0, '2019-05-17 15:38:24', '2019-05-17 15:38:24');
INSERT INTO `record` VALUES (16781, 445, 707, 0, '2019-05-17 15:38:24', '2019-05-17 15:38:24');
INSERT INTO `record` VALUES (16782, 446, 707, 0, '2019-05-17 15:38:24', '2019-05-17 15:38:24');
INSERT INTO `record` VALUES (16783, 447, 707, 0, '2019-05-17 15:38:24', '2019-05-17 15:38:24');
INSERT INTO `record` VALUES (16784, 448, 707, 0, '2019-05-17 15:38:24', '2019-05-17 15:38:24');
INSERT INTO `record` VALUES (16785, 449, 707, 0, '2019-05-17 15:38:24', '2019-05-17 15:38:24');
INSERT INTO `record` VALUES (16786, 450, 707, 0, '2019-05-17 15:38:24', '2019-05-17 15:38:24');
INSERT INTO `record` VALUES (16787, 451, 707, 0, '2019-05-17 15:38:24', '2019-05-17 15:38:24');
INSERT INTO `record` VALUES (16788, 452, 707, 0, '2019-05-17 15:38:24', '2019-05-17 15:38:24');
INSERT INTO `record` VALUES (16789, 453, 707, 0, '2019-05-17 15:38:24', '2019-05-17 15:38:24');
INSERT INTO `record` VALUES (16790, 454, 707, 0, '2019-05-17 15:38:24', '2019-05-17 15:38:24');
INSERT INTO `record` VALUES (16791, 455, 707, 0, '2019-05-17 15:38:24', '2019-05-17 15:38:24');
INSERT INTO `record` VALUES (16792, 456, 707, 0, '2019-05-17 15:38:24', '2019-05-17 15:38:24');
INSERT INTO `record` VALUES (16793, 457, 707, 0, '2019-05-17 15:38:24', '2019-05-17 15:38:24');
INSERT INTO `record` VALUES (16794, 458, 707, 0, '2019-05-17 15:38:24', '2019-05-17 15:38:24');
INSERT INTO `record` VALUES (16795, 459, 707, 0, '2019-05-17 15:38:24', '2019-05-17 15:38:24');
INSERT INTO `record` VALUES (16796, 460, 707, 0, '2019-05-17 15:38:24', '2019-05-17 15:38:24');
INSERT INTO `record` VALUES (16797, 463, 707, 0, '2019-05-17 15:38:24', '2019-05-17 15:38:24');
INSERT INTO `record` VALUES (16798, 464, 707, 0, '2019-05-17 15:38:24', '2019-05-17 15:38:24');
INSERT INTO `record` VALUES (16799, 465, 707, 0, '2019-05-17 15:38:24', '2019-05-17 15:38:24');
INSERT INTO `record` VALUES (16800, 466, 707, 0, '2019-05-17 15:38:24', '2019-05-17 15:38:24');
INSERT INTO `record` VALUES (16801, 467, 707, 0, '2019-05-17 15:38:24', '2019-05-17 15:38:24');
INSERT INTO `record` VALUES (16802, 468, 707, 0, '2019-05-17 15:38:24', '2019-05-17 15:38:24');
INSERT INTO `record` VALUES (16803, 469, 707, 0, '2019-05-17 15:38:24', '2019-05-17 15:38:24');
INSERT INTO `record` VALUES (16804, 470, 707, 0, '2019-05-17 15:38:24', '2019-05-17 15:38:24');
INSERT INTO `record` VALUES (16805, 471, 707, 0, '2019-05-17 15:38:24', '2019-05-17 15:38:24');
INSERT INTO `record` VALUES (16806, 473, 707, 0, '2019-05-17 15:38:24', '2019-05-17 15:38:24');
INSERT INTO `record` VALUES (16807, 474, 707, 0, '2019-05-17 15:38:24', '2019-05-17 15:38:24');
INSERT INTO `record` VALUES (16808, 475, 707, 0, '2019-05-17 15:38:24', '2019-05-17 15:38:24');
INSERT INTO `record` VALUES (16809, 476, 707, 0, '2019-05-17 15:38:24', '2019-05-17 15:38:24');
INSERT INTO `record` VALUES (16810, 477, 707, 0, '2019-05-17 15:38:24', '2019-05-17 15:38:24');
INSERT INTO `record` VALUES (16811, 478, 707, 0, '2019-05-17 15:38:24', '2019-05-17 15:38:24');
INSERT INTO `record` VALUES (16812, 479, 707, 0, '2019-05-17 15:38:24', '2019-05-17 15:38:24');
INSERT INTO `record` VALUES (16813, 480, 707, 0, '2019-05-17 15:38:25', '2019-05-17 15:38:25');
INSERT INTO `record` VALUES (16814, 481, 707, 0, '2019-05-17 15:38:25', '2019-05-17 15:38:25');
INSERT INTO `record` VALUES (16815, 482, 707, 0, '2019-05-17 15:38:25', '2019-05-17 15:38:25');
INSERT INTO `record` VALUES (16816, 483, 707, 0, '2019-05-17 15:38:25', '2019-05-17 15:38:25');
INSERT INTO `record` VALUES (16817, 484, 707, 0, '2019-05-17 15:38:25', '2019-05-17 15:38:25');
INSERT INTO `record` VALUES (16818, 485, 707, 0, '2019-05-17 15:38:25', '2019-05-17 15:38:25');
INSERT INTO `record` VALUES (16819, 486, 707, 0, '2019-05-17 15:38:25', '2019-05-17 15:38:25');
INSERT INTO `record` VALUES (16820, 487, 707, 0, '2019-05-17 15:38:25', '2019-05-17 15:38:25');
INSERT INTO `record` VALUES (16821, 488, 707, 0, '2019-05-17 15:38:25', '2019-05-17 15:38:25');
INSERT INTO `record` VALUES (16822, 489, 707, 0, '2019-05-17 15:38:25', '2019-05-17 15:38:25');
INSERT INTO `record` VALUES (16823, 490, 707, 0, '2019-05-17 15:38:25', '2019-05-17 15:38:25');
INSERT INTO `record` VALUES (16824, 491, 707, 0, '2019-05-17 15:38:25', '2019-05-17 15:38:25');
INSERT INTO `record` VALUES (16825, 492, 707, 0, '2019-05-17 15:38:25', '2019-05-17 15:38:25');
INSERT INTO `record` VALUES (16826, 493, 707, 0, '2019-05-17 15:38:25', '2019-05-17 15:38:25');
INSERT INTO `record` VALUES (16828, 0, 708, 1, '2019-05-17 15:38:30', '2019-05-18 12:50:32');
INSERT INTO `record` VALUES (16830, 422, 708, 0, '2019-05-17 15:38:30', '2019-05-17 15:38:30');
INSERT INTO `record` VALUES (16831, 425, 708, 1, '2019-05-17 15:38:30', '2019-05-18 10:58:23');
INSERT INTO `record` VALUES (16832, 430, 708, 0, '2019-05-17 15:38:30', '2019-05-17 15:38:30');
INSERT INTO `record` VALUES (16833, 433, 708, 0, '2019-05-17 15:38:30', '2019-05-17 15:38:30');
INSERT INTO `record` VALUES (16834, 440, 708, 0, '2019-05-17 15:38:30', '2019-05-17 15:38:30');
INSERT INTO `record` VALUES (16835, 443, 708, 0, '2019-05-17 15:38:30', '2019-05-17 15:38:30');
INSERT INTO `record` VALUES (16836, 445, 708, 0, '2019-05-17 15:38:30', '2019-05-17 15:38:30');
INSERT INTO `record` VALUES (16837, 446, 708, 0, '2019-05-17 15:38:30', '2019-05-17 15:38:30');
INSERT INTO `record` VALUES (16838, 447, 708, 0, '2019-05-17 15:38:30', '2019-05-17 15:38:30');
INSERT INTO `record` VALUES (16839, 448, 708, 0, '2019-05-17 15:38:30', '2019-05-17 15:38:30');
INSERT INTO `record` VALUES (16840, 449, 708, 0, '2019-05-17 15:38:30', '2019-05-17 15:38:30');
INSERT INTO `record` VALUES (16841, 450, 708, 0, '2019-05-17 15:38:30', '2019-05-17 15:38:30');
INSERT INTO `record` VALUES (16842, 451, 708, 0, '2019-05-17 15:38:30', '2019-05-17 15:38:30');
INSERT INTO `record` VALUES (16843, 452, 708, 0, '2019-05-17 15:38:30', '2019-05-17 15:38:30');
INSERT INTO `record` VALUES (16844, 453, 708, 0, '2019-05-17 15:38:30', '2019-05-17 15:38:30');
INSERT INTO `record` VALUES (16845, 454, 708, 0, '2019-05-17 15:38:30', '2019-05-17 15:38:30');
INSERT INTO `record` VALUES (16846, 455, 708, 0, '2019-05-17 15:38:30', '2019-05-17 15:38:30');
INSERT INTO `record` VALUES (16847, 456, 708, 0, '2019-05-17 15:38:30', '2019-05-17 15:38:30');
INSERT INTO `record` VALUES (16848, 457, 708, 0, '2019-05-17 15:38:30', '2019-05-17 15:38:30');
INSERT INTO `record` VALUES (16849, 458, 708, 0, '2019-05-17 15:38:30', '2019-05-17 15:38:30');
INSERT INTO `record` VALUES (16850, 459, 708, 0, '2019-05-17 15:38:30', '2019-05-17 15:38:30');
INSERT INTO `record` VALUES (16851, 460, 708, 0, '2019-05-17 15:38:30', '2019-05-17 15:38:30');
INSERT INTO `record` VALUES (16852, 463, 708, 0, '2019-05-17 15:38:30', '2019-05-17 15:38:30');
INSERT INTO `record` VALUES (16853, 464, 708, 0, '2019-05-17 15:38:30', '2019-05-17 15:38:30');
INSERT INTO `record` VALUES (16854, 465, 708, 0, '2019-05-17 15:38:30', '2019-05-17 15:38:30');
INSERT INTO `record` VALUES (16855, 466, 708, 0, '2019-05-17 15:38:30', '2019-05-17 15:38:30');
INSERT INTO `record` VALUES (16856, 467, 708, 0, '2019-05-17 15:38:30', '2019-05-17 15:38:30');
INSERT INTO `record` VALUES (16857, 468, 708, 0, '2019-05-17 15:38:30', '2019-05-17 15:38:30');
INSERT INTO `record` VALUES (16858, 469, 708, 0, '2019-05-17 15:38:30', '2019-05-17 15:38:30');
INSERT INTO `record` VALUES (16859, 470, 708, 0, '2019-05-17 15:38:30', '2019-05-17 15:38:30');
INSERT INTO `record` VALUES (16860, 471, 708, 0, '2019-05-17 15:38:30', '2019-05-17 15:38:30');
INSERT INTO `record` VALUES (16861, 473, 708, 0, '2019-05-17 15:38:30', '2019-05-17 15:38:30');
INSERT INTO `record` VALUES (16862, 474, 708, 0, '2019-05-17 15:38:30', '2019-05-17 15:38:30');
INSERT INTO `record` VALUES (16863, 475, 708, 0, '2019-05-17 15:38:30', '2019-05-17 15:38:30');
INSERT INTO `record` VALUES (16864, 476, 708, 0, '2019-05-17 15:38:31', '2019-05-17 15:38:31');
INSERT INTO `record` VALUES (16865, 477, 708, 0, '2019-05-17 15:38:31', '2019-05-17 15:38:31');
INSERT INTO `record` VALUES (16866, 478, 708, 0, '2019-05-17 15:38:31', '2019-05-17 15:38:31');
INSERT INTO `record` VALUES (16867, 479, 708, 0, '2019-05-17 15:38:31', '2019-05-17 15:38:31');
INSERT INTO `record` VALUES (16868, 480, 708, 0, '2019-05-17 15:38:31', '2019-05-17 15:38:31');
INSERT INTO `record` VALUES (16869, 481, 708, 0, '2019-05-17 15:38:31', '2019-05-17 15:38:31');
INSERT INTO `record` VALUES (16870, 482, 708, 0, '2019-05-17 15:38:31', '2019-05-17 15:38:31');
INSERT INTO `record` VALUES (16871, 483, 708, 0, '2019-05-17 15:38:31', '2019-05-17 15:38:31');
INSERT INTO `record` VALUES (16872, 484, 708, 0, '2019-05-17 15:38:31', '2019-05-17 15:38:31');
INSERT INTO `record` VALUES (16873, 485, 708, 0, '2019-05-17 15:38:31', '2019-05-17 15:38:31');
INSERT INTO `record` VALUES (16874, 486, 708, 0, '2019-05-17 15:38:31', '2019-05-17 15:38:31');
INSERT INTO `record` VALUES (16875, 487, 708, 0, '2019-05-17 15:38:31', '2019-05-17 15:38:31');
INSERT INTO `record` VALUES (16876, 488, 708, 0, '2019-05-17 15:38:31', '2019-05-17 15:38:31');
INSERT INTO `record` VALUES (16877, 489, 708, 0, '2019-05-17 15:38:31', '2019-05-17 15:38:31');
INSERT INTO `record` VALUES (16878, 490, 708, 0, '2019-05-17 15:38:31', '2019-05-17 15:38:31');
INSERT INTO `record` VALUES (16879, 491, 708, 0, '2019-05-17 15:38:31', '2019-05-17 15:38:31');
INSERT INTO `record` VALUES (16880, 492, 708, 0, '2019-05-17 15:38:31', '2019-05-17 15:38:31');
INSERT INTO `record` VALUES (16881, 493, 708, 0, '2019-05-17 15:38:31', '2019-05-17 15:38:31');
INSERT INTO `record` VALUES (16883, 0, 709, 1, '2019-05-17 15:43:06', '2019-05-18 12:50:32');
INSERT INTO `record` VALUES (16885, 422, 709, 0, '2019-05-17 15:43:06', '2019-05-17 15:43:06');
INSERT INTO `record` VALUES (16886, 425, 709, 1, '2019-05-17 15:43:06', '2019-05-18 10:58:23');
INSERT INTO `record` VALUES (16887, 430, 709, 0, '2019-05-17 15:43:06', '2019-05-17 15:43:06');
INSERT INTO `record` VALUES (16888, 433, 709, 0, '2019-05-17 15:43:06', '2019-05-17 15:43:06');
INSERT INTO `record` VALUES (16889, 440, 709, 0, '2019-05-17 15:43:06', '2019-05-17 15:43:06');
INSERT INTO `record` VALUES (16890, 443, 709, 0, '2019-05-17 15:43:06', '2019-05-17 15:43:06');
INSERT INTO `record` VALUES (16891, 445, 709, 0, '2019-05-17 15:43:06', '2019-05-17 15:43:06');
INSERT INTO `record` VALUES (16892, 446, 709, 0, '2019-05-17 15:43:06', '2019-05-17 15:43:06');
INSERT INTO `record` VALUES (16893, 447, 709, 0, '2019-05-17 15:43:06', '2019-05-17 15:43:06');
INSERT INTO `record` VALUES (16894, 448, 709, 0, '2019-05-17 15:43:06', '2019-05-17 15:43:06');
INSERT INTO `record` VALUES (16895, 449, 709, 0, '2019-05-17 15:43:06', '2019-05-17 15:43:06');
INSERT INTO `record` VALUES (16896, 450, 709, 0, '2019-05-17 15:43:06', '2019-05-17 15:43:06');
INSERT INTO `record` VALUES (16897, 451, 709, 0, '2019-05-17 15:43:06', '2019-05-17 15:43:06');
INSERT INTO `record` VALUES (16898, 452, 709, 0, '2019-05-17 15:43:06', '2019-05-17 15:43:06');
INSERT INTO `record` VALUES (16899, 453, 709, 0, '2019-05-17 15:43:06', '2019-05-17 15:43:06');
INSERT INTO `record` VALUES (16900, 454, 709, 0, '2019-05-17 15:43:06', '2019-05-17 15:43:06');
INSERT INTO `record` VALUES (16901, 455, 709, 0, '2019-05-17 15:43:06', '2019-05-17 15:43:06');
INSERT INTO `record` VALUES (16902, 456, 709, 0, '2019-05-17 15:43:06', '2019-05-17 15:43:06');
INSERT INTO `record` VALUES (16903, 457, 709, 0, '2019-05-17 15:43:06', '2019-05-17 15:43:06');
INSERT INTO `record` VALUES (16904, 458, 709, 0, '2019-05-17 15:43:06', '2019-05-17 15:43:06');
INSERT INTO `record` VALUES (16905, 459, 709, 0, '2019-05-17 15:43:06', '2019-05-17 15:43:06');
INSERT INTO `record` VALUES (16906, 460, 709, 0, '2019-05-17 15:43:06', '2019-05-17 15:43:06');
INSERT INTO `record` VALUES (16907, 463, 709, 0, '2019-05-17 15:43:06', '2019-05-17 15:43:06');
INSERT INTO `record` VALUES (16908, 464, 709, 0, '2019-05-17 15:43:06', '2019-05-17 15:43:06');
INSERT INTO `record` VALUES (16909, 465, 709, 0, '2019-05-17 15:43:06', '2019-05-17 15:43:06');
INSERT INTO `record` VALUES (16910, 466, 709, 0, '2019-05-17 15:43:06', '2019-05-17 15:43:06');
INSERT INTO `record` VALUES (16911, 467, 709, 0, '2019-05-17 15:43:06', '2019-05-17 15:43:06');
INSERT INTO `record` VALUES (16912, 468, 709, 0, '2019-05-17 15:43:06', '2019-05-17 15:43:06');
INSERT INTO `record` VALUES (16913, 469, 709, 0, '2019-05-17 15:43:06', '2019-05-17 15:43:06');
INSERT INTO `record` VALUES (16914, 470, 709, 0, '2019-05-17 15:43:06', '2019-05-17 15:43:06');
INSERT INTO `record` VALUES (16915, 471, 709, 0, '2019-05-17 15:43:06', '2019-05-17 15:43:06');
INSERT INTO `record` VALUES (16916, 473, 709, 0, '2019-05-17 15:43:06', '2019-05-17 15:43:06');
INSERT INTO `record` VALUES (16917, 474, 709, 0, '2019-05-17 15:43:06', '2019-05-17 15:43:06');
INSERT INTO `record` VALUES (16918, 475, 709, 0, '2019-05-17 15:43:06', '2019-05-17 15:43:06');
INSERT INTO `record` VALUES (16919, 476, 709, 0, '2019-05-17 15:43:06', '2019-05-17 15:43:06');
INSERT INTO `record` VALUES (16920, 477, 709, 0, '2019-05-17 15:43:06', '2019-05-17 15:43:06');
INSERT INTO `record` VALUES (16921, 478, 709, 0, '2019-05-17 15:43:06', '2019-05-17 15:43:06');
INSERT INTO `record` VALUES (16922, 479, 709, 0, '2019-05-17 15:43:06', '2019-05-17 15:43:06');
INSERT INTO `record` VALUES (16923, 480, 709, 0, '2019-05-17 15:43:06', '2019-05-17 15:43:06');
INSERT INTO `record` VALUES (16924, 481, 709, 0, '2019-05-17 15:43:06', '2019-05-17 15:43:06');
INSERT INTO `record` VALUES (16925, 482, 709, 0, '2019-05-17 15:43:06', '2019-05-17 15:43:06');
INSERT INTO `record` VALUES (16926, 483, 709, 0, '2019-05-17 15:43:06', '2019-05-17 15:43:06');
INSERT INTO `record` VALUES (16927, 484, 709, 0, '2019-05-17 15:43:06', '2019-05-17 15:43:06');
INSERT INTO `record` VALUES (16928, 485, 709, 0, '2019-05-17 15:43:06', '2019-05-17 15:43:06');
INSERT INTO `record` VALUES (16929, 486, 709, 0, '2019-05-17 15:43:06', '2019-05-17 15:43:06');
INSERT INTO `record` VALUES (16930, 487, 709, 0, '2019-05-17 15:43:06', '2019-05-17 15:43:06');
INSERT INTO `record` VALUES (16931, 488, 709, 0, '2019-05-17 15:43:06', '2019-05-17 15:43:06');
INSERT INTO `record` VALUES (16932, 489, 709, 0, '2019-05-17 15:43:06', '2019-05-17 15:43:06');
INSERT INTO `record` VALUES (16933, 490, 709, 0, '2019-05-17 15:43:06', '2019-05-17 15:43:06');
INSERT INTO `record` VALUES (16934, 491, 709, 0, '2019-05-17 15:43:06', '2019-05-17 15:43:06');
INSERT INTO `record` VALUES (16935, 492, 709, 0, '2019-05-17 15:43:06', '2019-05-17 15:43:06');
INSERT INTO `record` VALUES (16936, 493, 709, 0, '2019-05-17 15:43:06', '2019-05-17 15:43:06');
INSERT INTO `record` VALUES (16938, 0, 710, 1, '2019-05-17 15:43:07', '2019-05-18 12:50:32');
INSERT INTO `record` VALUES (16940, 422, 710, 0, '2019-05-17 15:43:07', '2019-05-17 15:43:07');
INSERT INTO `record` VALUES (16941, 425, 710, 1, '2019-05-17 15:43:07', '2019-05-18 10:58:23');
INSERT INTO `record` VALUES (16942, 430, 710, 0, '2019-05-17 15:43:07', '2019-05-17 15:43:07');
INSERT INTO `record` VALUES (16943, 433, 710, 0, '2019-05-17 15:43:07', '2019-05-17 15:43:07');
INSERT INTO `record` VALUES (16944, 440, 710, 0, '2019-05-17 15:43:07', '2019-05-17 15:43:07');
INSERT INTO `record` VALUES (16945, 443, 710, 0, '2019-05-17 15:43:07', '2019-05-17 15:43:07');
INSERT INTO `record` VALUES (16946, 445, 710, 0, '2019-05-17 15:43:07', '2019-05-17 15:43:07');
INSERT INTO `record` VALUES (16947, 446, 710, 0, '2019-05-17 15:43:07', '2019-05-17 15:43:07');
INSERT INTO `record` VALUES (16948, 447, 710, 0, '2019-05-17 15:43:07', '2019-05-17 15:43:07');
INSERT INTO `record` VALUES (16949, 448, 710, 0, '2019-05-17 15:43:07', '2019-05-17 15:43:07');
INSERT INTO `record` VALUES (16950, 449, 710, 0, '2019-05-17 15:43:07', '2019-05-17 15:43:07');
INSERT INTO `record` VALUES (16951, 450, 710, 0, '2019-05-17 15:43:07', '2019-05-17 15:43:07');
INSERT INTO `record` VALUES (16952, 451, 710, 0, '2019-05-17 15:43:07', '2019-05-17 15:43:07');
INSERT INTO `record` VALUES (16953, 452, 710, 0, '2019-05-17 15:43:07', '2019-05-17 15:43:07');
INSERT INTO `record` VALUES (16954, 453, 710, 0, '2019-05-17 15:43:07', '2019-05-17 15:43:07');
INSERT INTO `record` VALUES (16955, 454, 710, 0, '2019-05-17 15:43:07', '2019-05-17 15:43:07');
INSERT INTO `record` VALUES (16956, 455, 710, 0, '2019-05-17 15:43:07', '2019-05-17 15:43:07');
INSERT INTO `record` VALUES (16957, 456, 710, 0, '2019-05-17 15:43:07', '2019-05-17 15:43:07');
INSERT INTO `record` VALUES (16958, 457, 710, 0, '2019-05-17 15:43:07', '2019-05-17 15:43:07');
INSERT INTO `record` VALUES (16959, 458, 710, 0, '2019-05-17 15:43:07', '2019-05-17 15:43:07');
INSERT INTO `record` VALUES (16960, 459, 710, 0, '2019-05-17 15:43:07', '2019-05-17 15:43:07');
INSERT INTO `record` VALUES (16961, 460, 710, 0, '2019-05-17 15:43:07', '2019-05-17 15:43:07');
INSERT INTO `record` VALUES (16962, 463, 710, 0, '2019-05-17 15:43:07', '2019-05-17 15:43:07');
INSERT INTO `record` VALUES (16963, 464, 710, 0, '2019-05-17 15:43:07', '2019-05-17 15:43:07');
INSERT INTO `record` VALUES (16964, 465, 710, 0, '2019-05-17 15:43:07', '2019-05-17 15:43:07');
INSERT INTO `record` VALUES (16965, 466, 710, 0, '2019-05-17 15:43:07', '2019-05-17 15:43:07');
INSERT INTO `record` VALUES (16966, 467, 710, 0, '2019-05-17 15:43:07', '2019-05-17 15:43:07');
INSERT INTO `record` VALUES (16967, 468, 710, 0, '2019-05-17 15:43:07', '2019-05-17 15:43:07');
INSERT INTO `record` VALUES (16968, 469, 710, 0, '2019-05-17 15:43:07', '2019-05-17 15:43:07');
INSERT INTO `record` VALUES (16969, 470, 710, 0, '2019-05-17 15:43:07', '2019-05-17 15:43:07');
INSERT INTO `record` VALUES (16970, 471, 710, 0, '2019-05-17 15:43:07', '2019-05-17 15:43:07');
INSERT INTO `record` VALUES (16971, 473, 710, 0, '2019-05-17 15:43:07', '2019-05-17 15:43:07');
INSERT INTO `record` VALUES (16972, 474, 710, 0, '2019-05-17 15:43:07', '2019-05-17 15:43:07');
INSERT INTO `record` VALUES (16973, 475, 710, 0, '2019-05-17 15:43:07', '2019-05-17 15:43:07');
INSERT INTO `record` VALUES (16974, 476, 710, 0, '2019-05-17 15:43:07', '2019-05-17 15:43:07');
INSERT INTO `record` VALUES (16975, 477, 710, 0, '2019-05-17 15:43:07', '2019-05-17 15:43:07');
INSERT INTO `record` VALUES (16976, 478, 710, 0, '2019-05-17 15:43:07', '2019-05-17 15:43:07');
INSERT INTO `record` VALUES (16977, 479, 710, 0, '2019-05-17 15:43:07', '2019-05-17 15:43:07');
INSERT INTO `record` VALUES (16978, 480, 710, 0, '2019-05-17 15:43:07', '2019-05-17 15:43:07');
INSERT INTO `record` VALUES (16979, 481, 710, 0, '2019-05-17 15:43:07', '2019-05-17 15:43:07');
INSERT INTO `record` VALUES (16980, 482, 710, 0, '2019-05-17 15:43:07', '2019-05-17 15:43:07');
INSERT INTO `record` VALUES (16981, 483, 710, 0, '2019-05-17 15:43:07', '2019-05-17 15:43:07');
INSERT INTO `record` VALUES (16982, 484, 710, 0, '2019-05-17 15:43:07', '2019-05-17 15:43:07');
INSERT INTO `record` VALUES (16983, 485, 710, 0, '2019-05-17 15:43:07', '2019-05-17 15:43:07');
INSERT INTO `record` VALUES (16984, 486, 710, 0, '2019-05-17 15:43:07', '2019-05-17 15:43:07');
INSERT INTO `record` VALUES (16985, 487, 710, 0, '2019-05-17 15:43:07', '2019-05-17 15:43:07');
INSERT INTO `record` VALUES (16986, 488, 710, 0, '2019-05-17 15:43:07', '2019-05-17 15:43:07');
INSERT INTO `record` VALUES (16987, 489, 710, 0, '2019-05-17 15:43:07', '2019-05-17 15:43:07');
INSERT INTO `record` VALUES (16988, 490, 710, 0, '2019-05-17 15:43:07', '2019-05-17 15:43:07');
INSERT INTO `record` VALUES (16989, 491, 710, 0, '2019-05-17 15:43:07', '2019-05-17 15:43:07');
INSERT INTO `record` VALUES (16990, 492, 710, 0, '2019-05-17 15:43:07', '2019-05-17 15:43:07');
INSERT INTO `record` VALUES (16991, 493, 710, 0, '2019-05-17 15:43:07', '2019-05-17 15:43:07');
INSERT INTO `record` VALUES (16993, 0, 711, 1, '2019-05-17 15:43:07', '2019-05-18 12:50:32');
INSERT INTO `record` VALUES (16995, 422, 711, 0, '2019-05-17 15:43:07', '2019-05-17 15:43:07');
INSERT INTO `record` VALUES (16996, 425, 711, 1, '2019-05-17 15:43:07', '2019-05-18 10:58:23');
INSERT INTO `record` VALUES (16997, 430, 711, 0, '2019-05-17 15:43:07', '2019-05-17 15:43:07');
INSERT INTO `record` VALUES (16998, 433, 711, 0, '2019-05-17 15:43:07', '2019-05-17 15:43:07');
INSERT INTO `record` VALUES (16999, 440, 711, 0, '2019-05-17 15:43:07', '2019-05-17 15:43:07');
INSERT INTO `record` VALUES (17000, 443, 711, 0, '2019-05-17 15:43:07', '2019-05-17 15:43:07');
INSERT INTO `record` VALUES (17001, 445, 711, 0, '2019-05-17 15:43:07', '2019-05-17 15:43:07');
INSERT INTO `record` VALUES (17002, 446, 711, 0, '2019-05-17 15:43:07', '2019-05-17 15:43:07');
INSERT INTO `record` VALUES (17003, 447, 711, 0, '2019-05-17 15:43:07', '2019-05-17 15:43:07');
INSERT INTO `record` VALUES (17004, 448, 711, 0, '2019-05-17 15:43:07', '2019-05-17 15:43:07');
INSERT INTO `record` VALUES (17005, 449, 711, 0, '2019-05-17 15:43:07', '2019-05-17 15:43:07');
INSERT INTO `record` VALUES (17006, 450, 711, 0, '2019-05-17 15:43:07', '2019-05-17 15:43:07');
INSERT INTO `record` VALUES (17007, 451, 711, 0, '2019-05-17 15:43:07', '2019-05-17 15:43:07');
INSERT INTO `record` VALUES (17008, 452, 711, 0, '2019-05-17 15:43:07', '2019-05-17 15:43:07');
INSERT INTO `record` VALUES (17009, 453, 711, 0, '2019-05-17 15:43:07', '2019-05-17 15:43:07');
INSERT INTO `record` VALUES (17010, 454, 711, 0, '2019-05-17 15:43:07', '2019-05-17 15:43:07');
INSERT INTO `record` VALUES (17011, 455, 711, 0, '2019-05-17 15:43:07', '2019-05-17 15:43:07');
INSERT INTO `record` VALUES (17012, 456, 711, 0, '2019-05-17 15:43:07', '2019-05-17 15:43:07');
INSERT INTO `record` VALUES (17013, 457, 711, 0, '2019-05-17 15:43:07', '2019-05-17 15:43:07');
INSERT INTO `record` VALUES (17014, 458, 711, 0, '2019-05-17 15:43:07', '2019-05-17 15:43:07');
INSERT INTO `record` VALUES (17015, 459, 711, 0, '2019-05-17 15:43:07', '2019-05-17 15:43:07');
INSERT INTO `record` VALUES (17016, 460, 711, 0, '2019-05-17 15:43:07', '2019-05-17 15:43:07');
INSERT INTO `record` VALUES (17017, 463, 711, 0, '2019-05-17 15:43:07', '2019-05-17 15:43:07');
INSERT INTO `record` VALUES (17018, 464, 711, 0, '2019-05-17 15:43:07', '2019-05-17 15:43:07');
INSERT INTO `record` VALUES (17019, 465, 711, 0, '2019-05-17 15:43:07', '2019-05-17 15:43:07');
INSERT INTO `record` VALUES (17020, 466, 711, 0, '2019-05-17 15:43:07', '2019-05-17 15:43:07');
INSERT INTO `record` VALUES (17021, 467, 711, 0, '2019-05-17 15:43:07', '2019-05-17 15:43:07');
INSERT INTO `record` VALUES (17022, 468, 711, 0, '2019-05-17 15:43:07', '2019-05-17 15:43:07');
INSERT INTO `record` VALUES (17023, 469, 711, 0, '2019-05-17 15:43:07', '2019-05-17 15:43:07');
INSERT INTO `record` VALUES (17024, 470, 711, 0, '2019-05-17 15:43:07', '2019-05-17 15:43:07');
INSERT INTO `record` VALUES (17025, 471, 711, 0, '2019-05-17 15:43:07', '2019-05-17 15:43:07');
INSERT INTO `record` VALUES (17026, 473, 711, 0, '2019-05-17 15:43:07', '2019-05-17 15:43:07');
INSERT INTO `record` VALUES (17027, 474, 711, 0, '2019-05-17 15:43:07', '2019-05-17 15:43:07');
INSERT INTO `record` VALUES (17028, 475, 711, 0, '2019-05-17 15:43:07', '2019-05-17 15:43:07');
INSERT INTO `record` VALUES (17029, 476, 711, 0, '2019-05-17 15:43:07', '2019-05-17 15:43:07');
INSERT INTO `record` VALUES (17030, 477, 711, 0, '2019-05-17 15:43:07', '2019-05-17 15:43:07');
INSERT INTO `record` VALUES (17031, 478, 711, 0, '2019-05-17 15:43:07', '2019-05-17 15:43:07');
INSERT INTO `record` VALUES (17032, 479, 711, 0, '2019-05-17 15:43:07', '2019-05-17 15:43:07');
INSERT INTO `record` VALUES (17033, 480, 711, 0, '2019-05-17 15:43:07', '2019-05-17 15:43:07');
INSERT INTO `record` VALUES (17034, 481, 711, 0, '2019-05-17 15:43:07', '2019-05-17 15:43:07');
INSERT INTO `record` VALUES (17035, 482, 711, 0, '2019-05-17 15:43:07', '2019-05-17 15:43:07');
INSERT INTO `record` VALUES (17036, 483, 711, 0, '2019-05-17 15:43:07', '2019-05-17 15:43:07');
INSERT INTO `record` VALUES (17037, 484, 711, 0, '2019-05-17 15:43:07', '2019-05-17 15:43:07');
INSERT INTO `record` VALUES (17038, 485, 711, 0, '2019-05-17 15:43:07', '2019-05-17 15:43:07');
INSERT INTO `record` VALUES (17039, 486, 711, 0, '2019-05-17 15:43:07', '2019-05-17 15:43:07');
INSERT INTO `record` VALUES (17040, 487, 711, 0, '2019-05-17 15:43:07', '2019-05-17 15:43:07');
INSERT INTO `record` VALUES (17041, 488, 711, 0, '2019-05-17 15:43:07', '2019-05-17 15:43:07');
INSERT INTO `record` VALUES (17042, 489, 711, 0, '2019-05-17 15:43:07', '2019-05-17 15:43:07');
INSERT INTO `record` VALUES (17043, 490, 711, 0, '2019-05-17 15:43:07', '2019-05-17 15:43:07');
INSERT INTO `record` VALUES (17044, 491, 711, 0, '2019-05-17 15:43:07', '2019-05-17 15:43:07');
INSERT INTO `record` VALUES (17045, 492, 711, 0, '2019-05-17 15:43:07', '2019-05-17 15:43:07');
INSERT INTO `record` VALUES (17046, 493, 711, 0, '2019-05-17 15:43:07', '2019-05-17 15:43:07');
INSERT INTO `record` VALUES (17048, 0, 712, 1, '2019-05-17 15:43:07', '2019-05-18 12:50:32');
INSERT INTO `record` VALUES (17050, 422, 712, 0, '2019-05-17 15:43:07', '2019-05-17 15:43:07');
INSERT INTO `record` VALUES (17051, 425, 712, 1, '2019-05-17 15:43:07', '2019-05-18 10:58:23');
INSERT INTO `record` VALUES (17052, 430, 712, 0, '2019-05-17 15:43:07', '2019-05-17 15:43:07');
INSERT INTO `record` VALUES (17053, 433, 712, 0, '2019-05-17 15:43:07', '2019-05-17 15:43:07');
INSERT INTO `record` VALUES (17054, 440, 712, 0, '2019-05-17 15:43:07', '2019-05-17 15:43:07');
INSERT INTO `record` VALUES (17055, 443, 712, 0, '2019-05-17 15:43:07', '2019-05-17 15:43:07');
INSERT INTO `record` VALUES (17056, 445, 712, 0, '2019-05-17 15:43:07', '2019-05-17 15:43:07');
INSERT INTO `record` VALUES (17057, 446, 712, 0, '2019-05-17 15:43:07', '2019-05-17 15:43:07');
INSERT INTO `record` VALUES (17058, 447, 712, 0, '2019-05-17 15:43:07', '2019-05-17 15:43:07');
INSERT INTO `record` VALUES (17059, 448, 712, 0, '2019-05-17 15:43:07', '2019-05-17 15:43:07');
INSERT INTO `record` VALUES (17060, 449, 712, 0, '2019-05-17 15:43:07', '2019-05-17 15:43:07');
INSERT INTO `record` VALUES (17061, 450, 712, 0, '2019-05-17 15:43:07', '2019-05-17 15:43:07');
INSERT INTO `record` VALUES (17062, 451, 712, 0, '2019-05-17 15:43:07', '2019-05-17 15:43:07');
INSERT INTO `record` VALUES (17063, 452, 712, 0, '2019-05-17 15:43:07', '2019-05-17 15:43:07');
INSERT INTO `record` VALUES (17064, 453, 712, 0, '2019-05-17 15:43:07', '2019-05-17 15:43:07');
INSERT INTO `record` VALUES (17065, 454, 712, 0, '2019-05-17 15:43:07', '2019-05-17 15:43:07');
INSERT INTO `record` VALUES (17066, 455, 712, 0, '2019-05-17 15:43:07', '2019-05-17 15:43:07');
INSERT INTO `record` VALUES (17067, 456, 712, 0, '2019-05-17 15:43:07', '2019-05-17 15:43:07');
INSERT INTO `record` VALUES (17068, 457, 712, 0, '2019-05-17 15:43:07', '2019-05-17 15:43:07');
INSERT INTO `record` VALUES (17069, 458, 712, 0, '2019-05-17 15:43:07', '2019-05-17 15:43:07');
INSERT INTO `record` VALUES (17070, 459, 712, 0, '2019-05-17 15:43:07', '2019-05-17 15:43:07');
INSERT INTO `record` VALUES (17071, 460, 712, 0, '2019-05-17 15:43:07', '2019-05-17 15:43:07');
INSERT INTO `record` VALUES (17072, 463, 712, 0, '2019-05-17 15:43:07', '2019-05-17 15:43:07');
INSERT INTO `record` VALUES (17073, 464, 712, 0, '2019-05-17 15:43:07', '2019-05-17 15:43:07');
INSERT INTO `record` VALUES (17074, 465, 712, 0, '2019-05-17 15:43:07', '2019-05-17 15:43:07');
INSERT INTO `record` VALUES (17075, 466, 712, 0, '2019-05-17 15:43:07', '2019-05-17 15:43:07');
INSERT INTO `record` VALUES (17076, 467, 712, 0, '2019-05-17 15:43:07', '2019-05-17 15:43:07');
INSERT INTO `record` VALUES (17077, 468, 712, 0, '2019-05-17 15:43:07', '2019-05-17 15:43:07');
INSERT INTO `record` VALUES (17078, 469, 712, 0, '2019-05-17 15:43:07', '2019-05-17 15:43:07');
INSERT INTO `record` VALUES (17079, 470, 712, 0, '2019-05-17 15:43:07', '2019-05-17 15:43:07');
INSERT INTO `record` VALUES (17080, 471, 712, 0, '2019-05-17 15:43:07', '2019-05-17 15:43:07');
INSERT INTO `record` VALUES (17081, 473, 712, 0, '2019-05-17 15:43:07', '2019-05-17 15:43:07');
INSERT INTO `record` VALUES (17082, 474, 712, 0, '2019-05-17 15:43:07', '2019-05-17 15:43:07');
INSERT INTO `record` VALUES (17083, 475, 712, 0, '2019-05-17 15:43:07', '2019-05-17 15:43:07');
INSERT INTO `record` VALUES (17084, 476, 712, 0, '2019-05-17 15:43:07', '2019-05-17 15:43:07');
INSERT INTO `record` VALUES (17085, 477, 712, 0, '2019-05-17 15:43:07', '2019-05-17 15:43:07');
INSERT INTO `record` VALUES (17086, 478, 712, 0, '2019-05-17 15:43:07', '2019-05-17 15:43:07');
INSERT INTO `record` VALUES (17087, 479, 712, 0, '2019-05-17 15:43:07', '2019-05-17 15:43:07');
INSERT INTO `record` VALUES (17088, 480, 712, 0, '2019-05-17 15:43:07', '2019-05-17 15:43:07');
INSERT INTO `record` VALUES (17089, 481, 712, 0, '2019-05-17 15:43:07', '2019-05-17 15:43:07');
INSERT INTO `record` VALUES (17090, 482, 712, 0, '2019-05-17 15:43:07', '2019-05-17 15:43:07');
INSERT INTO `record` VALUES (17091, 483, 712, 0, '2019-05-17 15:43:07', '2019-05-17 15:43:07');
INSERT INTO `record` VALUES (17092, 484, 712, 0, '2019-05-17 15:43:07', '2019-05-17 15:43:07');
INSERT INTO `record` VALUES (17093, 485, 712, 0, '2019-05-17 15:43:07', '2019-05-17 15:43:07');
INSERT INTO `record` VALUES (17094, 486, 712, 0, '2019-05-17 15:43:07', '2019-05-17 15:43:07');
INSERT INTO `record` VALUES (17095, 487, 712, 0, '2019-05-17 15:43:07', '2019-05-17 15:43:07');
INSERT INTO `record` VALUES (17096, 488, 712, 0, '2019-05-17 15:43:07', '2019-05-17 15:43:07');
INSERT INTO `record` VALUES (17097, 489, 712, 0, '2019-05-17 15:43:07', '2019-05-17 15:43:07');
INSERT INTO `record` VALUES (17098, 490, 712, 0, '2019-05-17 15:43:07', '2019-05-17 15:43:07');
INSERT INTO `record` VALUES (17099, 491, 712, 0, '2019-05-17 15:43:07', '2019-05-17 15:43:07');
INSERT INTO `record` VALUES (17100, 492, 712, 0, '2019-05-17 15:43:07', '2019-05-17 15:43:07');
INSERT INTO `record` VALUES (17101, 493, 712, 0, '2019-05-17 15:43:07', '2019-05-17 15:43:07');
INSERT INTO `record` VALUES (17103, 0, 713, 1, '2019-05-17 15:43:08', '2019-05-18 12:50:32');
INSERT INTO `record` VALUES (17105, 422, 713, 0, '2019-05-17 15:43:08', '2019-05-17 15:43:08');
INSERT INTO `record` VALUES (17106, 425, 713, 1, '2019-05-17 15:43:08', '2019-05-18 10:58:23');
INSERT INTO `record` VALUES (17107, 430, 713, 0, '2019-05-17 15:43:08', '2019-05-17 15:43:08');
INSERT INTO `record` VALUES (17108, 433, 713, 0, '2019-05-17 15:43:08', '2019-05-17 15:43:08');
INSERT INTO `record` VALUES (17109, 440, 713, 0, '2019-05-17 15:43:08', '2019-05-17 15:43:08');
INSERT INTO `record` VALUES (17110, 443, 713, 0, '2019-05-17 15:43:08', '2019-05-17 15:43:08');
INSERT INTO `record` VALUES (17111, 445, 713, 0, '2019-05-17 15:43:08', '2019-05-17 15:43:08');
INSERT INTO `record` VALUES (17112, 446, 713, 0, '2019-05-17 15:43:08', '2019-05-17 15:43:08');
INSERT INTO `record` VALUES (17113, 447, 713, 0, '2019-05-17 15:43:08', '2019-05-17 15:43:08');
INSERT INTO `record` VALUES (17114, 448, 713, 0, '2019-05-17 15:43:08', '2019-05-17 15:43:08');
INSERT INTO `record` VALUES (17115, 449, 713, 0, '2019-05-17 15:43:08', '2019-05-17 15:43:08');
INSERT INTO `record` VALUES (17116, 450, 713, 0, '2019-05-17 15:43:08', '2019-05-17 15:43:08');
INSERT INTO `record` VALUES (17117, 451, 713, 0, '2019-05-17 15:43:08', '2019-05-17 15:43:08');
INSERT INTO `record` VALUES (17118, 452, 713, 0, '2019-05-17 15:43:08', '2019-05-17 15:43:08');
INSERT INTO `record` VALUES (17119, 453, 713, 0, '2019-05-17 15:43:08', '2019-05-17 15:43:08');
INSERT INTO `record` VALUES (17120, 454, 713, 0, '2019-05-17 15:43:08', '2019-05-17 15:43:08');
INSERT INTO `record` VALUES (17121, 455, 713, 0, '2019-05-17 15:43:08', '2019-05-17 15:43:08');
INSERT INTO `record` VALUES (17122, 456, 713, 0, '2019-05-17 15:43:08', '2019-05-17 15:43:08');
INSERT INTO `record` VALUES (17123, 457, 713, 0, '2019-05-17 15:43:08', '2019-05-17 15:43:08');
INSERT INTO `record` VALUES (17124, 458, 713, 0, '2019-05-17 15:43:08', '2019-05-17 15:43:08');
INSERT INTO `record` VALUES (17125, 459, 713, 0, '2019-05-17 15:43:08', '2019-05-17 15:43:08');
INSERT INTO `record` VALUES (17126, 460, 713, 0, '2019-05-17 15:43:08', '2019-05-17 15:43:08');
INSERT INTO `record` VALUES (17127, 463, 713, 0, '2019-05-17 15:43:08', '2019-05-17 15:43:08');
INSERT INTO `record` VALUES (17128, 464, 713, 0, '2019-05-17 15:43:08', '2019-05-17 15:43:08');
INSERT INTO `record` VALUES (17129, 465, 713, 0, '2019-05-17 15:43:08', '2019-05-17 15:43:08');
INSERT INTO `record` VALUES (17130, 466, 713, 0, '2019-05-17 15:43:08', '2019-05-17 15:43:08');
INSERT INTO `record` VALUES (17131, 467, 713, 0, '2019-05-17 15:43:08', '2019-05-17 15:43:08');
INSERT INTO `record` VALUES (17132, 468, 713, 0, '2019-05-17 15:43:08', '2019-05-17 15:43:08');
INSERT INTO `record` VALUES (17133, 469, 713, 0, '2019-05-17 15:43:08', '2019-05-17 15:43:08');
INSERT INTO `record` VALUES (17134, 470, 713, 0, '2019-05-17 15:43:08', '2019-05-17 15:43:08');
INSERT INTO `record` VALUES (17135, 471, 713, 0, '2019-05-17 15:43:08', '2019-05-17 15:43:08');
INSERT INTO `record` VALUES (17136, 473, 713, 0, '2019-05-17 15:43:08', '2019-05-17 15:43:08');
INSERT INTO `record` VALUES (17137, 474, 713, 0, '2019-05-17 15:43:08', '2019-05-17 15:43:08');
INSERT INTO `record` VALUES (17138, 475, 713, 0, '2019-05-17 15:43:08', '2019-05-17 15:43:08');
INSERT INTO `record` VALUES (17139, 476, 713, 0, '2019-05-17 15:43:08', '2019-05-17 15:43:08');
INSERT INTO `record` VALUES (17140, 477, 713, 0, '2019-05-17 15:43:08', '2019-05-17 15:43:08');
INSERT INTO `record` VALUES (17141, 478, 713, 0, '2019-05-17 15:43:08', '2019-05-17 15:43:08');
INSERT INTO `record` VALUES (17142, 479, 713, 0, '2019-05-17 15:43:08', '2019-05-17 15:43:08');
INSERT INTO `record` VALUES (17143, 480, 713, 0, '2019-05-17 15:43:08', '2019-05-17 15:43:08');
INSERT INTO `record` VALUES (17144, 481, 713, 0, '2019-05-17 15:43:08', '2019-05-17 15:43:08');
INSERT INTO `record` VALUES (17145, 482, 713, 0, '2019-05-17 15:43:08', '2019-05-17 15:43:08');
INSERT INTO `record` VALUES (17146, 483, 713, 0, '2019-05-17 15:43:08', '2019-05-17 15:43:08');
INSERT INTO `record` VALUES (17147, 484, 713, 0, '2019-05-17 15:43:08', '2019-05-17 15:43:08');
INSERT INTO `record` VALUES (17148, 485, 713, 0, '2019-05-17 15:43:08', '2019-05-17 15:43:08');
INSERT INTO `record` VALUES (17149, 486, 713, 0, '2019-05-17 15:43:08', '2019-05-17 15:43:08');
INSERT INTO `record` VALUES (17150, 487, 713, 0, '2019-05-17 15:43:08', '2019-05-17 15:43:08');
INSERT INTO `record` VALUES (17151, 488, 713, 0, '2019-05-17 15:43:08', '2019-05-17 15:43:08');
INSERT INTO `record` VALUES (17152, 489, 713, 0, '2019-05-17 15:43:08', '2019-05-17 15:43:08');
INSERT INTO `record` VALUES (17153, 490, 713, 0, '2019-05-17 15:43:08', '2019-05-17 15:43:08');
INSERT INTO `record` VALUES (17154, 491, 713, 0, '2019-05-17 15:43:08', '2019-05-17 15:43:08');
INSERT INTO `record` VALUES (17155, 492, 713, 0, '2019-05-17 15:43:08', '2019-05-17 15:43:08');
INSERT INTO `record` VALUES (17156, 493, 713, 0, '2019-05-17 15:43:08', '2019-05-17 15:43:08');
INSERT INTO `record` VALUES (17158, 0, 714, 1, '2019-05-17 15:43:08', '2019-05-18 12:50:32');
INSERT INTO `record` VALUES (17160, 422, 714, 0, '2019-05-17 15:43:08', '2019-05-17 15:43:08');
INSERT INTO `record` VALUES (17161, 425, 714, 1, '2019-05-17 15:43:08', '2019-05-18 10:58:23');
INSERT INTO `record` VALUES (17162, 430, 714, 0, '2019-05-17 15:43:08', '2019-05-17 15:43:08');
INSERT INTO `record` VALUES (17163, 433, 714, 0, '2019-05-17 15:43:08', '2019-05-17 15:43:08');
INSERT INTO `record` VALUES (17164, 440, 714, 0, '2019-05-17 15:43:08', '2019-05-17 15:43:08');
INSERT INTO `record` VALUES (17165, 443, 714, 0, '2019-05-17 15:43:08', '2019-05-17 15:43:08');
INSERT INTO `record` VALUES (17166, 445, 714, 0, '2019-05-17 15:43:08', '2019-05-17 15:43:08');
INSERT INTO `record` VALUES (17167, 446, 714, 0, '2019-05-17 15:43:08', '2019-05-17 15:43:08');
INSERT INTO `record` VALUES (17168, 447, 714, 0, '2019-05-17 15:43:08', '2019-05-17 15:43:08');
INSERT INTO `record` VALUES (17169, 448, 714, 0, '2019-05-17 15:43:08', '2019-05-17 15:43:08');
INSERT INTO `record` VALUES (17170, 449, 714, 0, '2019-05-17 15:43:08', '2019-05-17 15:43:08');
INSERT INTO `record` VALUES (17171, 450, 714, 0, '2019-05-17 15:43:08', '2019-05-17 15:43:08');
INSERT INTO `record` VALUES (17172, 451, 714, 0, '2019-05-17 15:43:08', '2019-05-17 15:43:08');
INSERT INTO `record` VALUES (17173, 452, 714, 0, '2019-05-17 15:43:08', '2019-05-17 15:43:08');
INSERT INTO `record` VALUES (17174, 453, 714, 0, '2019-05-17 15:43:08', '2019-05-17 15:43:08');
INSERT INTO `record` VALUES (17175, 454, 714, 0, '2019-05-17 15:43:08', '2019-05-17 15:43:08');
INSERT INTO `record` VALUES (17176, 455, 714, 0, '2019-05-17 15:43:08', '2019-05-17 15:43:08');
INSERT INTO `record` VALUES (17177, 456, 714, 0, '2019-05-17 15:43:08', '2019-05-17 15:43:08');
INSERT INTO `record` VALUES (17178, 457, 714, 0, '2019-05-17 15:43:08', '2019-05-17 15:43:08');
INSERT INTO `record` VALUES (17179, 458, 714, 0, '2019-05-17 15:43:08', '2019-05-17 15:43:08');
INSERT INTO `record` VALUES (17180, 459, 714, 0, '2019-05-17 15:43:08', '2019-05-17 15:43:08');
INSERT INTO `record` VALUES (17181, 460, 714, 0, '2019-05-17 15:43:08', '2019-05-17 15:43:08');
INSERT INTO `record` VALUES (17182, 463, 714, 0, '2019-05-17 15:43:08', '2019-05-17 15:43:08');
INSERT INTO `record` VALUES (17183, 464, 714, 0, '2019-05-17 15:43:08', '2019-05-17 15:43:08');
INSERT INTO `record` VALUES (17184, 465, 714, 0, '2019-05-17 15:43:08', '2019-05-17 15:43:08');
INSERT INTO `record` VALUES (17185, 466, 714, 0, '2019-05-17 15:43:08', '2019-05-17 15:43:08');
INSERT INTO `record` VALUES (17186, 467, 714, 0, '2019-05-17 15:43:08', '2019-05-17 15:43:08');
INSERT INTO `record` VALUES (17187, 468, 714, 0, '2019-05-17 15:43:08', '2019-05-17 15:43:08');
INSERT INTO `record` VALUES (17188, 469, 714, 0, '2019-05-17 15:43:08', '2019-05-17 15:43:08');
INSERT INTO `record` VALUES (17189, 470, 714, 0, '2019-05-17 15:43:08', '2019-05-17 15:43:08');
INSERT INTO `record` VALUES (17190, 471, 714, 0, '2019-05-17 15:43:08', '2019-05-17 15:43:08');
INSERT INTO `record` VALUES (17191, 473, 714, 0, '2019-05-17 15:43:08', '2019-05-17 15:43:08');
INSERT INTO `record` VALUES (17192, 474, 714, 0, '2019-05-17 15:43:08', '2019-05-17 15:43:08');
INSERT INTO `record` VALUES (17193, 475, 714, 0, '2019-05-17 15:43:08', '2019-05-17 15:43:08');
INSERT INTO `record` VALUES (17194, 476, 714, 0, '2019-05-17 15:43:08', '2019-05-17 15:43:08');
INSERT INTO `record` VALUES (17195, 477, 714, 0, '2019-05-17 15:43:08', '2019-05-17 15:43:08');
INSERT INTO `record` VALUES (17196, 478, 714, 0, '2019-05-17 15:43:08', '2019-05-17 15:43:08');
INSERT INTO `record` VALUES (17197, 479, 714, 0, '2019-05-17 15:43:08', '2019-05-17 15:43:08');
INSERT INTO `record` VALUES (17198, 480, 714, 0, '2019-05-17 15:43:08', '2019-05-17 15:43:08');
INSERT INTO `record` VALUES (17199, 481, 714, 0, '2019-05-17 15:43:08', '2019-05-17 15:43:08');
INSERT INTO `record` VALUES (17200, 482, 714, 0, '2019-05-17 15:43:08', '2019-05-17 15:43:08');
INSERT INTO `record` VALUES (17201, 483, 714, 0, '2019-05-17 15:43:08', '2019-05-17 15:43:08');
INSERT INTO `record` VALUES (17202, 484, 714, 0, '2019-05-17 15:43:08', '2019-05-17 15:43:08');
INSERT INTO `record` VALUES (17203, 485, 714, 0, '2019-05-17 15:43:08', '2019-05-17 15:43:08');
INSERT INTO `record` VALUES (17204, 486, 714, 0, '2019-05-17 15:43:08', '2019-05-17 15:43:08');
INSERT INTO `record` VALUES (17205, 487, 714, 0, '2019-05-17 15:43:08', '2019-05-17 15:43:08');
INSERT INTO `record` VALUES (17206, 488, 714, 0, '2019-05-17 15:43:08', '2019-05-17 15:43:08');
INSERT INTO `record` VALUES (17207, 489, 714, 0, '2019-05-17 15:43:08', '2019-05-17 15:43:08');
INSERT INTO `record` VALUES (17208, 490, 714, 0, '2019-05-17 15:43:08', '2019-05-17 15:43:08');
INSERT INTO `record` VALUES (17209, 491, 714, 0, '2019-05-17 15:43:08', '2019-05-17 15:43:08');
INSERT INTO `record` VALUES (17210, 492, 714, 0, '2019-05-17 15:43:08', '2019-05-17 15:43:08');
INSERT INTO `record` VALUES (17211, 493, 714, 0, '2019-05-17 15:43:08', '2019-05-17 15:43:08');
INSERT INTO `record` VALUES (17213, 0, 715, 1, '2019-05-17 15:43:08', '2019-05-18 12:50:32');
INSERT INTO `record` VALUES (17215, 422, 715, 0, '2019-05-17 15:43:08', '2019-05-17 15:43:08');
INSERT INTO `record` VALUES (17216, 425, 715, 1, '2019-05-17 15:43:08', '2019-05-18 10:58:23');
INSERT INTO `record` VALUES (17217, 430, 715, 0, '2019-05-17 15:43:08', '2019-05-17 15:43:08');
INSERT INTO `record` VALUES (17218, 433, 715, 0, '2019-05-17 15:43:08', '2019-05-17 15:43:08');
INSERT INTO `record` VALUES (17219, 440, 715, 0, '2019-05-17 15:43:08', '2019-05-17 15:43:08');
INSERT INTO `record` VALUES (17220, 443, 715, 0, '2019-05-17 15:43:08', '2019-05-17 15:43:08');
INSERT INTO `record` VALUES (17221, 445, 715, 0, '2019-05-17 15:43:08', '2019-05-17 15:43:08');
INSERT INTO `record` VALUES (17222, 446, 715, 0, '2019-05-17 15:43:08', '2019-05-17 15:43:08');
INSERT INTO `record` VALUES (17223, 447, 715, 0, '2019-05-17 15:43:08', '2019-05-17 15:43:08');
INSERT INTO `record` VALUES (17224, 448, 715, 0, '2019-05-17 15:43:08', '2019-05-17 15:43:08');
INSERT INTO `record` VALUES (17225, 449, 715, 0, '2019-05-17 15:43:08', '2019-05-17 15:43:08');
INSERT INTO `record` VALUES (17226, 450, 715, 0, '2019-05-17 15:43:08', '2019-05-17 15:43:08');
INSERT INTO `record` VALUES (17227, 451, 715, 0, '2019-05-17 15:43:08', '2019-05-17 15:43:08');
INSERT INTO `record` VALUES (17228, 452, 715, 0, '2019-05-17 15:43:08', '2019-05-17 15:43:08');
INSERT INTO `record` VALUES (17229, 453, 715, 0, '2019-05-17 15:43:08', '2019-05-17 15:43:08');
INSERT INTO `record` VALUES (17230, 454, 715, 0, '2019-05-17 15:43:08', '2019-05-17 15:43:08');
INSERT INTO `record` VALUES (17231, 455, 715, 0, '2019-05-17 15:43:08', '2019-05-17 15:43:08');
INSERT INTO `record` VALUES (17232, 456, 715, 0, '2019-05-17 15:43:08', '2019-05-17 15:43:08');
INSERT INTO `record` VALUES (17233, 457, 715, 0, '2019-05-17 15:43:08', '2019-05-17 15:43:08');
INSERT INTO `record` VALUES (17234, 458, 715, 0, '2019-05-17 15:43:08', '2019-05-17 15:43:08');
INSERT INTO `record` VALUES (17235, 459, 715, 0, '2019-05-17 15:43:08', '2019-05-17 15:43:08');
INSERT INTO `record` VALUES (17236, 460, 715, 0, '2019-05-17 15:43:08', '2019-05-17 15:43:08');
INSERT INTO `record` VALUES (17237, 463, 715, 0, '2019-05-17 15:43:08', '2019-05-17 15:43:08');
INSERT INTO `record` VALUES (17238, 464, 715, 0, '2019-05-17 15:43:08', '2019-05-17 15:43:08');
INSERT INTO `record` VALUES (17239, 465, 715, 0, '2019-05-17 15:43:08', '2019-05-17 15:43:08');
INSERT INTO `record` VALUES (17240, 466, 715, 0, '2019-05-17 15:43:08', '2019-05-17 15:43:08');
INSERT INTO `record` VALUES (17241, 467, 715, 0, '2019-05-17 15:43:08', '2019-05-17 15:43:08');
INSERT INTO `record` VALUES (17242, 468, 715, 0, '2019-05-17 15:43:08', '2019-05-17 15:43:08');
INSERT INTO `record` VALUES (17243, 469, 715, 0, '2019-05-17 15:43:08', '2019-05-17 15:43:08');
INSERT INTO `record` VALUES (17244, 470, 715, 0, '2019-05-17 15:43:08', '2019-05-17 15:43:08');
INSERT INTO `record` VALUES (17245, 471, 715, 0, '2019-05-17 15:43:08', '2019-05-17 15:43:08');
INSERT INTO `record` VALUES (17246, 473, 715, 0, '2019-05-17 15:43:08', '2019-05-17 15:43:08');
INSERT INTO `record` VALUES (17247, 474, 715, 0, '2019-05-17 15:43:08', '2019-05-17 15:43:08');
INSERT INTO `record` VALUES (17248, 475, 715, 0, '2019-05-17 15:43:08', '2019-05-17 15:43:08');
INSERT INTO `record` VALUES (17249, 476, 715, 0, '2019-05-17 15:43:08', '2019-05-17 15:43:08');
INSERT INTO `record` VALUES (17250, 477, 715, 0, '2019-05-17 15:43:08', '2019-05-17 15:43:08');
INSERT INTO `record` VALUES (17251, 478, 715, 0, '2019-05-17 15:43:08', '2019-05-17 15:43:08');
INSERT INTO `record` VALUES (17252, 479, 715, 0, '2019-05-17 15:43:08', '2019-05-17 15:43:08');
INSERT INTO `record` VALUES (17253, 480, 715, 0, '2019-05-17 15:43:08', '2019-05-17 15:43:08');
INSERT INTO `record` VALUES (17254, 481, 715, 0, '2019-05-17 15:43:08', '2019-05-17 15:43:08');
INSERT INTO `record` VALUES (17255, 482, 715, 0, '2019-05-17 15:43:08', '2019-05-17 15:43:08');
INSERT INTO `record` VALUES (17256, 483, 715, 0, '2019-05-17 15:43:08', '2019-05-17 15:43:08');
INSERT INTO `record` VALUES (17257, 484, 715, 0, '2019-05-17 15:43:08', '2019-05-17 15:43:08');
INSERT INTO `record` VALUES (17258, 485, 715, 0, '2019-05-17 15:43:08', '2019-05-17 15:43:08');
INSERT INTO `record` VALUES (17259, 486, 715, 0, '2019-05-17 15:43:08', '2019-05-17 15:43:08');
INSERT INTO `record` VALUES (17260, 487, 715, 0, '2019-05-17 15:43:08', '2019-05-17 15:43:08');
INSERT INTO `record` VALUES (17261, 488, 715, 0, '2019-05-17 15:43:08', '2019-05-17 15:43:08');
INSERT INTO `record` VALUES (17262, 489, 715, 0, '2019-05-17 15:43:08', '2019-05-17 15:43:08');
INSERT INTO `record` VALUES (17263, 490, 715, 0, '2019-05-17 15:43:08', '2019-05-17 15:43:08');
INSERT INTO `record` VALUES (17264, 491, 715, 0, '2019-05-17 15:43:08', '2019-05-17 15:43:08');
INSERT INTO `record` VALUES (17265, 492, 715, 0, '2019-05-17 15:43:08', '2019-05-17 15:43:08');
INSERT INTO `record` VALUES (17266, 493, 715, 0, '2019-05-17 15:43:08', '2019-05-17 15:43:08');
INSERT INTO `record` VALUES (17268, 0, 716, 1, '2019-05-17 15:43:09', '2019-05-18 12:50:32');
INSERT INTO `record` VALUES (17270, 422, 716, 0, '2019-05-17 15:43:09', '2019-05-17 15:43:09');
INSERT INTO `record` VALUES (17271, 425, 716, 1, '2019-05-17 15:43:09', '2019-05-18 10:58:23');
INSERT INTO `record` VALUES (17272, 430, 716, 0, '2019-05-17 15:43:09', '2019-05-17 15:43:09');
INSERT INTO `record` VALUES (17273, 433, 716, 0, '2019-05-17 15:43:09', '2019-05-17 15:43:09');
INSERT INTO `record` VALUES (17274, 440, 716, 0, '2019-05-17 15:43:09', '2019-05-17 15:43:09');
INSERT INTO `record` VALUES (17275, 443, 716, 0, '2019-05-17 15:43:09', '2019-05-17 15:43:09');
INSERT INTO `record` VALUES (17276, 445, 716, 0, '2019-05-17 15:43:09', '2019-05-17 15:43:09');
INSERT INTO `record` VALUES (17277, 446, 716, 0, '2019-05-17 15:43:09', '2019-05-17 15:43:09');
INSERT INTO `record` VALUES (17278, 447, 716, 0, '2019-05-17 15:43:09', '2019-05-17 15:43:09');
INSERT INTO `record` VALUES (17279, 448, 716, 0, '2019-05-17 15:43:09', '2019-05-17 15:43:09');
INSERT INTO `record` VALUES (17280, 449, 716, 0, '2019-05-17 15:43:09', '2019-05-17 15:43:09');
INSERT INTO `record` VALUES (17281, 450, 716, 0, '2019-05-17 15:43:09', '2019-05-17 15:43:09');
INSERT INTO `record` VALUES (17282, 451, 716, 0, '2019-05-17 15:43:09', '2019-05-17 15:43:09');
INSERT INTO `record` VALUES (17283, 452, 716, 0, '2019-05-17 15:43:09', '2019-05-17 15:43:09');
INSERT INTO `record` VALUES (17284, 453, 716, 0, '2019-05-17 15:43:09', '2019-05-17 15:43:09');
INSERT INTO `record` VALUES (17285, 454, 716, 0, '2019-05-17 15:43:09', '2019-05-17 15:43:09');
INSERT INTO `record` VALUES (17286, 455, 716, 0, '2019-05-17 15:43:09', '2019-05-17 15:43:09');
INSERT INTO `record` VALUES (17287, 456, 716, 0, '2019-05-17 15:43:09', '2019-05-17 15:43:09');
INSERT INTO `record` VALUES (17288, 457, 716, 0, '2019-05-17 15:43:09', '2019-05-17 15:43:09');
INSERT INTO `record` VALUES (17289, 458, 716, 0, '2019-05-17 15:43:09', '2019-05-17 15:43:09');
INSERT INTO `record` VALUES (17290, 459, 716, 0, '2019-05-17 15:43:09', '2019-05-17 15:43:09');
INSERT INTO `record` VALUES (17291, 460, 716, 0, '2019-05-17 15:43:09', '2019-05-17 15:43:09');
INSERT INTO `record` VALUES (17292, 463, 716, 0, '2019-05-17 15:43:09', '2019-05-17 15:43:09');
INSERT INTO `record` VALUES (17293, 464, 716, 0, '2019-05-17 15:43:09', '2019-05-17 15:43:09');
INSERT INTO `record` VALUES (17294, 465, 716, 0, '2019-05-17 15:43:09', '2019-05-17 15:43:09');
INSERT INTO `record` VALUES (17295, 466, 716, 0, '2019-05-17 15:43:09', '2019-05-17 15:43:09');
INSERT INTO `record` VALUES (17296, 467, 716, 0, '2019-05-17 15:43:09', '2019-05-17 15:43:09');
INSERT INTO `record` VALUES (17297, 468, 716, 0, '2019-05-17 15:43:09', '2019-05-17 15:43:09');
INSERT INTO `record` VALUES (17298, 469, 716, 0, '2019-05-17 15:43:09', '2019-05-17 15:43:09');
INSERT INTO `record` VALUES (17299, 470, 716, 0, '2019-05-17 15:43:09', '2019-05-17 15:43:09');
INSERT INTO `record` VALUES (17300, 471, 716, 0, '2019-05-17 15:43:09', '2019-05-17 15:43:09');
INSERT INTO `record` VALUES (17301, 473, 716, 0, '2019-05-17 15:43:09', '2019-05-17 15:43:09');
INSERT INTO `record` VALUES (17302, 474, 716, 0, '2019-05-17 15:43:09', '2019-05-17 15:43:09');
INSERT INTO `record` VALUES (17303, 475, 716, 0, '2019-05-17 15:43:09', '2019-05-17 15:43:09');
INSERT INTO `record` VALUES (17304, 476, 716, 0, '2019-05-17 15:43:09', '2019-05-17 15:43:09');
INSERT INTO `record` VALUES (17305, 477, 716, 0, '2019-05-17 15:43:09', '2019-05-17 15:43:09');
INSERT INTO `record` VALUES (17306, 478, 716, 0, '2019-05-17 15:43:09', '2019-05-17 15:43:09');
INSERT INTO `record` VALUES (17307, 479, 716, 0, '2019-05-17 15:43:09', '2019-05-17 15:43:09');
INSERT INTO `record` VALUES (17308, 480, 716, 0, '2019-05-17 15:43:09', '2019-05-17 15:43:09');
INSERT INTO `record` VALUES (17309, 481, 716, 0, '2019-05-17 15:43:09', '2019-05-17 15:43:09');
INSERT INTO `record` VALUES (17310, 482, 716, 0, '2019-05-17 15:43:09', '2019-05-17 15:43:09');
INSERT INTO `record` VALUES (17311, 483, 716, 0, '2019-05-17 15:43:09', '2019-05-17 15:43:09');
INSERT INTO `record` VALUES (17312, 484, 716, 0, '2019-05-17 15:43:09', '2019-05-17 15:43:09');
INSERT INTO `record` VALUES (17313, 485, 716, 0, '2019-05-17 15:43:09', '2019-05-17 15:43:09');
INSERT INTO `record` VALUES (17314, 486, 716, 0, '2019-05-17 15:43:09', '2019-05-17 15:43:09');
INSERT INTO `record` VALUES (17315, 487, 716, 0, '2019-05-17 15:43:09', '2019-05-17 15:43:09');
INSERT INTO `record` VALUES (17316, 488, 716, 0, '2019-05-17 15:43:09', '2019-05-17 15:43:09');
INSERT INTO `record` VALUES (17317, 489, 716, 0, '2019-05-17 15:43:09', '2019-05-17 15:43:09');
INSERT INTO `record` VALUES (17318, 490, 716, 0, '2019-05-17 15:43:09', '2019-05-17 15:43:09');
INSERT INTO `record` VALUES (17319, 491, 716, 0, '2019-05-17 15:43:09', '2019-05-17 15:43:09');
INSERT INTO `record` VALUES (17320, 492, 716, 0, '2019-05-17 15:43:09', '2019-05-17 15:43:09');
INSERT INTO `record` VALUES (17321, 493, 716, 0, '2019-05-17 15:43:09', '2019-05-17 15:43:09');
INSERT INTO `record` VALUES (17323, 0, 717, 1, '2019-05-17 15:43:10', '2019-05-18 12:50:32');
INSERT INTO `record` VALUES (17325, 422, 717, 0, '2019-05-17 15:43:10', '2019-05-17 15:43:10');
INSERT INTO `record` VALUES (17326, 425, 717, 1, '2019-05-17 15:43:10', '2019-05-18 10:58:23');
INSERT INTO `record` VALUES (17327, 430, 717, 0, '2019-05-17 15:43:10', '2019-05-17 15:43:10');
INSERT INTO `record` VALUES (17328, 433, 717, 0, '2019-05-17 15:43:10', '2019-05-17 15:43:10');
INSERT INTO `record` VALUES (17329, 440, 717, 0, '2019-05-17 15:43:10', '2019-05-17 15:43:10');
INSERT INTO `record` VALUES (17330, 443, 717, 0, '2019-05-17 15:43:10', '2019-05-17 15:43:10');
INSERT INTO `record` VALUES (17331, 445, 717, 0, '2019-05-17 15:43:10', '2019-05-17 15:43:10');
INSERT INTO `record` VALUES (17332, 446, 717, 0, '2019-05-17 15:43:10', '2019-05-17 15:43:10');
INSERT INTO `record` VALUES (17333, 447, 717, 0, '2019-05-17 15:43:10', '2019-05-17 15:43:10');
INSERT INTO `record` VALUES (17334, 448, 717, 0, '2019-05-17 15:43:10', '2019-05-17 15:43:10');
INSERT INTO `record` VALUES (17335, 449, 717, 0, '2019-05-17 15:43:10', '2019-05-17 15:43:10');
INSERT INTO `record` VALUES (17336, 450, 717, 0, '2019-05-17 15:43:10', '2019-05-17 15:43:10');
INSERT INTO `record` VALUES (17337, 451, 717, 0, '2019-05-17 15:43:10', '2019-05-17 15:43:10');
INSERT INTO `record` VALUES (17338, 452, 717, 0, '2019-05-17 15:43:10', '2019-05-17 15:43:10');
INSERT INTO `record` VALUES (17339, 453, 717, 0, '2019-05-17 15:43:10', '2019-05-17 15:43:10');
INSERT INTO `record` VALUES (17340, 454, 717, 0, '2019-05-17 15:43:10', '2019-05-17 15:43:10');
INSERT INTO `record` VALUES (17341, 455, 717, 0, '2019-05-17 15:43:10', '2019-05-17 15:43:10');
INSERT INTO `record` VALUES (17342, 456, 717, 0, '2019-05-17 15:43:10', '2019-05-17 15:43:10');
INSERT INTO `record` VALUES (17343, 457, 717, 0, '2019-05-17 15:43:10', '2019-05-17 15:43:10');
INSERT INTO `record` VALUES (17344, 458, 717, 0, '2019-05-17 15:43:10', '2019-05-17 15:43:10');
INSERT INTO `record` VALUES (17345, 459, 717, 0, '2019-05-17 15:43:10', '2019-05-17 15:43:10');
INSERT INTO `record` VALUES (17346, 460, 717, 0, '2019-05-17 15:43:10', '2019-05-17 15:43:10');
INSERT INTO `record` VALUES (17347, 463, 717, 0, '2019-05-17 15:43:10', '2019-05-17 15:43:10');
INSERT INTO `record` VALUES (17348, 464, 717, 0, '2019-05-17 15:43:10', '2019-05-17 15:43:10');
INSERT INTO `record` VALUES (17349, 465, 717, 0, '2019-05-17 15:43:10', '2019-05-17 15:43:10');
INSERT INTO `record` VALUES (17350, 466, 717, 0, '2019-05-17 15:43:10', '2019-05-17 15:43:10');
INSERT INTO `record` VALUES (17351, 467, 717, 0, '2019-05-17 15:43:10', '2019-05-17 15:43:10');
INSERT INTO `record` VALUES (17352, 468, 717, 0, '2019-05-17 15:43:10', '2019-05-17 15:43:10');
INSERT INTO `record` VALUES (17353, 469, 717, 0, '2019-05-17 15:43:10', '2019-05-17 15:43:10');
INSERT INTO `record` VALUES (17354, 470, 717, 0, '2019-05-17 15:43:10', '2019-05-17 15:43:10');
INSERT INTO `record` VALUES (17355, 471, 717, 0, '2019-05-17 15:43:10', '2019-05-17 15:43:10');
INSERT INTO `record` VALUES (17356, 473, 717, 0, '2019-05-17 15:43:10', '2019-05-17 15:43:10');
INSERT INTO `record` VALUES (17357, 474, 717, 0, '2019-05-17 15:43:10', '2019-05-17 15:43:10');
INSERT INTO `record` VALUES (17358, 475, 717, 0, '2019-05-17 15:43:10', '2019-05-17 15:43:10');
INSERT INTO `record` VALUES (17359, 476, 717, 0, '2019-05-17 15:43:10', '2019-05-17 15:43:10');
INSERT INTO `record` VALUES (17360, 477, 717, 0, '2019-05-17 15:43:10', '2019-05-17 15:43:10');
INSERT INTO `record` VALUES (17361, 478, 717, 0, '2019-05-17 15:43:10', '2019-05-17 15:43:10');
INSERT INTO `record` VALUES (17362, 479, 717, 0, '2019-05-17 15:43:10', '2019-05-17 15:43:10');
INSERT INTO `record` VALUES (17363, 480, 717, 0, '2019-05-17 15:43:10', '2019-05-17 15:43:10');
INSERT INTO `record` VALUES (17364, 481, 717, 0, '2019-05-17 15:43:10', '2019-05-17 15:43:10');
INSERT INTO `record` VALUES (17365, 482, 717, 0, '2019-05-17 15:43:10', '2019-05-17 15:43:10');
INSERT INTO `record` VALUES (17366, 483, 717, 0, '2019-05-17 15:43:10', '2019-05-17 15:43:10');
INSERT INTO `record` VALUES (17367, 484, 717, 0, '2019-05-17 15:43:10', '2019-05-17 15:43:10');
INSERT INTO `record` VALUES (17368, 485, 717, 0, '2019-05-17 15:43:10', '2019-05-17 15:43:10');
INSERT INTO `record` VALUES (17369, 486, 717, 0, '2019-05-17 15:43:10', '2019-05-17 15:43:10');
INSERT INTO `record` VALUES (17370, 487, 717, 0, '2019-05-17 15:43:10', '2019-05-17 15:43:10');
INSERT INTO `record` VALUES (17371, 488, 717, 0, '2019-05-17 15:43:10', '2019-05-17 15:43:10');
INSERT INTO `record` VALUES (17372, 489, 717, 0, '2019-05-17 15:43:10', '2019-05-17 15:43:10');
INSERT INTO `record` VALUES (17373, 490, 717, 0, '2019-05-17 15:43:10', '2019-05-17 15:43:10');
INSERT INTO `record` VALUES (17374, 491, 717, 0, '2019-05-17 15:43:10', '2019-05-17 15:43:10');
INSERT INTO `record` VALUES (17375, 492, 717, 0, '2019-05-17 15:43:10', '2019-05-17 15:43:10');
INSERT INTO `record` VALUES (17376, 493, 717, 0, '2019-05-17 15:43:10', '2019-05-17 15:43:10');
INSERT INTO `record` VALUES (17378, 0, 718, 1, '2019-05-17 15:43:10', '2019-05-18 12:50:32');
INSERT INTO `record` VALUES (17380, 422, 718, 0, '2019-05-17 15:43:10', '2019-05-17 15:43:10');
INSERT INTO `record` VALUES (17381, 425, 718, 1, '2019-05-17 15:43:10', '2019-05-18 10:58:23');
INSERT INTO `record` VALUES (17382, 430, 718, 0, '2019-05-17 15:43:10', '2019-05-17 15:43:10');
INSERT INTO `record` VALUES (17383, 433, 718, 0, '2019-05-17 15:43:10', '2019-05-17 15:43:10');
INSERT INTO `record` VALUES (17384, 440, 718, 0, '2019-05-17 15:43:10', '2019-05-17 15:43:10');
INSERT INTO `record` VALUES (17385, 443, 718, 0, '2019-05-17 15:43:10', '2019-05-17 15:43:10');
INSERT INTO `record` VALUES (17386, 445, 718, 0, '2019-05-17 15:43:10', '2019-05-17 15:43:10');
INSERT INTO `record` VALUES (17387, 446, 718, 0, '2019-05-17 15:43:10', '2019-05-17 15:43:10');
INSERT INTO `record` VALUES (17388, 447, 718, 0, '2019-05-17 15:43:10', '2019-05-17 15:43:10');
INSERT INTO `record` VALUES (17389, 448, 718, 0, '2019-05-17 15:43:10', '2019-05-17 15:43:10');
INSERT INTO `record` VALUES (17390, 449, 718, 0, '2019-05-17 15:43:10', '2019-05-17 15:43:10');
INSERT INTO `record` VALUES (17391, 450, 718, 0, '2019-05-17 15:43:10', '2019-05-17 15:43:10');
INSERT INTO `record` VALUES (17392, 451, 718, 0, '2019-05-17 15:43:10', '2019-05-17 15:43:10');
INSERT INTO `record` VALUES (17393, 452, 718, 0, '2019-05-17 15:43:10', '2019-05-17 15:43:10');
INSERT INTO `record` VALUES (17394, 453, 718, 0, '2019-05-17 15:43:10', '2019-05-17 15:43:10');
INSERT INTO `record` VALUES (17395, 454, 718, 0, '2019-05-17 15:43:10', '2019-05-17 15:43:10');
INSERT INTO `record` VALUES (17396, 455, 718, 0, '2019-05-17 15:43:10', '2019-05-17 15:43:10');
INSERT INTO `record` VALUES (17397, 456, 718, 0, '2019-05-17 15:43:10', '2019-05-17 15:43:10');
INSERT INTO `record` VALUES (17398, 457, 718, 0, '2019-05-17 15:43:10', '2019-05-17 15:43:10');
INSERT INTO `record` VALUES (17399, 458, 718, 0, '2019-05-17 15:43:10', '2019-05-17 15:43:10');
INSERT INTO `record` VALUES (17400, 459, 718, 0, '2019-05-17 15:43:10', '2019-05-17 15:43:10');
INSERT INTO `record` VALUES (17401, 460, 718, 0, '2019-05-17 15:43:10', '2019-05-17 15:43:10');
INSERT INTO `record` VALUES (17402, 463, 718, 0, '2019-05-17 15:43:10', '2019-05-17 15:43:10');
INSERT INTO `record` VALUES (17403, 464, 718, 0, '2019-05-17 15:43:10', '2019-05-17 15:43:10');
INSERT INTO `record` VALUES (17404, 465, 718, 0, '2019-05-17 15:43:10', '2019-05-17 15:43:10');
INSERT INTO `record` VALUES (17405, 466, 718, 0, '2019-05-17 15:43:10', '2019-05-17 15:43:10');
INSERT INTO `record` VALUES (17406, 467, 718, 0, '2019-05-17 15:43:10', '2019-05-17 15:43:10');
INSERT INTO `record` VALUES (17407, 468, 718, 0, '2019-05-17 15:43:10', '2019-05-17 15:43:10');
INSERT INTO `record` VALUES (17408, 469, 718, 0, '2019-05-17 15:43:10', '2019-05-17 15:43:10');
INSERT INTO `record` VALUES (17409, 470, 718, 0, '2019-05-17 15:43:10', '2019-05-17 15:43:10');
INSERT INTO `record` VALUES (17410, 471, 718, 0, '2019-05-17 15:43:10', '2019-05-17 15:43:10');
INSERT INTO `record` VALUES (17411, 473, 718, 0, '2019-05-17 15:43:10', '2019-05-17 15:43:10');
INSERT INTO `record` VALUES (17412, 474, 718, 0, '2019-05-17 15:43:10', '2019-05-17 15:43:10');
INSERT INTO `record` VALUES (17413, 475, 718, 0, '2019-05-17 15:43:10', '2019-05-17 15:43:10');
INSERT INTO `record` VALUES (17414, 476, 718, 0, '2019-05-17 15:43:10', '2019-05-17 15:43:10');
INSERT INTO `record` VALUES (17415, 477, 718, 0, '2019-05-17 15:43:10', '2019-05-17 15:43:10');
INSERT INTO `record` VALUES (17416, 478, 718, 0, '2019-05-17 15:43:10', '2019-05-17 15:43:10');
INSERT INTO `record` VALUES (17417, 479, 718, 0, '2019-05-17 15:43:10', '2019-05-17 15:43:10');
INSERT INTO `record` VALUES (17418, 480, 718, 0, '2019-05-17 15:43:10', '2019-05-17 15:43:10');
INSERT INTO `record` VALUES (17419, 481, 718, 0, '2019-05-17 15:43:10', '2019-05-17 15:43:10');
INSERT INTO `record` VALUES (17420, 482, 718, 0, '2019-05-17 15:43:10', '2019-05-17 15:43:10');
INSERT INTO `record` VALUES (17421, 483, 718, 0, '2019-05-17 15:43:10', '2019-05-17 15:43:10');
INSERT INTO `record` VALUES (17422, 484, 718, 0, '2019-05-17 15:43:10', '2019-05-17 15:43:10');
INSERT INTO `record` VALUES (17423, 485, 718, 0, '2019-05-17 15:43:10', '2019-05-17 15:43:10');
INSERT INTO `record` VALUES (17424, 486, 718, 0, '2019-05-17 15:43:10', '2019-05-17 15:43:10');
INSERT INTO `record` VALUES (17425, 487, 718, 0, '2019-05-17 15:43:10', '2019-05-17 15:43:10');
INSERT INTO `record` VALUES (17426, 488, 718, 0, '2019-05-17 15:43:10', '2019-05-17 15:43:10');
INSERT INTO `record` VALUES (17427, 489, 718, 0, '2019-05-17 15:43:10', '2019-05-17 15:43:10');
INSERT INTO `record` VALUES (17428, 490, 718, 0, '2019-05-17 15:43:10', '2019-05-17 15:43:10');
INSERT INTO `record` VALUES (17429, 491, 718, 0, '2019-05-17 15:43:10', '2019-05-17 15:43:10');
INSERT INTO `record` VALUES (17430, 492, 718, 0, '2019-05-17 15:43:10', '2019-05-17 15:43:10');
INSERT INTO `record` VALUES (17431, 493, 718, 0, '2019-05-17 15:43:10', '2019-05-17 15:43:10');
INSERT INTO `record` VALUES (17433, 0, 719, 1, '2019-05-17 15:43:10', '2019-05-18 12:50:32');
INSERT INTO `record` VALUES (17435, 422, 719, 0, '2019-05-17 15:43:10', '2019-05-17 15:43:10');
INSERT INTO `record` VALUES (17436, 425, 719, 1, '2019-05-17 15:43:10', '2019-05-18 10:58:23');
INSERT INTO `record` VALUES (17437, 430, 719, 0, '2019-05-17 15:43:10', '2019-05-17 15:43:10');
INSERT INTO `record` VALUES (17438, 433, 719, 0, '2019-05-17 15:43:10', '2019-05-17 15:43:10');
INSERT INTO `record` VALUES (17439, 440, 719, 0, '2019-05-17 15:43:10', '2019-05-17 15:43:10');
INSERT INTO `record` VALUES (17440, 443, 719, 0, '2019-05-17 15:43:10', '2019-05-17 15:43:10');
INSERT INTO `record` VALUES (17441, 445, 719, 0, '2019-05-17 15:43:10', '2019-05-17 15:43:10');
INSERT INTO `record` VALUES (17442, 446, 719, 0, '2019-05-17 15:43:10', '2019-05-17 15:43:10');
INSERT INTO `record` VALUES (17443, 447, 719, 0, '2019-05-17 15:43:10', '2019-05-17 15:43:10');
INSERT INTO `record` VALUES (17444, 448, 719, 0, '2019-05-17 15:43:10', '2019-05-17 15:43:10');
INSERT INTO `record` VALUES (17445, 449, 719, 0, '2019-05-17 15:43:10', '2019-05-17 15:43:10');
INSERT INTO `record` VALUES (17446, 450, 719, 0, '2019-05-17 15:43:10', '2019-05-17 15:43:10');
INSERT INTO `record` VALUES (17447, 451, 719, 0, '2019-05-17 15:43:10', '2019-05-17 15:43:10');
INSERT INTO `record` VALUES (17448, 452, 719, 0, '2019-05-17 15:43:10', '2019-05-17 15:43:10');
INSERT INTO `record` VALUES (17449, 453, 719, 0, '2019-05-17 15:43:10', '2019-05-17 15:43:10');
INSERT INTO `record` VALUES (17450, 454, 719, 0, '2019-05-17 15:43:10', '2019-05-17 15:43:10');
INSERT INTO `record` VALUES (17451, 455, 719, 0, '2019-05-17 15:43:10', '2019-05-17 15:43:10');
INSERT INTO `record` VALUES (17452, 456, 719, 0, '2019-05-17 15:43:10', '2019-05-17 15:43:10');
INSERT INTO `record` VALUES (17453, 457, 719, 0, '2019-05-17 15:43:10', '2019-05-17 15:43:10');
INSERT INTO `record` VALUES (17454, 458, 719, 0, '2019-05-17 15:43:10', '2019-05-17 15:43:10');
INSERT INTO `record` VALUES (17455, 459, 719, 0, '2019-05-17 15:43:10', '2019-05-17 15:43:10');
INSERT INTO `record` VALUES (17456, 460, 719, 0, '2019-05-17 15:43:10', '2019-05-17 15:43:10');
INSERT INTO `record` VALUES (17457, 463, 719, 0, '2019-05-17 15:43:10', '2019-05-17 15:43:10');
INSERT INTO `record` VALUES (17458, 464, 719, 0, '2019-05-17 15:43:10', '2019-05-17 15:43:10');
INSERT INTO `record` VALUES (17459, 465, 719, 0, '2019-05-17 15:43:10', '2019-05-17 15:43:10');
INSERT INTO `record` VALUES (17460, 466, 719, 0, '2019-05-17 15:43:10', '2019-05-17 15:43:10');
INSERT INTO `record` VALUES (17461, 467, 719, 0, '2019-05-17 15:43:10', '2019-05-17 15:43:10');
INSERT INTO `record` VALUES (17462, 468, 719, 0, '2019-05-17 15:43:10', '2019-05-17 15:43:10');
INSERT INTO `record` VALUES (17463, 469, 719, 0, '2019-05-17 15:43:10', '2019-05-17 15:43:10');
INSERT INTO `record` VALUES (17464, 470, 719, 0, '2019-05-17 15:43:10', '2019-05-17 15:43:10');
INSERT INTO `record` VALUES (17465, 471, 719, 0, '2019-05-17 15:43:10', '2019-05-17 15:43:10');
INSERT INTO `record` VALUES (17466, 473, 719, 0, '2019-05-17 15:43:10', '2019-05-17 15:43:10');
INSERT INTO `record` VALUES (17467, 474, 719, 0, '2019-05-17 15:43:10', '2019-05-17 15:43:10');
INSERT INTO `record` VALUES (17468, 475, 719, 0, '2019-05-17 15:43:10', '2019-05-17 15:43:10');
INSERT INTO `record` VALUES (17469, 476, 719, 0, '2019-05-17 15:43:10', '2019-05-17 15:43:10');
INSERT INTO `record` VALUES (17470, 477, 719, 0, '2019-05-17 15:43:10', '2019-05-17 15:43:10');
INSERT INTO `record` VALUES (17471, 478, 719, 0, '2019-05-17 15:43:10', '2019-05-17 15:43:10');
INSERT INTO `record` VALUES (17472, 479, 719, 0, '2019-05-17 15:43:10', '2019-05-17 15:43:10');
INSERT INTO `record` VALUES (17473, 480, 719, 0, '2019-05-17 15:43:10', '2019-05-17 15:43:10');
INSERT INTO `record` VALUES (17474, 481, 719, 0, '2019-05-17 15:43:10', '2019-05-17 15:43:10');
INSERT INTO `record` VALUES (17475, 482, 719, 0, '2019-05-17 15:43:10', '2019-05-17 15:43:10');
INSERT INTO `record` VALUES (17476, 483, 719, 0, '2019-05-17 15:43:10', '2019-05-17 15:43:10');
INSERT INTO `record` VALUES (17477, 484, 719, 0, '2019-05-17 15:43:10', '2019-05-17 15:43:10');
INSERT INTO `record` VALUES (17478, 485, 719, 0, '2019-05-17 15:43:10', '2019-05-17 15:43:10');
INSERT INTO `record` VALUES (17479, 486, 719, 0, '2019-05-17 15:43:10', '2019-05-17 15:43:10');
INSERT INTO `record` VALUES (17480, 487, 719, 0, '2019-05-17 15:43:10', '2019-05-17 15:43:10');
INSERT INTO `record` VALUES (17481, 488, 719, 0, '2019-05-17 15:43:10', '2019-05-17 15:43:10');
INSERT INTO `record` VALUES (17482, 489, 719, 0, '2019-05-17 15:43:10', '2019-05-17 15:43:10');
INSERT INTO `record` VALUES (17483, 490, 719, 0, '2019-05-17 15:43:10', '2019-05-17 15:43:10');
INSERT INTO `record` VALUES (17484, 491, 719, 0, '2019-05-17 15:43:10', '2019-05-17 15:43:10');
INSERT INTO `record` VALUES (17485, 492, 719, 0, '2019-05-17 15:43:10', '2019-05-17 15:43:10');
INSERT INTO `record` VALUES (17486, 493, 719, 0, '2019-05-17 15:43:10', '2019-05-17 15:43:10');
INSERT INTO `record` VALUES (17488, 0, 720, 1, '2019-05-17 15:43:10', '2019-05-18 12:50:32');
INSERT INTO `record` VALUES (17490, 422, 720, 0, '2019-05-17 15:43:10', '2019-05-17 15:43:10');
INSERT INTO `record` VALUES (17491, 425, 720, 1, '2019-05-17 15:43:10', '2019-05-18 10:58:23');
INSERT INTO `record` VALUES (17492, 430, 720, 0, '2019-05-17 15:43:10', '2019-05-17 15:43:10');
INSERT INTO `record` VALUES (17493, 433, 720, 0, '2019-05-17 15:43:10', '2019-05-17 15:43:10');
INSERT INTO `record` VALUES (17494, 440, 720, 0, '2019-05-17 15:43:10', '2019-05-17 15:43:10');
INSERT INTO `record` VALUES (17495, 443, 720, 0, '2019-05-17 15:43:10', '2019-05-17 15:43:10');
INSERT INTO `record` VALUES (17496, 445, 720, 0, '2019-05-17 15:43:10', '2019-05-17 15:43:10');
INSERT INTO `record` VALUES (17497, 446, 720, 0, '2019-05-17 15:43:10', '2019-05-17 15:43:10');
INSERT INTO `record` VALUES (17498, 447, 720, 0, '2019-05-17 15:43:10', '2019-05-17 15:43:10');
INSERT INTO `record` VALUES (17499, 448, 720, 0, '2019-05-17 15:43:10', '2019-05-17 15:43:10');
INSERT INTO `record` VALUES (17500, 449, 720, 0, '2019-05-17 15:43:10', '2019-05-17 15:43:10');
INSERT INTO `record` VALUES (17501, 450, 720, 0, '2019-05-17 15:43:10', '2019-05-17 15:43:10');
INSERT INTO `record` VALUES (17502, 451, 720, 0, '2019-05-17 15:43:10', '2019-05-17 15:43:10');
INSERT INTO `record` VALUES (17503, 452, 720, 0, '2019-05-17 15:43:10', '2019-05-17 15:43:10');
INSERT INTO `record` VALUES (17504, 453, 720, 0, '2019-05-17 15:43:10', '2019-05-17 15:43:10');
INSERT INTO `record` VALUES (17505, 454, 720, 0, '2019-05-17 15:43:10', '2019-05-17 15:43:10');
INSERT INTO `record` VALUES (17506, 455, 720, 0, '2019-05-17 15:43:10', '2019-05-17 15:43:10');
INSERT INTO `record` VALUES (17507, 456, 720, 0, '2019-05-17 15:43:10', '2019-05-17 15:43:10');
INSERT INTO `record` VALUES (17508, 457, 720, 0, '2019-05-17 15:43:10', '2019-05-17 15:43:10');
INSERT INTO `record` VALUES (17509, 458, 720, 0, '2019-05-17 15:43:10', '2019-05-17 15:43:10');
INSERT INTO `record` VALUES (17510, 459, 720, 0, '2019-05-17 15:43:10', '2019-05-17 15:43:10');
INSERT INTO `record` VALUES (17511, 460, 720, 0, '2019-05-17 15:43:10', '2019-05-17 15:43:10');
INSERT INTO `record` VALUES (17512, 463, 720, 0, '2019-05-17 15:43:10', '2019-05-17 15:43:10');
INSERT INTO `record` VALUES (17513, 464, 720, 0, '2019-05-17 15:43:10', '2019-05-17 15:43:10');
INSERT INTO `record` VALUES (17514, 465, 720, 0, '2019-05-17 15:43:10', '2019-05-17 15:43:10');
INSERT INTO `record` VALUES (17515, 466, 720, 0, '2019-05-17 15:43:10', '2019-05-17 15:43:10');
INSERT INTO `record` VALUES (17516, 467, 720, 0, '2019-05-17 15:43:10', '2019-05-17 15:43:10');
INSERT INTO `record` VALUES (17517, 468, 720, 0, '2019-05-17 15:43:10', '2019-05-17 15:43:10');
INSERT INTO `record` VALUES (17518, 469, 720, 0, '2019-05-17 15:43:10', '2019-05-17 15:43:10');
INSERT INTO `record` VALUES (17519, 470, 720, 0, '2019-05-17 15:43:10', '2019-05-17 15:43:10');
INSERT INTO `record` VALUES (17520, 471, 720, 0, '2019-05-17 15:43:10', '2019-05-17 15:43:10');
INSERT INTO `record` VALUES (17521, 473, 720, 0, '2019-05-17 15:43:10', '2019-05-17 15:43:10');
INSERT INTO `record` VALUES (17522, 474, 720, 0, '2019-05-17 15:43:10', '2019-05-17 15:43:10');
INSERT INTO `record` VALUES (17523, 475, 720, 0, '2019-05-17 15:43:10', '2019-05-17 15:43:10');
INSERT INTO `record` VALUES (17524, 476, 720, 0, '2019-05-17 15:43:10', '2019-05-17 15:43:10');
INSERT INTO `record` VALUES (17525, 477, 720, 0, '2019-05-17 15:43:10', '2019-05-17 15:43:10');
INSERT INTO `record` VALUES (17526, 478, 720, 0, '2019-05-17 15:43:10', '2019-05-17 15:43:10');
INSERT INTO `record` VALUES (17527, 479, 720, 0, '2019-05-17 15:43:10', '2019-05-17 15:43:10');
INSERT INTO `record` VALUES (17528, 480, 720, 0, '2019-05-17 15:43:10', '2019-05-17 15:43:10');
INSERT INTO `record` VALUES (17529, 481, 720, 0, '2019-05-17 15:43:10', '2019-05-17 15:43:10');
INSERT INTO `record` VALUES (17530, 482, 720, 0, '2019-05-17 15:43:10', '2019-05-17 15:43:10');
INSERT INTO `record` VALUES (17531, 483, 720, 0, '2019-05-17 15:43:10', '2019-05-17 15:43:10');
INSERT INTO `record` VALUES (17532, 484, 720, 0, '2019-05-17 15:43:10', '2019-05-17 15:43:10');
INSERT INTO `record` VALUES (17533, 485, 720, 0, '2019-05-17 15:43:10', '2019-05-17 15:43:10');
INSERT INTO `record` VALUES (17534, 486, 720, 0, '2019-05-17 15:43:10', '2019-05-17 15:43:10');
INSERT INTO `record` VALUES (17535, 487, 720, 0, '2019-05-17 15:43:10', '2019-05-17 15:43:10');
INSERT INTO `record` VALUES (17536, 488, 720, 0, '2019-05-17 15:43:10', '2019-05-17 15:43:10');
INSERT INTO `record` VALUES (17537, 489, 720, 0, '2019-05-17 15:43:10', '2019-05-17 15:43:10');
INSERT INTO `record` VALUES (17538, 490, 720, 0, '2019-05-17 15:43:10', '2019-05-17 15:43:10');
INSERT INTO `record` VALUES (17539, 491, 720, 0, '2019-05-17 15:43:10', '2019-05-17 15:43:10');
INSERT INTO `record` VALUES (17540, 492, 720, 0, '2019-05-17 15:43:10', '2019-05-17 15:43:10');
INSERT INTO `record` VALUES (17541, 493, 720, 0, '2019-05-17 15:43:10', '2019-05-17 15:43:10');
INSERT INTO `record` VALUES (17543, 0, 721, 1, '2019-05-17 15:43:10', '2019-05-18 12:50:32');
INSERT INTO `record` VALUES (17545, 422, 721, 0, '2019-05-17 15:43:10', '2019-05-17 15:43:10');
INSERT INTO `record` VALUES (17546, 425, 721, 1, '2019-05-17 15:43:10', '2019-05-18 10:58:23');
INSERT INTO `record` VALUES (17547, 430, 721, 0, '2019-05-17 15:43:10', '2019-05-17 15:43:10');
INSERT INTO `record` VALUES (17548, 433, 721, 0, '2019-05-17 15:43:10', '2019-05-17 15:43:10');
INSERT INTO `record` VALUES (17549, 440, 721, 0, '2019-05-17 15:43:10', '2019-05-17 15:43:10');
INSERT INTO `record` VALUES (17550, 443, 721, 0, '2019-05-17 15:43:10', '2019-05-17 15:43:10');
INSERT INTO `record` VALUES (17551, 445, 721, 0, '2019-05-17 15:43:10', '2019-05-17 15:43:10');
INSERT INTO `record` VALUES (17552, 446, 721, 0, '2019-05-17 15:43:10', '2019-05-17 15:43:10');
INSERT INTO `record` VALUES (17553, 447, 721, 0, '2019-05-17 15:43:10', '2019-05-17 15:43:10');
INSERT INTO `record` VALUES (17554, 448, 721, 0, '2019-05-17 15:43:10', '2019-05-17 15:43:10');
INSERT INTO `record` VALUES (17555, 449, 721, 0, '2019-05-17 15:43:10', '2019-05-17 15:43:10');
INSERT INTO `record` VALUES (17556, 450, 721, 0, '2019-05-17 15:43:10', '2019-05-17 15:43:10');
INSERT INTO `record` VALUES (17557, 451, 721, 0, '2019-05-17 15:43:10', '2019-05-17 15:43:10');
INSERT INTO `record` VALUES (17558, 452, 721, 0, '2019-05-17 15:43:10', '2019-05-17 15:43:10');
INSERT INTO `record` VALUES (17559, 453, 721, 0, '2019-05-17 15:43:10', '2019-05-17 15:43:10');
INSERT INTO `record` VALUES (17560, 454, 721, 0, '2019-05-17 15:43:10', '2019-05-17 15:43:10');
INSERT INTO `record` VALUES (17561, 455, 721, 0, '2019-05-17 15:43:10', '2019-05-17 15:43:10');
INSERT INTO `record` VALUES (17562, 456, 721, 0, '2019-05-17 15:43:10', '2019-05-17 15:43:10');
INSERT INTO `record` VALUES (17563, 457, 721, 0, '2019-05-17 15:43:10', '2019-05-17 15:43:10');
INSERT INTO `record` VALUES (17564, 458, 721, 0, '2019-05-17 15:43:10', '2019-05-17 15:43:10');
INSERT INTO `record` VALUES (17565, 459, 721, 0, '2019-05-17 15:43:10', '2019-05-17 15:43:10');
INSERT INTO `record` VALUES (17566, 460, 721, 0, '2019-05-17 15:43:10', '2019-05-17 15:43:10');
INSERT INTO `record` VALUES (17567, 463, 721, 0, '2019-05-17 15:43:10', '2019-05-17 15:43:10');
INSERT INTO `record` VALUES (17568, 464, 721, 0, '2019-05-17 15:43:10', '2019-05-17 15:43:10');
INSERT INTO `record` VALUES (17569, 465, 721, 0, '2019-05-17 15:43:10', '2019-05-17 15:43:10');
INSERT INTO `record` VALUES (17570, 466, 721, 0, '2019-05-17 15:43:10', '2019-05-17 15:43:10');
INSERT INTO `record` VALUES (17571, 467, 721, 0, '2019-05-17 15:43:10', '2019-05-17 15:43:10');
INSERT INTO `record` VALUES (17572, 468, 721, 0, '2019-05-17 15:43:10', '2019-05-17 15:43:10');
INSERT INTO `record` VALUES (17573, 469, 721, 0, '2019-05-17 15:43:10', '2019-05-17 15:43:10');
INSERT INTO `record` VALUES (17574, 470, 721, 0, '2019-05-17 15:43:10', '2019-05-17 15:43:10');
INSERT INTO `record` VALUES (17575, 471, 721, 0, '2019-05-17 15:43:10', '2019-05-17 15:43:10');
INSERT INTO `record` VALUES (17576, 473, 721, 0, '2019-05-17 15:43:11', '2019-05-17 15:43:11');
INSERT INTO `record` VALUES (17577, 474, 721, 0, '2019-05-17 15:43:11', '2019-05-17 15:43:11');
INSERT INTO `record` VALUES (17578, 475, 721, 0, '2019-05-17 15:43:11', '2019-05-17 15:43:11');
INSERT INTO `record` VALUES (17579, 476, 721, 0, '2019-05-17 15:43:11', '2019-05-17 15:43:11');
INSERT INTO `record` VALUES (17580, 477, 721, 0, '2019-05-17 15:43:11', '2019-05-17 15:43:11');
INSERT INTO `record` VALUES (17581, 478, 721, 0, '2019-05-17 15:43:11', '2019-05-17 15:43:11');
INSERT INTO `record` VALUES (17582, 479, 721, 0, '2019-05-17 15:43:11', '2019-05-17 15:43:11');
INSERT INTO `record` VALUES (17583, 480, 721, 0, '2019-05-17 15:43:11', '2019-05-17 15:43:11');
INSERT INTO `record` VALUES (17584, 481, 721, 0, '2019-05-17 15:43:11', '2019-05-17 15:43:11');
INSERT INTO `record` VALUES (17585, 482, 721, 0, '2019-05-17 15:43:11', '2019-05-17 15:43:11');
INSERT INTO `record` VALUES (17586, 483, 721, 0, '2019-05-17 15:43:11', '2019-05-17 15:43:11');
INSERT INTO `record` VALUES (17587, 484, 721, 0, '2019-05-17 15:43:11', '2019-05-17 15:43:11');
INSERT INTO `record` VALUES (17588, 485, 721, 0, '2019-05-17 15:43:11', '2019-05-17 15:43:11');
INSERT INTO `record` VALUES (17589, 486, 721, 0, '2019-05-17 15:43:11', '2019-05-17 15:43:11');
INSERT INTO `record` VALUES (17590, 487, 721, 0, '2019-05-17 15:43:11', '2019-05-17 15:43:11');
INSERT INTO `record` VALUES (17591, 488, 721, 0, '2019-05-17 15:43:11', '2019-05-17 15:43:11');
INSERT INTO `record` VALUES (17592, 489, 721, 0, '2019-05-17 15:43:11', '2019-05-17 15:43:11');
INSERT INTO `record` VALUES (17593, 490, 721, 0, '2019-05-17 15:43:11', '2019-05-17 15:43:11');
INSERT INTO `record` VALUES (17594, 491, 721, 0, '2019-05-17 15:43:11', '2019-05-17 15:43:11');
INSERT INTO `record` VALUES (17595, 492, 721, 0, '2019-05-17 15:43:11', '2019-05-17 15:43:11');
INSERT INTO `record` VALUES (17596, 493, 721, 0, '2019-05-17 15:43:11', '2019-05-17 15:43:11');
INSERT INTO `record` VALUES (17598, 0, 722, 1, '2019-05-17 15:43:25', '2019-05-18 12:50:32');
INSERT INTO `record` VALUES (17600, 422, 722, 0, '2019-05-17 15:43:25', '2019-05-17 15:43:25');
INSERT INTO `record` VALUES (17601, 425, 722, 1, '2019-05-17 15:43:25', '2019-05-18 10:58:23');
INSERT INTO `record` VALUES (17602, 430, 722, 0, '2019-05-17 15:43:25', '2019-05-17 15:43:25');
INSERT INTO `record` VALUES (17603, 433, 722, 0, '2019-05-17 15:43:25', '2019-05-17 15:43:25');
INSERT INTO `record` VALUES (17604, 440, 722, 0, '2019-05-17 15:43:25', '2019-05-17 15:43:25');
INSERT INTO `record` VALUES (17605, 443, 722, 0, '2019-05-17 15:43:25', '2019-05-17 15:43:25');
INSERT INTO `record` VALUES (17606, 445, 722, 0, '2019-05-17 15:43:25', '2019-05-17 15:43:25');
INSERT INTO `record` VALUES (17607, 446, 722, 0, '2019-05-17 15:43:25', '2019-05-17 15:43:25');
INSERT INTO `record` VALUES (17608, 447, 722, 0, '2019-05-17 15:43:25', '2019-05-17 15:43:25');
INSERT INTO `record` VALUES (17609, 448, 722, 0, '2019-05-17 15:43:25', '2019-05-17 15:43:25');
INSERT INTO `record` VALUES (17610, 449, 722, 0, '2019-05-17 15:43:25', '2019-05-17 15:43:25');
INSERT INTO `record` VALUES (17611, 450, 722, 0, '2019-05-17 15:43:25', '2019-05-17 15:43:25');
INSERT INTO `record` VALUES (17612, 451, 722, 0, '2019-05-17 15:43:25', '2019-05-17 15:43:25');
INSERT INTO `record` VALUES (17613, 452, 722, 0, '2019-05-17 15:43:25', '2019-05-17 15:43:25');
INSERT INTO `record` VALUES (17614, 453, 722, 0, '2019-05-17 15:43:25', '2019-05-17 15:43:25');
INSERT INTO `record` VALUES (17615, 454, 722, 0, '2019-05-17 15:43:25', '2019-05-17 15:43:25');
INSERT INTO `record` VALUES (17616, 455, 722, 0, '2019-05-17 15:43:25', '2019-05-17 15:43:25');
INSERT INTO `record` VALUES (17617, 456, 722, 0, '2019-05-17 15:43:25', '2019-05-17 15:43:25');
INSERT INTO `record` VALUES (17618, 457, 722, 0, '2019-05-17 15:43:25', '2019-05-17 15:43:25');
INSERT INTO `record` VALUES (17619, 458, 722, 0, '2019-05-17 15:43:25', '2019-05-17 15:43:25');
INSERT INTO `record` VALUES (17620, 459, 722, 0, '2019-05-17 15:43:25', '2019-05-17 15:43:25');
INSERT INTO `record` VALUES (17621, 460, 722, 0, '2019-05-17 15:43:25', '2019-05-17 15:43:25');
INSERT INTO `record` VALUES (17622, 463, 722, 0, '2019-05-17 15:43:25', '2019-05-17 15:43:25');
INSERT INTO `record` VALUES (17623, 464, 722, 0, '2019-05-17 15:43:25', '2019-05-17 15:43:25');
INSERT INTO `record` VALUES (17624, 465, 722, 0, '2019-05-17 15:43:25', '2019-05-17 15:43:25');
INSERT INTO `record` VALUES (17625, 466, 722, 0, '2019-05-17 15:43:25', '2019-05-17 15:43:25');
INSERT INTO `record` VALUES (17626, 467, 722, 0, '2019-05-17 15:43:25', '2019-05-17 15:43:25');
INSERT INTO `record` VALUES (17627, 468, 722, 0, '2019-05-17 15:43:25', '2019-05-17 15:43:25');
INSERT INTO `record` VALUES (17628, 469, 722, 0, '2019-05-17 15:43:25', '2019-05-17 15:43:25');
INSERT INTO `record` VALUES (17629, 470, 722, 0, '2019-05-17 15:43:25', '2019-05-17 15:43:25');
INSERT INTO `record` VALUES (17630, 471, 722, 0, '2019-05-17 15:43:25', '2019-05-17 15:43:25');
INSERT INTO `record` VALUES (17631, 473, 722, 0, '2019-05-17 15:43:25', '2019-05-17 15:43:25');
INSERT INTO `record` VALUES (17632, 474, 722, 0, '2019-05-17 15:43:25', '2019-05-17 15:43:25');
INSERT INTO `record` VALUES (17633, 475, 722, 0, '2019-05-17 15:43:25', '2019-05-17 15:43:25');
INSERT INTO `record` VALUES (17634, 476, 722, 0, '2019-05-17 15:43:25', '2019-05-17 15:43:25');
INSERT INTO `record` VALUES (17635, 477, 722, 0, '2019-05-17 15:43:25', '2019-05-17 15:43:25');
INSERT INTO `record` VALUES (17636, 478, 722, 0, '2019-05-17 15:43:25', '2019-05-17 15:43:25');
INSERT INTO `record` VALUES (17637, 479, 722, 0, '2019-05-17 15:43:25', '2019-05-17 15:43:25');
INSERT INTO `record` VALUES (17638, 480, 722, 0, '2019-05-17 15:43:25', '2019-05-17 15:43:25');
INSERT INTO `record` VALUES (17639, 481, 722, 0, '2019-05-17 15:43:25', '2019-05-17 15:43:25');
INSERT INTO `record` VALUES (17640, 482, 722, 0, '2019-05-17 15:43:25', '2019-05-17 15:43:25');
INSERT INTO `record` VALUES (17641, 483, 722, 0, '2019-05-17 15:43:25', '2019-05-17 15:43:25');
INSERT INTO `record` VALUES (17642, 484, 722, 0, '2019-05-17 15:43:25', '2019-05-17 15:43:25');
INSERT INTO `record` VALUES (17643, 485, 722, 0, '2019-05-17 15:43:25', '2019-05-17 15:43:25');
INSERT INTO `record` VALUES (17644, 486, 722, 0, '2019-05-17 15:43:25', '2019-05-17 15:43:25');
INSERT INTO `record` VALUES (17645, 487, 722, 0, '2019-05-17 15:43:25', '2019-05-17 15:43:25');
INSERT INTO `record` VALUES (17646, 488, 722, 0, '2019-05-17 15:43:25', '2019-05-17 15:43:25');
INSERT INTO `record` VALUES (17647, 489, 722, 0, '2019-05-17 15:43:25', '2019-05-17 15:43:25');
INSERT INTO `record` VALUES (17648, 490, 722, 0, '2019-05-17 15:43:25', '2019-05-17 15:43:25');
INSERT INTO `record` VALUES (17649, 491, 722, 0, '2019-05-17 15:43:25', '2019-05-17 15:43:25');
INSERT INTO `record` VALUES (17650, 492, 722, 0, '2019-05-17 15:43:25', '2019-05-17 15:43:25');
INSERT INTO `record` VALUES (17651, 493, 722, 0, '2019-05-17 15:43:25', '2019-05-17 15:43:25');
INSERT INTO `record` VALUES (17653, 0, 723, 1, '2019-05-17 15:43:25', '2019-05-18 12:50:32');
INSERT INTO `record` VALUES (17655, 422, 723, 0, '2019-05-17 15:43:25', '2019-05-17 15:43:25');
INSERT INTO `record` VALUES (17656, 425, 723, 1, '2019-05-17 15:43:25', '2019-05-18 10:58:23');
INSERT INTO `record` VALUES (17657, 430, 723, 0, '2019-05-17 15:43:25', '2019-05-17 15:43:25');
INSERT INTO `record` VALUES (17658, 433, 723, 0, '2019-05-17 15:43:25', '2019-05-17 15:43:25');
INSERT INTO `record` VALUES (17659, 440, 723, 0, '2019-05-17 15:43:25', '2019-05-17 15:43:25');
INSERT INTO `record` VALUES (17660, 443, 723, 0, '2019-05-17 15:43:25', '2019-05-17 15:43:25');
INSERT INTO `record` VALUES (17661, 445, 723, 0, '2019-05-17 15:43:25', '2019-05-17 15:43:25');
INSERT INTO `record` VALUES (17662, 446, 723, 0, '2019-05-17 15:43:25', '2019-05-17 15:43:25');
INSERT INTO `record` VALUES (17663, 447, 723, 0, '2019-05-17 15:43:25', '2019-05-17 15:43:25');
INSERT INTO `record` VALUES (17664, 448, 723, 0, '2019-05-17 15:43:25', '2019-05-17 15:43:25');
INSERT INTO `record` VALUES (17665, 449, 723, 0, '2019-05-17 15:43:25', '2019-05-17 15:43:25');
INSERT INTO `record` VALUES (17666, 450, 723, 0, '2019-05-17 15:43:25', '2019-05-17 15:43:25');
INSERT INTO `record` VALUES (17667, 451, 723, 0, '2019-05-17 15:43:25', '2019-05-17 15:43:25');
INSERT INTO `record` VALUES (17668, 452, 723, 0, '2019-05-17 15:43:25', '2019-05-17 15:43:25');
INSERT INTO `record` VALUES (17669, 453, 723, 0, '2019-05-17 15:43:25', '2019-05-17 15:43:25');
INSERT INTO `record` VALUES (17670, 454, 723, 0, '2019-05-17 15:43:25', '2019-05-17 15:43:25');
INSERT INTO `record` VALUES (17671, 455, 723, 0, '2019-05-17 15:43:25', '2019-05-17 15:43:25');
INSERT INTO `record` VALUES (17672, 456, 723, 0, '2019-05-17 15:43:25', '2019-05-17 15:43:25');
INSERT INTO `record` VALUES (17673, 457, 723, 0, '2019-05-17 15:43:25', '2019-05-17 15:43:25');
INSERT INTO `record` VALUES (17674, 458, 723, 0, '2019-05-17 15:43:25', '2019-05-17 15:43:25');
INSERT INTO `record` VALUES (17675, 459, 723, 0, '2019-05-17 15:43:25', '2019-05-17 15:43:25');
INSERT INTO `record` VALUES (17676, 460, 723, 0, '2019-05-17 15:43:25', '2019-05-17 15:43:25');
INSERT INTO `record` VALUES (17677, 463, 723, 0, '2019-05-17 15:43:25', '2019-05-17 15:43:25');
INSERT INTO `record` VALUES (17678, 464, 723, 0, '2019-05-17 15:43:25', '2019-05-17 15:43:25');
INSERT INTO `record` VALUES (17679, 465, 723, 0, '2019-05-17 15:43:25', '2019-05-17 15:43:25');
INSERT INTO `record` VALUES (17680, 466, 723, 0, '2019-05-17 15:43:25', '2019-05-17 15:43:25');
INSERT INTO `record` VALUES (17681, 467, 723, 0, '2019-05-17 15:43:25', '2019-05-17 15:43:25');
INSERT INTO `record` VALUES (17682, 468, 723, 0, '2019-05-17 15:43:25', '2019-05-17 15:43:25');
INSERT INTO `record` VALUES (17683, 469, 723, 0, '2019-05-17 15:43:25', '2019-05-17 15:43:25');
INSERT INTO `record` VALUES (17684, 470, 723, 0, '2019-05-17 15:43:25', '2019-05-17 15:43:25');
INSERT INTO `record` VALUES (17685, 471, 723, 0, '2019-05-17 15:43:25', '2019-05-17 15:43:25');
INSERT INTO `record` VALUES (17686, 473, 723, 0, '2019-05-17 15:43:25', '2019-05-17 15:43:25');
INSERT INTO `record` VALUES (17687, 474, 723, 0, '2019-05-17 15:43:25', '2019-05-17 15:43:25');
INSERT INTO `record` VALUES (17688, 475, 723, 0, '2019-05-17 15:43:25', '2019-05-17 15:43:25');
INSERT INTO `record` VALUES (17689, 476, 723, 0, '2019-05-17 15:43:25', '2019-05-17 15:43:25');
INSERT INTO `record` VALUES (17690, 477, 723, 0, '2019-05-17 15:43:25', '2019-05-17 15:43:25');
INSERT INTO `record` VALUES (17691, 478, 723, 0, '2019-05-17 15:43:25', '2019-05-17 15:43:25');
INSERT INTO `record` VALUES (17692, 479, 723, 0, '2019-05-17 15:43:25', '2019-05-17 15:43:25');
INSERT INTO `record` VALUES (17693, 480, 723, 0, '2019-05-17 15:43:25', '2019-05-17 15:43:25');
INSERT INTO `record` VALUES (17694, 481, 723, 0, '2019-05-17 15:43:25', '2019-05-17 15:43:25');
INSERT INTO `record` VALUES (17695, 482, 723, 0, '2019-05-17 15:43:25', '2019-05-17 15:43:25');
INSERT INTO `record` VALUES (17696, 483, 723, 0, '2019-05-17 15:43:25', '2019-05-17 15:43:25');
INSERT INTO `record` VALUES (17697, 484, 723, 0, '2019-05-17 15:43:25', '2019-05-17 15:43:25');
INSERT INTO `record` VALUES (17698, 485, 723, 0, '2019-05-17 15:43:25', '2019-05-17 15:43:25');
INSERT INTO `record` VALUES (17699, 486, 723, 0, '2019-05-17 15:43:25', '2019-05-17 15:43:25');
INSERT INTO `record` VALUES (17700, 487, 723, 0, '2019-05-17 15:43:25', '2019-05-17 15:43:25');
INSERT INTO `record` VALUES (17701, 488, 723, 0, '2019-05-17 15:43:25', '2019-05-17 15:43:25');
INSERT INTO `record` VALUES (17702, 489, 723, 0, '2019-05-17 15:43:25', '2019-05-17 15:43:25');
INSERT INTO `record` VALUES (17703, 490, 723, 0, '2019-05-17 15:43:25', '2019-05-17 15:43:25');
INSERT INTO `record` VALUES (17704, 491, 723, 0, '2019-05-17 15:43:25', '2019-05-17 15:43:25');
INSERT INTO `record` VALUES (17705, 492, 723, 0, '2019-05-17 15:43:25', '2019-05-17 15:43:25');
INSERT INTO `record` VALUES (17706, 493, 723, 0, '2019-05-17 15:43:25', '2019-05-17 15:43:25');
INSERT INTO `record` VALUES (17708, 0, 724, 1, '2019-05-17 15:43:56', '2019-05-18 12:50:32');
INSERT INTO `record` VALUES (17710, 422, 724, 0, '2019-05-17 15:43:56', '2019-05-17 15:43:56');
INSERT INTO `record` VALUES (17711, 425, 724, 1, '2019-05-17 15:43:56', '2019-05-18 10:58:23');
INSERT INTO `record` VALUES (17712, 430, 724, 0, '2019-05-17 15:43:56', '2019-05-17 15:43:56');
INSERT INTO `record` VALUES (17713, 433, 724, 0, '2019-05-17 15:43:56', '2019-05-17 15:43:56');
INSERT INTO `record` VALUES (17714, 440, 724, 0, '2019-05-17 15:43:56', '2019-05-17 15:43:56');
INSERT INTO `record` VALUES (17715, 443, 724, 0, '2019-05-17 15:43:56', '2019-05-17 15:43:56');
INSERT INTO `record` VALUES (17716, 445, 724, 0, '2019-05-17 15:43:56', '2019-05-17 15:43:56');
INSERT INTO `record` VALUES (17717, 446, 724, 0, '2019-05-17 15:43:56', '2019-05-17 15:43:56');
INSERT INTO `record` VALUES (17718, 447, 724, 0, '2019-05-17 15:43:56', '2019-05-17 15:43:56');
INSERT INTO `record` VALUES (17719, 448, 724, 0, '2019-05-17 15:43:56', '2019-05-17 15:43:56');
INSERT INTO `record` VALUES (17720, 449, 724, 0, '2019-05-17 15:43:56', '2019-05-17 15:43:56');
INSERT INTO `record` VALUES (17721, 450, 724, 0, '2019-05-17 15:43:56', '2019-05-17 15:43:56');
INSERT INTO `record` VALUES (17722, 451, 724, 0, '2019-05-17 15:43:56', '2019-05-17 15:43:56');
INSERT INTO `record` VALUES (17723, 452, 724, 0, '2019-05-17 15:43:56', '2019-05-17 15:43:56');
INSERT INTO `record` VALUES (17724, 453, 724, 0, '2019-05-17 15:43:56', '2019-05-17 15:43:56');
INSERT INTO `record` VALUES (17725, 454, 724, 0, '2019-05-17 15:43:56', '2019-05-17 15:43:56');
INSERT INTO `record` VALUES (17726, 455, 724, 0, '2019-05-17 15:43:56', '2019-05-17 15:43:56');
INSERT INTO `record` VALUES (17727, 456, 724, 0, '2019-05-17 15:43:56', '2019-05-17 15:43:56');
INSERT INTO `record` VALUES (17728, 457, 724, 0, '2019-05-17 15:43:56', '2019-05-17 15:43:56');
INSERT INTO `record` VALUES (17729, 458, 724, 0, '2019-05-17 15:43:56', '2019-05-17 15:43:56');
INSERT INTO `record` VALUES (17730, 459, 724, 0, '2019-05-17 15:43:56', '2019-05-17 15:43:56');
INSERT INTO `record` VALUES (17731, 460, 724, 0, '2019-05-17 15:43:56', '2019-05-17 15:43:56');
INSERT INTO `record` VALUES (17732, 463, 724, 0, '2019-05-17 15:43:56', '2019-05-17 15:43:56');
INSERT INTO `record` VALUES (17733, 464, 724, 0, '2019-05-17 15:43:56', '2019-05-17 15:43:56');
INSERT INTO `record` VALUES (17734, 465, 724, 0, '2019-05-17 15:43:56', '2019-05-17 15:43:56');
INSERT INTO `record` VALUES (17735, 466, 724, 0, '2019-05-17 15:43:56', '2019-05-17 15:43:56');
INSERT INTO `record` VALUES (17736, 467, 724, 0, '2019-05-17 15:43:56', '2019-05-17 15:43:56');
INSERT INTO `record` VALUES (17737, 468, 724, 0, '2019-05-17 15:43:56', '2019-05-17 15:43:56');
INSERT INTO `record` VALUES (17738, 469, 724, 0, '2019-05-17 15:43:56', '2019-05-17 15:43:56');
INSERT INTO `record` VALUES (17739, 470, 724, 0, '2019-05-17 15:43:56', '2019-05-17 15:43:56');
INSERT INTO `record` VALUES (17740, 471, 724, 0, '2019-05-17 15:43:56', '2019-05-17 15:43:56');
INSERT INTO `record` VALUES (17741, 473, 724, 0, '2019-05-17 15:43:56', '2019-05-17 15:43:56');
INSERT INTO `record` VALUES (17742, 474, 724, 0, '2019-05-17 15:43:56', '2019-05-17 15:43:56');
INSERT INTO `record` VALUES (17743, 475, 724, 0, '2019-05-17 15:43:56', '2019-05-17 15:43:56');
INSERT INTO `record` VALUES (17744, 476, 724, 0, '2019-05-17 15:43:56', '2019-05-17 15:43:56');
INSERT INTO `record` VALUES (17745, 477, 724, 0, '2019-05-17 15:43:56', '2019-05-17 15:43:56');
INSERT INTO `record` VALUES (17746, 478, 724, 0, '2019-05-17 15:43:56', '2019-05-17 15:43:56');
INSERT INTO `record` VALUES (17747, 479, 724, 0, '2019-05-17 15:43:56', '2019-05-17 15:43:56');
INSERT INTO `record` VALUES (17748, 480, 724, 0, '2019-05-17 15:43:56', '2019-05-17 15:43:56');
INSERT INTO `record` VALUES (17749, 481, 724, 0, '2019-05-17 15:43:56', '2019-05-17 15:43:56');
INSERT INTO `record` VALUES (17750, 482, 724, 0, '2019-05-17 15:43:56', '2019-05-17 15:43:56');
INSERT INTO `record` VALUES (17751, 483, 724, 0, '2019-05-17 15:43:56', '2019-05-17 15:43:56');
INSERT INTO `record` VALUES (17752, 484, 724, 0, '2019-05-17 15:43:56', '2019-05-17 15:43:56');
INSERT INTO `record` VALUES (17753, 485, 724, 0, '2019-05-17 15:43:56', '2019-05-17 15:43:56');
INSERT INTO `record` VALUES (17754, 486, 724, 0, '2019-05-17 15:43:56', '2019-05-17 15:43:56');
INSERT INTO `record` VALUES (17755, 487, 724, 0, '2019-05-17 15:43:56', '2019-05-17 15:43:56');
INSERT INTO `record` VALUES (17756, 488, 724, 0, '2019-05-17 15:43:56', '2019-05-17 15:43:56');
INSERT INTO `record` VALUES (17757, 489, 724, 0, '2019-05-17 15:43:56', '2019-05-17 15:43:56');
INSERT INTO `record` VALUES (17758, 490, 724, 0, '2019-05-17 15:43:56', '2019-05-17 15:43:56');
INSERT INTO `record` VALUES (17759, 491, 724, 0, '2019-05-17 15:43:56', '2019-05-17 15:43:56');
INSERT INTO `record` VALUES (17760, 492, 724, 0, '2019-05-17 15:43:56', '2019-05-17 15:43:56');
INSERT INTO `record` VALUES (17761, 493, 724, 0, '2019-05-17 15:43:56', '2019-05-17 15:43:56');
INSERT INTO `record` VALUES (17763, 0, 725, 1, '2019-05-17 15:43:57', '2019-05-18 12:50:32');
INSERT INTO `record` VALUES (17765, 422, 725, 0, '2019-05-17 15:43:57', '2019-05-17 15:43:57');
INSERT INTO `record` VALUES (17766, 425, 725, 1, '2019-05-17 15:43:57', '2019-05-18 10:58:23');
INSERT INTO `record` VALUES (17767, 430, 725, 0, '2019-05-17 15:43:57', '2019-05-17 15:43:57');
INSERT INTO `record` VALUES (17768, 433, 725, 0, '2019-05-17 15:43:57', '2019-05-17 15:43:57');
INSERT INTO `record` VALUES (17769, 440, 725, 0, '2019-05-17 15:43:57', '2019-05-17 15:43:57');
INSERT INTO `record` VALUES (17770, 443, 725, 0, '2019-05-17 15:43:57', '2019-05-17 15:43:57');
INSERT INTO `record` VALUES (17771, 445, 725, 0, '2019-05-17 15:43:57', '2019-05-17 15:43:57');
INSERT INTO `record` VALUES (17772, 446, 725, 0, '2019-05-17 15:43:57', '2019-05-17 15:43:57');
INSERT INTO `record` VALUES (17773, 447, 725, 0, '2019-05-17 15:43:57', '2019-05-17 15:43:57');
INSERT INTO `record` VALUES (17774, 448, 725, 0, '2019-05-17 15:43:57', '2019-05-17 15:43:57');
INSERT INTO `record` VALUES (17775, 449, 725, 0, '2019-05-17 15:43:57', '2019-05-17 15:43:57');
INSERT INTO `record` VALUES (17776, 450, 725, 0, '2019-05-17 15:43:57', '2019-05-17 15:43:57');
INSERT INTO `record` VALUES (17777, 451, 725, 0, '2019-05-17 15:43:57', '2019-05-17 15:43:57');
INSERT INTO `record` VALUES (17778, 452, 725, 0, '2019-05-17 15:43:57', '2019-05-17 15:43:57');
INSERT INTO `record` VALUES (17779, 453, 725, 0, '2019-05-17 15:43:57', '2019-05-17 15:43:57');
INSERT INTO `record` VALUES (17780, 454, 725, 0, '2019-05-17 15:43:57', '2019-05-17 15:43:57');
INSERT INTO `record` VALUES (17781, 455, 725, 0, '2019-05-17 15:43:57', '2019-05-17 15:43:57');
INSERT INTO `record` VALUES (17782, 456, 725, 0, '2019-05-17 15:43:57', '2019-05-17 15:43:57');
INSERT INTO `record` VALUES (17783, 457, 725, 0, '2019-05-17 15:43:57', '2019-05-17 15:43:57');
INSERT INTO `record` VALUES (17784, 458, 725, 0, '2019-05-17 15:43:57', '2019-05-17 15:43:57');
INSERT INTO `record` VALUES (17785, 459, 725, 0, '2019-05-17 15:43:57', '2019-05-17 15:43:57');
INSERT INTO `record` VALUES (17786, 460, 725, 0, '2019-05-17 15:43:57', '2019-05-17 15:43:57');
INSERT INTO `record` VALUES (17787, 463, 725, 0, '2019-05-17 15:43:57', '2019-05-17 15:43:57');
INSERT INTO `record` VALUES (17788, 464, 725, 0, '2019-05-17 15:43:57', '2019-05-17 15:43:57');
INSERT INTO `record` VALUES (17789, 465, 725, 0, '2019-05-17 15:43:57', '2019-05-17 15:43:57');
INSERT INTO `record` VALUES (17790, 466, 725, 0, '2019-05-17 15:43:57', '2019-05-17 15:43:57');
INSERT INTO `record` VALUES (17791, 467, 725, 0, '2019-05-17 15:43:57', '2019-05-17 15:43:57');
INSERT INTO `record` VALUES (17792, 468, 725, 0, '2019-05-17 15:43:57', '2019-05-17 15:43:57');
INSERT INTO `record` VALUES (17793, 469, 725, 0, '2019-05-17 15:43:57', '2019-05-17 15:43:57');
INSERT INTO `record` VALUES (17794, 470, 725, 0, '2019-05-17 15:43:57', '2019-05-17 15:43:57');
INSERT INTO `record` VALUES (17795, 471, 725, 0, '2019-05-17 15:43:57', '2019-05-17 15:43:57');
INSERT INTO `record` VALUES (17796, 473, 725, 0, '2019-05-17 15:43:57', '2019-05-17 15:43:57');
INSERT INTO `record` VALUES (17797, 474, 725, 0, '2019-05-17 15:43:57', '2019-05-17 15:43:57');
INSERT INTO `record` VALUES (17798, 475, 725, 0, '2019-05-17 15:43:57', '2019-05-17 15:43:57');
INSERT INTO `record` VALUES (17799, 476, 725, 0, '2019-05-17 15:43:57', '2019-05-17 15:43:57');
INSERT INTO `record` VALUES (17800, 477, 725, 0, '2019-05-17 15:43:57', '2019-05-17 15:43:57');
INSERT INTO `record` VALUES (17801, 478, 725, 0, '2019-05-17 15:43:57', '2019-05-17 15:43:57');
INSERT INTO `record` VALUES (17802, 479, 725, 0, '2019-05-17 15:43:57', '2019-05-17 15:43:57');
INSERT INTO `record` VALUES (17803, 480, 725, 0, '2019-05-17 15:43:57', '2019-05-17 15:43:57');
INSERT INTO `record` VALUES (17804, 481, 725, 0, '2019-05-17 15:43:57', '2019-05-17 15:43:57');
INSERT INTO `record` VALUES (17805, 482, 725, 0, '2019-05-17 15:43:57', '2019-05-17 15:43:57');
INSERT INTO `record` VALUES (17806, 483, 725, 0, '2019-05-17 15:43:57', '2019-05-17 15:43:57');
INSERT INTO `record` VALUES (17807, 484, 725, 0, '2019-05-17 15:43:57', '2019-05-17 15:43:57');
INSERT INTO `record` VALUES (17808, 485, 725, 0, '2019-05-17 15:43:57', '2019-05-17 15:43:57');
INSERT INTO `record` VALUES (17809, 486, 725, 0, '2019-05-17 15:43:57', '2019-05-17 15:43:57');
INSERT INTO `record` VALUES (17810, 487, 725, 0, '2019-05-17 15:43:57', '2019-05-17 15:43:57');
INSERT INTO `record` VALUES (17811, 488, 725, 0, '2019-05-17 15:43:57', '2019-05-17 15:43:57');
INSERT INTO `record` VALUES (17812, 489, 725, 0, '2019-05-17 15:43:57', '2019-05-17 15:43:57');
INSERT INTO `record` VALUES (17813, 490, 725, 0, '2019-05-17 15:43:57', '2019-05-17 15:43:57');
INSERT INTO `record` VALUES (17814, 491, 725, 0, '2019-05-17 15:43:57', '2019-05-17 15:43:57');
INSERT INTO `record` VALUES (17815, 492, 725, 0, '2019-05-17 15:43:57', '2019-05-17 15:43:57');
INSERT INTO `record` VALUES (17816, 493, 725, 0, '2019-05-17 15:43:57', '2019-05-17 15:43:57');
INSERT INTO `record` VALUES (17818, 0, 726, 1, '2019-05-17 15:43:58', '2019-05-18 12:50:32');
INSERT INTO `record` VALUES (17820, 422, 726, 0, '2019-05-17 15:43:58', '2019-05-17 15:43:58');
INSERT INTO `record` VALUES (17821, 425, 726, 1, '2019-05-17 15:43:58', '2019-05-18 10:58:23');
INSERT INTO `record` VALUES (17822, 430, 726, 0, '2019-05-17 15:43:58', '2019-05-17 15:43:58');
INSERT INTO `record` VALUES (17823, 433, 726, 0, '2019-05-17 15:43:58', '2019-05-17 15:43:58');
INSERT INTO `record` VALUES (17824, 440, 726, 0, '2019-05-17 15:43:58', '2019-05-17 15:43:58');
INSERT INTO `record` VALUES (17825, 443, 726, 0, '2019-05-17 15:43:58', '2019-05-17 15:43:58');
INSERT INTO `record` VALUES (17826, 445, 726, 0, '2019-05-17 15:43:58', '2019-05-17 15:43:58');
INSERT INTO `record` VALUES (17827, 446, 726, 0, '2019-05-17 15:43:58', '2019-05-17 15:43:58');
INSERT INTO `record` VALUES (17828, 447, 726, 0, '2019-05-17 15:43:58', '2019-05-17 15:43:58');
INSERT INTO `record` VALUES (17829, 448, 726, 0, '2019-05-17 15:43:58', '2019-05-17 15:43:58');
INSERT INTO `record` VALUES (17830, 449, 726, 0, '2019-05-17 15:43:58', '2019-05-17 15:43:58');
INSERT INTO `record` VALUES (17831, 450, 726, 0, '2019-05-17 15:43:58', '2019-05-17 15:43:58');
INSERT INTO `record` VALUES (17832, 451, 726, 0, '2019-05-17 15:43:58', '2019-05-17 15:43:58');
INSERT INTO `record` VALUES (17833, 452, 726, 0, '2019-05-17 15:43:58', '2019-05-17 15:43:58');
INSERT INTO `record` VALUES (17834, 453, 726, 0, '2019-05-17 15:43:58', '2019-05-17 15:43:58');
INSERT INTO `record` VALUES (17835, 454, 726, 0, '2019-05-17 15:43:58', '2019-05-17 15:43:58');
INSERT INTO `record` VALUES (17836, 455, 726, 0, '2019-05-17 15:43:58', '2019-05-17 15:43:58');
INSERT INTO `record` VALUES (17837, 456, 726, 0, '2019-05-17 15:43:58', '2019-05-17 15:43:58');
INSERT INTO `record` VALUES (17838, 457, 726, 0, '2019-05-17 15:43:58', '2019-05-17 15:43:58');
INSERT INTO `record` VALUES (17839, 458, 726, 0, '2019-05-17 15:43:58', '2019-05-17 15:43:58');
INSERT INTO `record` VALUES (17840, 459, 726, 0, '2019-05-17 15:43:58', '2019-05-17 15:43:58');
INSERT INTO `record` VALUES (17841, 460, 726, 0, '2019-05-17 15:43:58', '2019-05-17 15:43:58');
INSERT INTO `record` VALUES (17842, 463, 726, 0, '2019-05-17 15:43:58', '2019-05-17 15:43:58');
INSERT INTO `record` VALUES (17843, 464, 726, 0, '2019-05-17 15:43:58', '2019-05-17 15:43:58');
INSERT INTO `record` VALUES (17844, 465, 726, 0, '2019-05-17 15:43:58', '2019-05-17 15:43:58');
INSERT INTO `record` VALUES (17845, 466, 726, 0, '2019-05-17 15:43:58', '2019-05-17 15:43:58');
INSERT INTO `record` VALUES (17846, 467, 726, 0, '2019-05-17 15:43:58', '2019-05-17 15:43:58');
INSERT INTO `record` VALUES (17847, 468, 726, 0, '2019-05-17 15:43:58', '2019-05-17 15:43:58');
INSERT INTO `record` VALUES (17848, 469, 726, 0, '2019-05-17 15:43:58', '2019-05-17 15:43:58');
INSERT INTO `record` VALUES (17849, 470, 726, 0, '2019-05-17 15:43:58', '2019-05-17 15:43:58');
INSERT INTO `record` VALUES (17850, 471, 726, 0, '2019-05-17 15:43:58', '2019-05-17 15:43:58');
INSERT INTO `record` VALUES (17851, 473, 726, 0, '2019-05-17 15:43:58', '2019-05-17 15:43:58');
INSERT INTO `record` VALUES (17852, 474, 726, 0, '2019-05-17 15:43:58', '2019-05-17 15:43:58');
INSERT INTO `record` VALUES (17853, 475, 726, 0, '2019-05-17 15:43:58', '2019-05-17 15:43:58');
INSERT INTO `record` VALUES (17854, 476, 726, 0, '2019-05-17 15:43:58', '2019-05-17 15:43:58');
INSERT INTO `record` VALUES (17855, 477, 726, 0, '2019-05-17 15:43:58', '2019-05-17 15:43:58');
INSERT INTO `record` VALUES (17856, 478, 726, 0, '2019-05-17 15:43:58', '2019-05-17 15:43:58');
INSERT INTO `record` VALUES (17857, 479, 726, 0, '2019-05-17 15:43:58', '2019-05-17 15:43:58');
INSERT INTO `record` VALUES (17858, 480, 726, 0, '2019-05-17 15:43:58', '2019-05-17 15:43:58');
INSERT INTO `record` VALUES (17859, 481, 726, 0, '2019-05-17 15:43:58', '2019-05-17 15:43:58');
INSERT INTO `record` VALUES (17860, 482, 726, 0, '2019-05-17 15:43:58', '2019-05-17 15:43:58');
INSERT INTO `record` VALUES (17861, 483, 726, 0, '2019-05-17 15:43:58', '2019-05-17 15:43:58');
INSERT INTO `record` VALUES (17862, 484, 726, 0, '2019-05-17 15:43:58', '2019-05-17 15:43:58');
INSERT INTO `record` VALUES (17863, 485, 726, 0, '2019-05-17 15:43:58', '2019-05-17 15:43:58');
INSERT INTO `record` VALUES (17864, 486, 726, 0, '2019-05-17 15:43:58', '2019-05-17 15:43:58');
INSERT INTO `record` VALUES (17865, 487, 726, 0, '2019-05-17 15:43:58', '2019-05-17 15:43:58');
INSERT INTO `record` VALUES (17866, 488, 726, 0, '2019-05-17 15:43:58', '2019-05-17 15:43:58');
INSERT INTO `record` VALUES (17867, 489, 726, 0, '2019-05-17 15:43:58', '2019-05-17 15:43:58');
INSERT INTO `record` VALUES (17868, 490, 726, 0, '2019-05-17 15:43:58', '2019-05-17 15:43:58');
INSERT INTO `record` VALUES (17869, 491, 726, 0, '2019-05-17 15:43:58', '2019-05-17 15:43:58');
INSERT INTO `record` VALUES (17870, 492, 726, 0, '2019-05-17 15:43:58', '2019-05-17 15:43:58');
INSERT INTO `record` VALUES (17871, 493, 726, 0, '2019-05-17 15:43:58', '2019-05-17 15:43:58');
INSERT INTO `record` VALUES (17873, 0, 727, 1, '2019-05-17 15:43:58', '2019-05-18 12:50:32');
INSERT INTO `record` VALUES (17875, 422, 727, 0, '2019-05-17 15:43:58', '2019-05-17 15:43:58');
INSERT INTO `record` VALUES (17876, 425, 727, 1, '2019-05-17 15:43:58', '2019-05-18 10:58:23');
INSERT INTO `record` VALUES (17877, 430, 727, 0, '2019-05-17 15:43:58', '2019-05-17 15:43:58');
INSERT INTO `record` VALUES (17878, 433, 727, 0, '2019-05-17 15:43:58', '2019-05-17 15:43:58');
INSERT INTO `record` VALUES (17879, 440, 727, 0, '2019-05-17 15:43:58', '2019-05-17 15:43:58');
INSERT INTO `record` VALUES (17880, 443, 727, 0, '2019-05-17 15:43:58', '2019-05-17 15:43:58');
INSERT INTO `record` VALUES (17881, 445, 727, 0, '2019-05-17 15:43:58', '2019-05-17 15:43:58');
INSERT INTO `record` VALUES (17882, 446, 727, 0, '2019-05-17 15:43:58', '2019-05-17 15:43:58');
INSERT INTO `record` VALUES (17883, 447, 727, 0, '2019-05-17 15:43:58', '2019-05-17 15:43:58');
INSERT INTO `record` VALUES (17884, 448, 727, 0, '2019-05-17 15:43:58', '2019-05-17 15:43:58');
INSERT INTO `record` VALUES (17885, 449, 727, 0, '2019-05-17 15:43:58', '2019-05-17 15:43:58');
INSERT INTO `record` VALUES (17886, 450, 727, 0, '2019-05-17 15:43:58', '2019-05-17 15:43:58');
INSERT INTO `record` VALUES (17887, 451, 727, 0, '2019-05-17 15:43:58', '2019-05-17 15:43:58');
INSERT INTO `record` VALUES (17888, 452, 727, 0, '2019-05-17 15:43:58', '2019-05-17 15:43:58');
INSERT INTO `record` VALUES (17889, 453, 727, 0, '2019-05-17 15:43:58', '2019-05-17 15:43:58');
INSERT INTO `record` VALUES (17890, 454, 727, 0, '2019-05-17 15:43:58', '2019-05-17 15:43:58');
INSERT INTO `record` VALUES (17891, 455, 727, 0, '2019-05-17 15:43:58', '2019-05-17 15:43:58');
INSERT INTO `record` VALUES (17892, 456, 727, 0, '2019-05-17 15:43:58', '2019-05-17 15:43:58');
INSERT INTO `record` VALUES (17893, 457, 727, 0, '2019-05-17 15:43:58', '2019-05-17 15:43:58');
INSERT INTO `record` VALUES (17894, 458, 727, 0, '2019-05-17 15:43:58', '2019-05-17 15:43:58');
INSERT INTO `record` VALUES (17895, 459, 727, 0, '2019-05-17 15:43:58', '2019-05-17 15:43:58');
INSERT INTO `record` VALUES (17896, 460, 727, 0, '2019-05-17 15:43:58', '2019-05-17 15:43:58');
INSERT INTO `record` VALUES (17897, 463, 727, 0, '2019-05-17 15:43:58', '2019-05-17 15:43:58');
INSERT INTO `record` VALUES (17898, 464, 727, 0, '2019-05-17 15:43:58', '2019-05-17 15:43:58');
INSERT INTO `record` VALUES (17899, 465, 727, 0, '2019-05-17 15:43:58', '2019-05-17 15:43:58');
INSERT INTO `record` VALUES (17900, 466, 727, 0, '2019-05-17 15:43:58', '2019-05-17 15:43:58');
INSERT INTO `record` VALUES (17901, 467, 727, 0, '2019-05-17 15:43:58', '2019-05-17 15:43:58');
INSERT INTO `record` VALUES (17902, 468, 727, 0, '2019-05-17 15:43:58', '2019-05-17 15:43:58');
INSERT INTO `record` VALUES (17903, 469, 727, 0, '2019-05-17 15:43:58', '2019-05-17 15:43:58');
INSERT INTO `record` VALUES (17904, 470, 727, 0, '2019-05-17 15:43:58', '2019-05-17 15:43:58');
INSERT INTO `record` VALUES (17905, 471, 727, 0, '2019-05-17 15:43:58', '2019-05-17 15:43:58');
INSERT INTO `record` VALUES (17906, 473, 727, 0, '2019-05-17 15:43:58', '2019-05-17 15:43:58');
INSERT INTO `record` VALUES (17907, 474, 727, 0, '2019-05-17 15:43:58', '2019-05-17 15:43:58');
INSERT INTO `record` VALUES (17908, 475, 727, 0, '2019-05-17 15:43:58', '2019-05-17 15:43:58');
INSERT INTO `record` VALUES (17909, 476, 727, 0, '2019-05-17 15:43:58', '2019-05-17 15:43:58');
INSERT INTO `record` VALUES (17910, 477, 727, 0, '2019-05-17 15:43:58', '2019-05-17 15:43:58');
INSERT INTO `record` VALUES (17911, 478, 727, 0, '2019-05-17 15:43:58', '2019-05-17 15:43:58');
INSERT INTO `record` VALUES (17912, 479, 727, 0, '2019-05-17 15:43:58', '2019-05-17 15:43:58');
INSERT INTO `record` VALUES (17913, 480, 727, 0, '2019-05-17 15:43:58', '2019-05-17 15:43:58');
INSERT INTO `record` VALUES (17914, 481, 727, 0, '2019-05-17 15:43:58', '2019-05-17 15:43:58');
INSERT INTO `record` VALUES (17915, 482, 727, 0, '2019-05-17 15:43:58', '2019-05-17 15:43:58');
INSERT INTO `record` VALUES (17916, 483, 727, 0, '2019-05-17 15:43:58', '2019-05-17 15:43:58');
INSERT INTO `record` VALUES (17917, 484, 727, 0, '2019-05-17 15:43:58', '2019-05-17 15:43:58');
INSERT INTO `record` VALUES (17918, 485, 727, 0, '2019-05-17 15:43:58', '2019-05-17 15:43:58');
INSERT INTO `record` VALUES (17919, 486, 727, 0, '2019-05-17 15:43:58', '2019-05-17 15:43:58');
INSERT INTO `record` VALUES (17920, 487, 727, 0, '2019-05-17 15:43:58', '2019-05-17 15:43:58');
INSERT INTO `record` VALUES (17921, 488, 727, 0, '2019-05-17 15:43:58', '2019-05-17 15:43:58');
INSERT INTO `record` VALUES (17922, 489, 727, 0, '2019-05-17 15:43:58', '2019-05-17 15:43:58');
INSERT INTO `record` VALUES (17923, 490, 727, 0, '2019-05-17 15:43:58', '2019-05-17 15:43:58');
INSERT INTO `record` VALUES (17924, 491, 727, 0, '2019-05-17 15:43:58', '2019-05-17 15:43:58');
INSERT INTO `record` VALUES (17925, 492, 727, 0, '2019-05-17 15:43:58', '2019-05-17 15:43:58');
INSERT INTO `record` VALUES (17926, 493, 727, 0, '2019-05-17 15:43:58', '2019-05-17 15:43:58');
INSERT INTO `record` VALUES (17928, 0, 728, 1, '2019-05-17 15:43:59', '2019-05-18 12:50:32');
INSERT INTO `record` VALUES (17930, 422, 728, 0, '2019-05-17 15:43:59', '2019-05-17 15:43:59');
INSERT INTO `record` VALUES (17931, 425, 728, 1, '2019-05-17 15:43:59', '2019-05-18 10:58:23');
INSERT INTO `record` VALUES (17932, 430, 728, 0, '2019-05-17 15:43:59', '2019-05-17 15:43:59');
INSERT INTO `record` VALUES (17933, 433, 728, 0, '2019-05-17 15:43:59', '2019-05-17 15:43:59');
INSERT INTO `record` VALUES (17934, 440, 728, 0, '2019-05-17 15:43:59', '2019-05-17 15:43:59');
INSERT INTO `record` VALUES (17935, 443, 728, 0, '2019-05-17 15:43:59', '2019-05-17 15:43:59');
INSERT INTO `record` VALUES (17936, 445, 728, 0, '2019-05-17 15:43:59', '2019-05-17 15:43:59');
INSERT INTO `record` VALUES (17937, 446, 728, 0, '2019-05-17 15:43:59', '2019-05-17 15:43:59');
INSERT INTO `record` VALUES (17938, 447, 728, 0, '2019-05-17 15:43:59', '2019-05-17 15:43:59');
INSERT INTO `record` VALUES (17939, 448, 728, 0, '2019-05-17 15:43:59', '2019-05-17 15:43:59');
INSERT INTO `record` VALUES (17940, 449, 728, 0, '2019-05-17 15:43:59', '2019-05-17 15:43:59');
INSERT INTO `record` VALUES (17941, 450, 728, 0, '2019-05-17 15:43:59', '2019-05-17 15:43:59');
INSERT INTO `record` VALUES (17942, 451, 728, 0, '2019-05-17 15:43:59', '2019-05-17 15:43:59');
INSERT INTO `record` VALUES (17943, 452, 728, 0, '2019-05-17 15:43:59', '2019-05-17 15:43:59');
INSERT INTO `record` VALUES (17944, 453, 728, 0, '2019-05-17 15:43:59', '2019-05-17 15:43:59');
INSERT INTO `record` VALUES (17945, 454, 728, 0, '2019-05-17 15:43:59', '2019-05-17 15:43:59');
INSERT INTO `record` VALUES (17946, 455, 728, 0, '2019-05-17 15:43:59', '2019-05-17 15:43:59');
INSERT INTO `record` VALUES (17947, 456, 728, 0, '2019-05-17 15:43:59', '2019-05-17 15:43:59');
INSERT INTO `record` VALUES (17948, 457, 728, 0, '2019-05-17 15:43:59', '2019-05-17 15:43:59');
INSERT INTO `record` VALUES (17949, 458, 728, 0, '2019-05-17 15:43:59', '2019-05-17 15:43:59');
INSERT INTO `record` VALUES (17950, 459, 728, 0, '2019-05-17 15:43:59', '2019-05-17 15:43:59');
INSERT INTO `record` VALUES (17951, 460, 728, 0, '2019-05-17 15:43:59', '2019-05-17 15:43:59');
INSERT INTO `record` VALUES (17952, 463, 728, 0, '2019-05-17 15:43:59', '2019-05-17 15:43:59');
INSERT INTO `record` VALUES (17953, 464, 728, 0, '2019-05-17 15:43:59', '2019-05-17 15:43:59');
INSERT INTO `record` VALUES (17954, 465, 728, 0, '2019-05-17 15:43:59', '2019-05-17 15:43:59');
INSERT INTO `record` VALUES (17955, 466, 728, 0, '2019-05-17 15:43:59', '2019-05-17 15:43:59');
INSERT INTO `record` VALUES (17956, 467, 728, 0, '2019-05-17 15:43:59', '2019-05-17 15:43:59');
INSERT INTO `record` VALUES (17957, 468, 728, 0, '2019-05-17 15:43:59', '2019-05-17 15:43:59');
INSERT INTO `record` VALUES (17958, 469, 728, 0, '2019-05-17 15:43:59', '2019-05-17 15:43:59');
INSERT INTO `record` VALUES (17959, 470, 728, 0, '2019-05-17 15:43:59', '2019-05-17 15:43:59');
INSERT INTO `record` VALUES (17960, 471, 728, 0, '2019-05-17 15:43:59', '2019-05-17 15:43:59');
INSERT INTO `record` VALUES (17961, 473, 728, 0, '2019-05-17 15:43:59', '2019-05-17 15:43:59');
INSERT INTO `record` VALUES (17962, 474, 728, 0, '2019-05-17 15:43:59', '2019-05-17 15:43:59');
INSERT INTO `record` VALUES (17963, 475, 728, 0, '2019-05-17 15:43:59', '2019-05-17 15:43:59');
INSERT INTO `record` VALUES (17964, 476, 728, 0, '2019-05-17 15:43:59', '2019-05-17 15:43:59');
INSERT INTO `record` VALUES (17965, 477, 728, 0, '2019-05-17 15:43:59', '2019-05-17 15:43:59');
INSERT INTO `record` VALUES (17966, 478, 728, 0, '2019-05-17 15:43:59', '2019-05-17 15:43:59');
INSERT INTO `record` VALUES (17967, 479, 728, 0, '2019-05-17 15:43:59', '2019-05-17 15:43:59');
INSERT INTO `record` VALUES (17968, 480, 728, 0, '2019-05-17 15:43:59', '2019-05-17 15:43:59');
INSERT INTO `record` VALUES (17969, 481, 728, 0, '2019-05-17 15:43:59', '2019-05-17 15:43:59');
INSERT INTO `record` VALUES (17970, 482, 728, 0, '2019-05-17 15:43:59', '2019-05-17 15:43:59');
INSERT INTO `record` VALUES (17971, 483, 728, 0, '2019-05-17 15:43:59', '2019-05-17 15:43:59');
INSERT INTO `record` VALUES (17972, 484, 728, 0, '2019-05-17 15:43:59', '2019-05-17 15:43:59');
INSERT INTO `record` VALUES (17973, 485, 728, 0, '2019-05-17 15:43:59', '2019-05-17 15:43:59');
INSERT INTO `record` VALUES (17974, 486, 728, 0, '2019-05-17 15:43:59', '2019-05-17 15:43:59');
INSERT INTO `record` VALUES (17975, 487, 728, 0, '2019-05-17 15:43:59', '2019-05-17 15:43:59');
INSERT INTO `record` VALUES (17976, 488, 728, 0, '2019-05-17 15:43:59', '2019-05-17 15:43:59');
INSERT INTO `record` VALUES (17977, 489, 728, 0, '2019-05-17 15:43:59', '2019-05-17 15:43:59');
INSERT INTO `record` VALUES (17978, 490, 728, 0, '2019-05-17 15:43:59', '2019-05-17 15:43:59');
INSERT INTO `record` VALUES (17979, 491, 728, 0, '2019-05-17 15:43:59', '2019-05-17 15:43:59');
INSERT INTO `record` VALUES (17980, 492, 728, 0, '2019-05-17 15:43:59', '2019-05-17 15:43:59');
INSERT INTO `record` VALUES (17981, 493, 728, 0, '2019-05-17 15:43:59', '2019-05-17 15:43:59');
INSERT INTO `record` VALUES (17985, 0, 730, 1, '2019-05-17 15:59:29', '2019-05-18 12:50:32');
INSERT INTO `record` VALUES (17987, 422, 730, 0, '2019-05-17 15:59:29', '2019-05-17 15:59:29');
INSERT INTO `record` VALUES (17988, 425, 730, 1, '2019-05-17 15:59:29', '2019-05-18 10:58:23');
INSERT INTO `record` VALUES (17989, 430, 730, 0, '2019-05-17 15:59:29', '2019-05-17 15:59:29');
INSERT INTO `record` VALUES (17990, 433, 730, 0, '2019-05-17 15:59:29', '2019-05-17 15:59:29');
INSERT INTO `record` VALUES (17991, 440, 730, 0, '2019-05-17 15:59:29', '2019-05-17 15:59:29');
INSERT INTO `record` VALUES (17992, 443, 730, 0, '2019-05-17 15:59:29', '2019-05-17 15:59:29');
INSERT INTO `record` VALUES (17993, 445, 730, 0, '2019-05-17 15:59:29', '2019-05-17 15:59:29');
INSERT INTO `record` VALUES (17994, 446, 730, 0, '2019-05-17 15:59:29', '2019-05-17 15:59:29');
INSERT INTO `record` VALUES (17995, 447, 730, 0, '2019-05-17 15:59:29', '2019-05-17 15:59:29');
INSERT INTO `record` VALUES (17996, 448, 730, 0, '2019-05-17 15:59:29', '2019-05-17 15:59:29');
INSERT INTO `record` VALUES (17997, 449, 730, 0, '2019-05-17 15:59:29', '2019-05-17 15:59:29');
INSERT INTO `record` VALUES (17998, 450, 730, 0, '2019-05-17 15:59:29', '2019-05-17 15:59:29');
INSERT INTO `record` VALUES (17999, 451, 730, 0, '2019-05-17 15:59:29', '2019-05-17 15:59:29');
INSERT INTO `record` VALUES (18000, 452, 730, 0, '2019-05-17 15:59:29', '2019-05-17 15:59:29');
INSERT INTO `record` VALUES (18001, 453, 730, 0, '2019-05-17 15:59:29', '2019-05-17 15:59:29');
INSERT INTO `record` VALUES (18002, 454, 730, 0, '2019-05-17 15:59:29', '2019-05-17 15:59:29');
INSERT INTO `record` VALUES (18003, 455, 730, 0, '2019-05-17 15:59:29', '2019-05-17 15:59:29');
INSERT INTO `record` VALUES (18004, 456, 730, 0, '2019-05-17 15:59:29', '2019-05-17 15:59:29');
INSERT INTO `record` VALUES (18005, 457, 730, 0, '2019-05-17 15:59:29', '2019-05-17 15:59:29');
INSERT INTO `record` VALUES (18006, 458, 730, 0, '2019-05-17 15:59:29', '2019-05-17 15:59:29');
INSERT INTO `record` VALUES (18007, 459, 730, 0, '2019-05-17 15:59:29', '2019-05-17 15:59:29');
INSERT INTO `record` VALUES (18008, 460, 730, 0, '2019-05-17 15:59:29', '2019-05-17 15:59:29');
INSERT INTO `record` VALUES (18009, 463, 730, 0, '2019-05-17 15:59:29', '2019-05-17 15:59:29');
INSERT INTO `record` VALUES (18010, 464, 730, 0, '2019-05-17 15:59:29', '2019-05-17 15:59:29');
INSERT INTO `record` VALUES (18011, 465, 730, 0, '2019-05-17 15:59:29', '2019-05-17 15:59:29');
INSERT INTO `record` VALUES (18012, 466, 730, 0, '2019-05-17 15:59:29', '2019-05-17 15:59:29');
INSERT INTO `record` VALUES (18013, 467, 730, 0, '2019-05-17 15:59:29', '2019-05-17 15:59:29');
INSERT INTO `record` VALUES (18014, 468, 730, 0, '2019-05-17 15:59:29', '2019-05-17 15:59:29');
INSERT INTO `record` VALUES (18015, 469, 730, 0, '2019-05-17 15:59:29', '2019-05-17 15:59:29');
INSERT INTO `record` VALUES (18016, 470, 730, 0, '2019-05-17 15:59:29', '2019-05-17 15:59:29');
INSERT INTO `record` VALUES (18017, 471, 730, 0, '2019-05-17 15:59:29', '2019-05-17 15:59:29');
INSERT INTO `record` VALUES (18018, 473, 730, 0, '2019-05-17 15:59:29', '2019-05-17 15:59:29');
INSERT INTO `record` VALUES (18019, 474, 730, 0, '2019-05-17 15:59:29', '2019-05-17 15:59:29');
INSERT INTO `record` VALUES (18020, 475, 730, 0, '2019-05-17 15:59:29', '2019-05-17 15:59:29');
INSERT INTO `record` VALUES (18021, 476, 730, 0, '2019-05-17 15:59:29', '2019-05-17 15:59:29');
INSERT INTO `record` VALUES (18022, 477, 730, 0, '2019-05-17 15:59:29', '2019-05-17 15:59:29');
INSERT INTO `record` VALUES (18023, 478, 730, 0, '2019-05-17 15:59:29', '2019-05-17 15:59:29');
INSERT INTO `record` VALUES (18024, 479, 730, 0, '2019-05-17 15:59:29', '2019-05-17 15:59:29');
INSERT INTO `record` VALUES (18025, 480, 730, 0, '2019-05-17 15:59:29', '2019-05-17 15:59:29');
INSERT INTO `record` VALUES (18026, 481, 730, 0, '2019-05-17 15:59:29', '2019-05-17 15:59:29');
INSERT INTO `record` VALUES (18027, 482, 730, 0, '2019-05-17 15:59:29', '2019-05-17 15:59:29');
INSERT INTO `record` VALUES (18028, 483, 730, 0, '2019-05-17 15:59:29', '2019-05-17 15:59:29');
INSERT INTO `record` VALUES (18029, 484, 730, 0, '2019-05-17 15:59:29', '2019-05-17 15:59:29');
INSERT INTO `record` VALUES (18030, 485, 730, 0, '2019-05-17 15:59:29', '2019-05-17 15:59:29');
INSERT INTO `record` VALUES (18031, 486, 730, 0, '2019-05-17 15:59:29', '2019-05-17 15:59:29');
INSERT INTO `record` VALUES (18032, 487, 730, 0, '2019-05-17 15:59:29', '2019-05-17 15:59:29');
INSERT INTO `record` VALUES (18033, 488, 730, 0, '2019-05-17 15:59:29', '2019-05-17 15:59:29');
INSERT INTO `record` VALUES (18034, 489, 730, 0, '2019-05-17 15:59:29', '2019-05-17 15:59:29');
INSERT INTO `record` VALUES (18035, 490, 730, 0, '2019-05-17 15:59:29', '2019-05-17 15:59:29');
INSERT INTO `record` VALUES (18036, 491, 730, 0, '2019-05-17 15:59:29', '2019-05-17 15:59:29');
INSERT INTO `record` VALUES (18037, 492, 730, 0, '2019-05-17 15:59:29', '2019-05-17 15:59:29');
INSERT INTO `record` VALUES (18038, 493, 730, 0, '2019-05-17 15:59:29', '2019-05-17 15:59:29');
INSERT INTO `record` VALUES (18040, 0, 731, 1, '2019-05-17 16:02:43', '2019-05-18 12:50:32');
INSERT INTO `record` VALUES (18042, 422, 731, 0, '2019-05-17 16:02:43', '2019-05-17 16:02:43');
INSERT INTO `record` VALUES (18043, 425, 731, 1, '2019-05-17 16:02:43', '2019-05-18 10:58:23');
INSERT INTO `record` VALUES (18044, 430, 731, 0, '2019-05-17 16:02:43', '2019-05-17 16:02:43');
INSERT INTO `record` VALUES (18045, 433, 731, 0, '2019-05-17 16:02:43', '2019-05-17 16:02:43');
INSERT INTO `record` VALUES (18046, 440, 731, 0, '2019-05-17 16:02:43', '2019-05-17 16:02:43');
INSERT INTO `record` VALUES (18047, 443, 731, 0, '2019-05-17 16:02:43', '2019-05-17 16:02:43');
INSERT INTO `record` VALUES (18048, 445, 731, 0, '2019-05-17 16:02:43', '2019-05-17 16:02:43');
INSERT INTO `record` VALUES (18049, 446, 731, 0, '2019-05-17 16:02:43', '2019-05-17 16:02:43');
INSERT INTO `record` VALUES (18050, 447, 731, 0, '2019-05-17 16:02:43', '2019-05-17 16:02:43');
INSERT INTO `record` VALUES (18051, 448, 731, 0, '2019-05-17 16:02:43', '2019-05-17 16:02:43');
INSERT INTO `record` VALUES (18052, 449, 731, 0, '2019-05-17 16:02:43', '2019-05-17 16:02:43');
INSERT INTO `record` VALUES (18053, 450, 731, 0, '2019-05-17 16:02:43', '2019-05-17 16:02:43');
INSERT INTO `record` VALUES (18054, 451, 731, 0, '2019-05-17 16:02:43', '2019-05-17 16:02:43');
INSERT INTO `record` VALUES (18055, 452, 731, 0, '2019-05-17 16:02:43', '2019-05-17 16:02:43');
INSERT INTO `record` VALUES (18056, 453, 731, 0, '2019-05-17 16:02:43', '2019-05-17 16:02:43');
INSERT INTO `record` VALUES (18057, 454, 731, 0, '2019-05-17 16:02:43', '2019-05-17 16:02:43');
INSERT INTO `record` VALUES (18058, 455, 731, 0, '2019-05-17 16:02:43', '2019-05-17 16:02:43');
INSERT INTO `record` VALUES (18059, 456, 731, 0, '2019-05-17 16:02:43', '2019-05-17 16:02:43');
INSERT INTO `record` VALUES (18060, 457, 731, 0, '2019-05-17 16:02:43', '2019-05-17 16:02:43');
INSERT INTO `record` VALUES (18061, 458, 731, 0, '2019-05-17 16:02:43', '2019-05-17 16:02:43');
INSERT INTO `record` VALUES (18062, 459, 731, 0, '2019-05-17 16:02:43', '2019-05-17 16:02:43');
INSERT INTO `record` VALUES (18063, 460, 731, 0, '2019-05-17 16:02:43', '2019-05-17 16:02:43');
INSERT INTO `record` VALUES (18064, 463, 731, 0, '2019-05-17 16:02:43', '2019-05-17 16:02:43');
INSERT INTO `record` VALUES (18065, 464, 731, 0, '2019-05-17 16:02:43', '2019-05-17 16:02:43');
INSERT INTO `record` VALUES (18066, 465, 731, 0, '2019-05-17 16:02:43', '2019-05-17 16:02:43');
INSERT INTO `record` VALUES (18067, 466, 731, 0, '2019-05-17 16:02:43', '2019-05-17 16:02:43');
INSERT INTO `record` VALUES (18068, 467, 731, 0, '2019-05-17 16:02:43', '2019-05-17 16:02:43');
INSERT INTO `record` VALUES (18069, 468, 731, 0, '2019-05-17 16:02:43', '2019-05-17 16:02:43');
INSERT INTO `record` VALUES (18070, 469, 731, 0, '2019-05-17 16:02:43', '2019-05-17 16:02:43');
INSERT INTO `record` VALUES (18071, 470, 731, 0, '2019-05-17 16:02:43', '2019-05-17 16:02:43');
INSERT INTO `record` VALUES (18072, 471, 731, 0, '2019-05-17 16:02:43', '2019-05-17 16:02:43');
INSERT INTO `record` VALUES (18073, 473, 731, 0, '2019-05-17 16:02:43', '2019-05-17 16:02:43');
INSERT INTO `record` VALUES (18074, 474, 731, 0, '2019-05-17 16:02:43', '2019-05-17 16:02:43');
INSERT INTO `record` VALUES (18075, 475, 731, 0, '2019-05-17 16:02:43', '2019-05-17 16:02:43');
INSERT INTO `record` VALUES (18076, 476, 731, 0, '2019-05-17 16:02:43', '2019-05-17 16:02:43');
INSERT INTO `record` VALUES (18077, 477, 731, 0, '2019-05-17 16:02:43', '2019-05-17 16:02:43');
INSERT INTO `record` VALUES (18078, 478, 731, 0, '2019-05-17 16:02:43', '2019-05-17 16:02:43');
INSERT INTO `record` VALUES (18079, 479, 731, 0, '2019-05-17 16:02:43', '2019-05-17 16:02:43');
INSERT INTO `record` VALUES (18080, 480, 731, 0, '2019-05-17 16:02:43', '2019-05-17 16:02:43');
INSERT INTO `record` VALUES (18081, 481, 731, 0, '2019-05-17 16:02:43', '2019-05-17 16:02:43');
INSERT INTO `record` VALUES (18082, 482, 731, 0, '2019-05-17 16:02:43', '2019-05-17 16:02:43');
INSERT INTO `record` VALUES (18083, 483, 731, 0, '2019-05-17 16:02:43', '2019-05-17 16:02:43');
INSERT INTO `record` VALUES (18084, 484, 731, 0, '2019-05-17 16:02:43', '2019-05-17 16:02:43');
INSERT INTO `record` VALUES (18085, 485, 731, 0, '2019-05-17 16:02:43', '2019-05-17 16:02:43');
INSERT INTO `record` VALUES (18086, 486, 731, 0, '2019-05-17 16:02:43', '2019-05-17 16:02:43');
INSERT INTO `record` VALUES (18087, 487, 731, 0, '2019-05-17 16:02:43', '2019-05-17 16:02:43');
INSERT INTO `record` VALUES (18088, 488, 731, 0, '2019-05-17 16:02:43', '2019-05-17 16:02:43');
INSERT INTO `record` VALUES (18089, 489, 731, 0, '2019-05-17 16:02:43', '2019-05-17 16:02:43');
INSERT INTO `record` VALUES (18090, 490, 731, 0, '2019-05-17 16:02:43', '2019-05-17 16:02:43');
INSERT INTO `record` VALUES (18091, 491, 731, 0, '2019-05-17 16:02:43', '2019-05-17 16:02:43');
INSERT INTO `record` VALUES (18092, 492, 731, 0, '2019-05-17 16:02:43', '2019-05-17 16:02:43');
INSERT INTO `record` VALUES (18093, 493, 731, 0, '2019-05-17 16:02:43', '2019-05-17 16:02:43');
INSERT INTO `record` VALUES (18095, 0, 732, 1, '2019-05-17 16:02:44', '2019-05-18 12:50:32');
INSERT INTO `record` VALUES (18097, 422, 732, 0, '2019-05-17 16:02:44', '2019-05-17 16:02:44');
INSERT INTO `record` VALUES (18098, 425, 732, 1, '2019-05-17 16:02:44', '2019-05-18 10:58:23');
INSERT INTO `record` VALUES (18099, 430, 732, 0, '2019-05-17 16:02:44', '2019-05-17 16:02:44');
INSERT INTO `record` VALUES (18100, 433, 732, 0, '2019-05-17 16:02:44', '2019-05-17 16:02:44');
INSERT INTO `record` VALUES (18101, 440, 732, 0, '2019-05-17 16:02:44', '2019-05-17 16:02:44');
INSERT INTO `record` VALUES (18102, 443, 732, 0, '2019-05-17 16:02:44', '2019-05-17 16:02:44');
INSERT INTO `record` VALUES (18103, 445, 732, 0, '2019-05-17 16:02:44', '2019-05-17 16:02:44');
INSERT INTO `record` VALUES (18104, 446, 732, 0, '2019-05-17 16:02:44', '2019-05-17 16:02:44');
INSERT INTO `record` VALUES (18105, 447, 732, 0, '2019-05-17 16:02:44', '2019-05-17 16:02:44');
INSERT INTO `record` VALUES (18106, 448, 732, 0, '2019-05-17 16:02:44', '2019-05-17 16:02:44');
INSERT INTO `record` VALUES (18107, 449, 732, 0, '2019-05-17 16:02:44', '2019-05-17 16:02:44');
INSERT INTO `record` VALUES (18108, 450, 732, 0, '2019-05-17 16:02:44', '2019-05-17 16:02:44');
INSERT INTO `record` VALUES (18109, 451, 732, 0, '2019-05-17 16:02:44', '2019-05-17 16:02:44');
INSERT INTO `record` VALUES (18110, 452, 732, 0, '2019-05-17 16:02:44', '2019-05-17 16:02:44');
INSERT INTO `record` VALUES (18111, 453, 732, 0, '2019-05-17 16:02:44', '2019-05-17 16:02:44');
INSERT INTO `record` VALUES (18112, 454, 732, 0, '2019-05-17 16:02:44', '2019-05-17 16:02:44');
INSERT INTO `record` VALUES (18113, 455, 732, 0, '2019-05-17 16:02:44', '2019-05-17 16:02:44');
INSERT INTO `record` VALUES (18114, 456, 732, 0, '2019-05-17 16:02:44', '2019-05-17 16:02:44');
INSERT INTO `record` VALUES (18115, 457, 732, 0, '2019-05-17 16:02:44', '2019-05-17 16:02:44');
INSERT INTO `record` VALUES (18116, 458, 732, 0, '2019-05-17 16:02:44', '2019-05-17 16:02:44');
INSERT INTO `record` VALUES (18117, 459, 732, 0, '2019-05-17 16:02:44', '2019-05-17 16:02:44');
INSERT INTO `record` VALUES (18118, 460, 732, 0, '2019-05-17 16:02:44', '2019-05-17 16:02:44');
INSERT INTO `record` VALUES (18119, 463, 732, 0, '2019-05-17 16:02:44', '2019-05-17 16:02:44');
INSERT INTO `record` VALUES (18120, 464, 732, 0, '2019-05-17 16:02:44', '2019-05-17 16:02:44');
INSERT INTO `record` VALUES (18121, 465, 732, 0, '2019-05-17 16:02:44', '2019-05-17 16:02:44');
INSERT INTO `record` VALUES (18122, 466, 732, 0, '2019-05-17 16:02:44', '2019-05-17 16:02:44');
INSERT INTO `record` VALUES (18123, 467, 732, 0, '2019-05-17 16:02:44', '2019-05-17 16:02:44');
INSERT INTO `record` VALUES (18124, 468, 732, 0, '2019-05-17 16:02:44', '2019-05-17 16:02:44');
INSERT INTO `record` VALUES (18125, 469, 732, 0, '2019-05-17 16:02:44', '2019-05-17 16:02:44');
INSERT INTO `record` VALUES (18126, 470, 732, 0, '2019-05-17 16:02:44', '2019-05-17 16:02:44');
INSERT INTO `record` VALUES (18127, 471, 732, 0, '2019-05-17 16:02:44', '2019-05-17 16:02:44');
INSERT INTO `record` VALUES (18128, 473, 732, 0, '2019-05-17 16:02:44', '2019-05-17 16:02:44');
INSERT INTO `record` VALUES (18129, 474, 732, 0, '2019-05-17 16:02:44', '2019-05-17 16:02:44');
INSERT INTO `record` VALUES (18130, 475, 732, 0, '2019-05-17 16:02:44', '2019-05-17 16:02:44');
INSERT INTO `record` VALUES (18131, 476, 732, 0, '2019-05-17 16:02:44', '2019-05-17 16:02:44');
INSERT INTO `record` VALUES (18132, 477, 732, 0, '2019-05-17 16:02:44', '2019-05-17 16:02:44');
INSERT INTO `record` VALUES (18133, 478, 732, 0, '2019-05-17 16:02:44', '2019-05-17 16:02:44');
INSERT INTO `record` VALUES (18134, 479, 732, 0, '2019-05-17 16:02:44', '2019-05-17 16:02:44');
INSERT INTO `record` VALUES (18135, 480, 732, 0, '2019-05-17 16:02:44', '2019-05-17 16:02:44');
INSERT INTO `record` VALUES (18136, 481, 732, 0, '2019-05-17 16:02:44', '2019-05-17 16:02:44');
INSERT INTO `record` VALUES (18137, 482, 732, 0, '2019-05-17 16:02:44', '2019-05-17 16:02:44');
INSERT INTO `record` VALUES (18138, 483, 732, 0, '2019-05-17 16:02:44', '2019-05-17 16:02:44');
INSERT INTO `record` VALUES (18139, 484, 732, 0, '2019-05-17 16:02:44', '2019-05-17 16:02:44');
INSERT INTO `record` VALUES (18140, 485, 732, 0, '2019-05-17 16:02:44', '2019-05-17 16:02:44');
INSERT INTO `record` VALUES (18141, 486, 732, 0, '2019-05-17 16:02:44', '2019-05-17 16:02:44');
INSERT INTO `record` VALUES (18142, 487, 732, 0, '2019-05-17 16:02:44', '2019-05-17 16:02:44');
INSERT INTO `record` VALUES (18143, 488, 732, 0, '2019-05-17 16:02:44', '2019-05-17 16:02:44');
INSERT INTO `record` VALUES (18144, 489, 732, 0, '2019-05-17 16:02:44', '2019-05-17 16:02:44');
INSERT INTO `record` VALUES (18145, 490, 732, 0, '2019-05-17 16:02:44', '2019-05-17 16:02:44');
INSERT INTO `record` VALUES (18146, 491, 732, 0, '2019-05-17 16:02:44', '2019-05-17 16:02:44');
INSERT INTO `record` VALUES (18147, 492, 732, 0, '2019-05-17 16:02:44', '2019-05-17 16:02:44');
INSERT INTO `record` VALUES (18148, 493, 732, 0, '2019-05-17 16:02:44', '2019-05-17 16:02:44');
INSERT INTO `record` VALUES (18150, 0, 733, 1, '2019-05-17 16:02:44', '2019-05-18 12:50:32');
INSERT INTO `record` VALUES (18152, 422, 733, 0, '2019-05-17 16:02:44', '2019-05-17 16:02:44');
INSERT INTO `record` VALUES (18153, 425, 733, 1, '2019-05-17 16:02:44', '2019-05-18 10:58:23');
INSERT INTO `record` VALUES (18154, 430, 733, 0, '2019-05-17 16:02:44', '2019-05-17 16:02:44');
INSERT INTO `record` VALUES (18155, 433, 733, 0, '2019-05-17 16:02:44', '2019-05-17 16:02:44');
INSERT INTO `record` VALUES (18156, 440, 733, 0, '2019-05-17 16:02:44', '2019-05-17 16:02:44');
INSERT INTO `record` VALUES (18157, 443, 733, 0, '2019-05-17 16:02:44', '2019-05-17 16:02:44');
INSERT INTO `record` VALUES (18158, 445, 733, 0, '2019-05-17 16:02:44', '2019-05-17 16:02:44');
INSERT INTO `record` VALUES (18159, 446, 733, 0, '2019-05-17 16:02:44', '2019-05-17 16:02:44');
INSERT INTO `record` VALUES (18160, 447, 733, 0, '2019-05-17 16:02:44', '2019-05-17 16:02:44');
INSERT INTO `record` VALUES (18161, 448, 733, 0, '2019-05-17 16:02:44', '2019-05-17 16:02:44');
INSERT INTO `record` VALUES (18162, 449, 733, 0, '2019-05-17 16:02:44', '2019-05-17 16:02:44');
INSERT INTO `record` VALUES (18163, 450, 733, 0, '2019-05-17 16:02:44', '2019-05-17 16:02:44');
INSERT INTO `record` VALUES (18164, 451, 733, 0, '2019-05-17 16:02:44', '2019-05-17 16:02:44');
INSERT INTO `record` VALUES (18165, 452, 733, 0, '2019-05-17 16:02:44', '2019-05-17 16:02:44');
INSERT INTO `record` VALUES (18166, 453, 733, 0, '2019-05-17 16:02:44', '2019-05-17 16:02:44');
INSERT INTO `record` VALUES (18167, 454, 733, 0, '2019-05-17 16:02:44', '2019-05-17 16:02:44');
INSERT INTO `record` VALUES (18168, 455, 733, 0, '2019-05-17 16:02:44', '2019-05-17 16:02:44');
INSERT INTO `record` VALUES (18169, 456, 733, 0, '2019-05-17 16:02:44', '2019-05-17 16:02:44');
INSERT INTO `record` VALUES (18170, 457, 733, 0, '2019-05-17 16:02:44', '2019-05-17 16:02:44');
INSERT INTO `record` VALUES (18171, 458, 733, 0, '2019-05-17 16:02:44', '2019-05-17 16:02:44');
INSERT INTO `record` VALUES (18172, 459, 733, 0, '2019-05-17 16:02:44', '2019-05-17 16:02:44');
INSERT INTO `record` VALUES (18173, 460, 733, 0, '2019-05-17 16:02:44', '2019-05-17 16:02:44');
INSERT INTO `record` VALUES (18174, 463, 733, 0, '2019-05-17 16:02:44', '2019-05-17 16:02:44');
INSERT INTO `record` VALUES (18175, 464, 733, 0, '2019-05-17 16:02:44', '2019-05-17 16:02:44');
INSERT INTO `record` VALUES (18176, 465, 733, 0, '2019-05-17 16:02:44', '2019-05-17 16:02:44');
INSERT INTO `record` VALUES (18177, 466, 733, 0, '2019-05-17 16:02:44', '2019-05-17 16:02:44');
INSERT INTO `record` VALUES (18178, 467, 733, 0, '2019-05-17 16:02:44', '2019-05-17 16:02:44');
INSERT INTO `record` VALUES (18179, 468, 733, 0, '2019-05-17 16:02:44', '2019-05-17 16:02:44');
INSERT INTO `record` VALUES (18180, 469, 733, 0, '2019-05-17 16:02:44', '2019-05-17 16:02:44');
INSERT INTO `record` VALUES (18181, 470, 733, 0, '2019-05-17 16:02:44', '2019-05-17 16:02:44');
INSERT INTO `record` VALUES (18182, 471, 733, 0, '2019-05-17 16:02:44', '2019-05-17 16:02:44');
INSERT INTO `record` VALUES (18183, 473, 733, 0, '2019-05-17 16:02:44', '2019-05-17 16:02:44');
INSERT INTO `record` VALUES (18184, 474, 733, 0, '2019-05-17 16:02:44', '2019-05-17 16:02:44');
INSERT INTO `record` VALUES (18185, 475, 733, 0, '2019-05-17 16:02:44', '2019-05-17 16:02:44');
INSERT INTO `record` VALUES (18186, 476, 733, 0, '2019-05-17 16:02:44', '2019-05-17 16:02:44');
INSERT INTO `record` VALUES (18187, 477, 733, 0, '2019-05-17 16:02:44', '2019-05-17 16:02:44');
INSERT INTO `record` VALUES (18188, 478, 733, 0, '2019-05-17 16:02:44', '2019-05-17 16:02:44');
INSERT INTO `record` VALUES (18189, 479, 733, 0, '2019-05-17 16:02:44', '2019-05-17 16:02:44');
INSERT INTO `record` VALUES (18190, 480, 733, 0, '2019-05-17 16:02:44', '2019-05-17 16:02:44');
INSERT INTO `record` VALUES (18191, 481, 733, 0, '2019-05-17 16:02:44', '2019-05-17 16:02:44');
INSERT INTO `record` VALUES (18192, 482, 733, 0, '2019-05-17 16:02:44', '2019-05-17 16:02:44');
INSERT INTO `record` VALUES (18193, 483, 733, 0, '2019-05-17 16:02:44', '2019-05-17 16:02:44');
INSERT INTO `record` VALUES (18194, 484, 733, 0, '2019-05-17 16:02:44', '2019-05-17 16:02:44');
INSERT INTO `record` VALUES (18195, 485, 733, 0, '2019-05-17 16:02:44', '2019-05-17 16:02:44');
INSERT INTO `record` VALUES (18196, 486, 733, 0, '2019-05-17 16:02:44', '2019-05-17 16:02:44');
INSERT INTO `record` VALUES (18197, 487, 733, 0, '2019-05-17 16:02:44', '2019-05-17 16:02:44');
INSERT INTO `record` VALUES (18198, 488, 733, 0, '2019-05-17 16:02:44', '2019-05-17 16:02:44');
INSERT INTO `record` VALUES (18199, 489, 733, 0, '2019-05-17 16:02:44', '2019-05-17 16:02:44');
INSERT INTO `record` VALUES (18200, 490, 733, 0, '2019-05-17 16:02:44', '2019-05-17 16:02:44');
INSERT INTO `record` VALUES (18201, 491, 733, 0, '2019-05-17 16:02:44', '2019-05-17 16:02:44');
INSERT INTO `record` VALUES (18202, 492, 733, 0, '2019-05-17 16:02:44', '2019-05-17 16:02:44');
INSERT INTO `record` VALUES (18203, 493, 733, 0, '2019-05-17 16:02:44', '2019-05-17 16:02:44');
INSERT INTO `record` VALUES (18205, 0, 734, 1, '2019-05-17 16:02:44', '2019-05-18 12:50:32');
INSERT INTO `record` VALUES (18207, 422, 734, 0, '2019-05-17 16:02:44', '2019-05-17 16:02:44');
INSERT INTO `record` VALUES (18208, 425, 734, 1, '2019-05-17 16:02:44', '2019-05-18 10:58:23');
INSERT INTO `record` VALUES (18209, 430, 734, 0, '2019-05-17 16:02:44', '2019-05-17 16:02:44');
INSERT INTO `record` VALUES (18210, 433, 734, 0, '2019-05-17 16:02:44', '2019-05-17 16:02:44');
INSERT INTO `record` VALUES (18211, 440, 734, 0, '2019-05-17 16:02:44', '2019-05-17 16:02:44');
INSERT INTO `record` VALUES (18212, 443, 734, 0, '2019-05-17 16:02:44', '2019-05-17 16:02:44');
INSERT INTO `record` VALUES (18213, 445, 734, 0, '2019-05-17 16:02:44', '2019-05-17 16:02:44');
INSERT INTO `record` VALUES (18214, 446, 734, 0, '2019-05-17 16:02:44', '2019-05-17 16:02:44');
INSERT INTO `record` VALUES (18215, 447, 734, 0, '2019-05-17 16:02:44', '2019-05-17 16:02:44');
INSERT INTO `record` VALUES (18216, 448, 734, 0, '2019-05-17 16:02:44', '2019-05-17 16:02:44');
INSERT INTO `record` VALUES (18217, 449, 734, 0, '2019-05-17 16:02:44', '2019-05-17 16:02:44');
INSERT INTO `record` VALUES (18218, 450, 734, 0, '2019-05-17 16:02:44', '2019-05-17 16:02:44');
INSERT INTO `record` VALUES (18219, 451, 734, 0, '2019-05-17 16:02:44', '2019-05-17 16:02:44');
INSERT INTO `record` VALUES (18220, 452, 734, 0, '2019-05-17 16:02:44', '2019-05-17 16:02:44');
INSERT INTO `record` VALUES (18221, 453, 734, 0, '2019-05-17 16:02:44', '2019-05-17 16:02:44');
INSERT INTO `record` VALUES (18222, 454, 734, 0, '2019-05-17 16:02:44', '2019-05-17 16:02:44');
INSERT INTO `record` VALUES (18223, 455, 734, 0, '2019-05-17 16:02:44', '2019-05-17 16:02:44');
INSERT INTO `record` VALUES (18224, 456, 734, 0, '2019-05-17 16:02:44', '2019-05-17 16:02:44');
INSERT INTO `record` VALUES (18225, 457, 734, 0, '2019-05-17 16:02:44', '2019-05-17 16:02:44');
INSERT INTO `record` VALUES (18226, 458, 734, 0, '2019-05-17 16:02:44', '2019-05-17 16:02:44');
INSERT INTO `record` VALUES (18227, 459, 734, 0, '2019-05-17 16:02:44', '2019-05-17 16:02:44');
INSERT INTO `record` VALUES (18228, 460, 734, 0, '2019-05-17 16:02:44', '2019-05-17 16:02:44');
INSERT INTO `record` VALUES (18229, 463, 734, 0, '2019-05-17 16:02:44', '2019-05-17 16:02:44');
INSERT INTO `record` VALUES (18230, 464, 734, 0, '2019-05-17 16:02:44', '2019-05-17 16:02:44');
INSERT INTO `record` VALUES (18231, 465, 734, 0, '2019-05-17 16:02:44', '2019-05-17 16:02:44');
INSERT INTO `record` VALUES (18232, 466, 734, 0, '2019-05-17 16:02:44', '2019-05-17 16:02:44');
INSERT INTO `record` VALUES (18233, 467, 734, 0, '2019-05-17 16:02:44', '2019-05-17 16:02:44');
INSERT INTO `record` VALUES (18234, 468, 734, 0, '2019-05-17 16:02:44', '2019-05-17 16:02:44');
INSERT INTO `record` VALUES (18235, 469, 734, 0, '2019-05-17 16:02:44', '2019-05-17 16:02:44');
INSERT INTO `record` VALUES (18236, 470, 734, 0, '2019-05-17 16:02:44', '2019-05-17 16:02:44');
INSERT INTO `record` VALUES (18237, 471, 734, 0, '2019-05-17 16:02:44', '2019-05-17 16:02:44');
INSERT INTO `record` VALUES (18238, 473, 734, 0, '2019-05-17 16:02:44', '2019-05-17 16:02:44');
INSERT INTO `record` VALUES (18239, 474, 734, 0, '2019-05-17 16:02:44', '2019-05-17 16:02:44');
INSERT INTO `record` VALUES (18240, 475, 734, 0, '2019-05-17 16:02:44', '2019-05-17 16:02:44');
INSERT INTO `record` VALUES (18241, 476, 734, 0, '2019-05-17 16:02:44', '2019-05-17 16:02:44');
INSERT INTO `record` VALUES (18242, 477, 734, 0, '2019-05-17 16:02:44', '2019-05-17 16:02:44');
INSERT INTO `record` VALUES (18243, 478, 734, 0, '2019-05-17 16:02:44', '2019-05-17 16:02:44');
INSERT INTO `record` VALUES (18244, 479, 734, 0, '2019-05-17 16:02:44', '2019-05-17 16:02:44');
INSERT INTO `record` VALUES (18245, 480, 734, 0, '2019-05-17 16:02:44', '2019-05-17 16:02:44');
INSERT INTO `record` VALUES (18246, 481, 734, 0, '2019-05-17 16:02:44', '2019-05-17 16:02:44');
INSERT INTO `record` VALUES (18247, 482, 734, 0, '2019-05-17 16:02:44', '2019-05-17 16:02:44');
INSERT INTO `record` VALUES (18248, 483, 734, 0, '2019-05-17 16:02:44', '2019-05-17 16:02:44');
INSERT INTO `record` VALUES (18249, 484, 734, 0, '2019-05-17 16:02:44', '2019-05-17 16:02:44');
INSERT INTO `record` VALUES (18250, 485, 734, 0, '2019-05-17 16:02:44', '2019-05-17 16:02:44');
INSERT INTO `record` VALUES (18251, 486, 734, 0, '2019-05-17 16:02:44', '2019-05-17 16:02:44');
INSERT INTO `record` VALUES (18252, 487, 734, 0, '2019-05-17 16:02:44', '2019-05-17 16:02:44');
INSERT INTO `record` VALUES (18253, 488, 734, 0, '2019-05-17 16:02:44', '2019-05-17 16:02:44');
INSERT INTO `record` VALUES (18254, 489, 734, 0, '2019-05-17 16:02:44', '2019-05-17 16:02:44');
INSERT INTO `record` VALUES (18255, 490, 734, 0, '2019-05-17 16:02:44', '2019-05-17 16:02:44');
INSERT INTO `record` VALUES (18256, 491, 734, 0, '2019-05-17 16:02:44', '2019-05-17 16:02:44');
INSERT INTO `record` VALUES (18257, 492, 734, 0, '2019-05-17 16:02:44', '2019-05-17 16:02:44');
INSERT INTO `record` VALUES (18258, 493, 734, 0, '2019-05-17 16:02:44', '2019-05-17 16:02:44');
INSERT INTO `record` VALUES (18260, 0, 735, 1, '2019-05-17 16:02:45', '2019-05-18 12:50:32');
INSERT INTO `record` VALUES (18262, 422, 735, 0, '2019-05-17 16:02:45', '2019-05-17 16:02:45');
INSERT INTO `record` VALUES (18263, 425, 735, 1, '2019-05-17 16:02:45', '2019-05-18 10:58:23');
INSERT INTO `record` VALUES (18264, 430, 735, 0, '2019-05-17 16:02:45', '2019-05-17 16:02:45');
INSERT INTO `record` VALUES (18265, 433, 735, 0, '2019-05-17 16:02:45', '2019-05-17 16:02:45');
INSERT INTO `record` VALUES (18266, 440, 735, 0, '2019-05-17 16:02:45', '2019-05-17 16:02:45');
INSERT INTO `record` VALUES (18267, 443, 735, 0, '2019-05-17 16:02:45', '2019-05-17 16:02:45');
INSERT INTO `record` VALUES (18268, 445, 735, 0, '2019-05-17 16:02:45', '2019-05-17 16:02:45');
INSERT INTO `record` VALUES (18269, 446, 735, 0, '2019-05-17 16:02:45', '2019-05-17 16:02:45');
INSERT INTO `record` VALUES (18270, 447, 735, 0, '2019-05-17 16:02:45', '2019-05-17 16:02:45');
INSERT INTO `record` VALUES (18271, 448, 735, 0, '2019-05-17 16:02:45', '2019-05-17 16:02:45');
INSERT INTO `record` VALUES (18272, 449, 735, 0, '2019-05-17 16:02:45', '2019-05-17 16:02:45');
INSERT INTO `record` VALUES (18273, 450, 735, 0, '2019-05-17 16:02:45', '2019-05-17 16:02:45');
INSERT INTO `record` VALUES (18274, 451, 735, 0, '2019-05-17 16:02:45', '2019-05-17 16:02:45');
INSERT INTO `record` VALUES (18275, 452, 735, 0, '2019-05-17 16:02:45', '2019-05-17 16:02:45');
INSERT INTO `record` VALUES (18276, 453, 735, 0, '2019-05-17 16:02:45', '2019-05-17 16:02:45');
INSERT INTO `record` VALUES (18277, 454, 735, 0, '2019-05-17 16:02:45', '2019-05-17 16:02:45');
INSERT INTO `record` VALUES (18278, 455, 735, 0, '2019-05-17 16:02:45', '2019-05-17 16:02:45');
INSERT INTO `record` VALUES (18279, 456, 735, 0, '2019-05-17 16:02:45', '2019-05-17 16:02:45');
INSERT INTO `record` VALUES (18280, 457, 735, 0, '2019-05-17 16:02:45', '2019-05-17 16:02:45');
INSERT INTO `record` VALUES (18281, 458, 735, 0, '2019-05-17 16:02:45', '2019-05-17 16:02:45');
INSERT INTO `record` VALUES (18282, 459, 735, 0, '2019-05-17 16:02:45', '2019-05-17 16:02:45');
INSERT INTO `record` VALUES (18283, 460, 735, 0, '2019-05-17 16:02:45', '2019-05-17 16:02:45');
INSERT INTO `record` VALUES (18284, 463, 735, 0, '2019-05-17 16:02:45', '2019-05-17 16:02:45');
INSERT INTO `record` VALUES (18285, 464, 735, 0, '2019-05-17 16:02:45', '2019-05-17 16:02:45');
INSERT INTO `record` VALUES (18286, 465, 735, 0, '2019-05-17 16:02:45', '2019-05-17 16:02:45');
INSERT INTO `record` VALUES (18287, 466, 735, 0, '2019-05-17 16:02:45', '2019-05-17 16:02:45');
INSERT INTO `record` VALUES (18288, 467, 735, 0, '2019-05-17 16:02:45', '2019-05-17 16:02:45');
INSERT INTO `record` VALUES (18289, 468, 735, 0, '2019-05-17 16:02:45', '2019-05-17 16:02:45');
INSERT INTO `record` VALUES (18290, 469, 735, 0, '2019-05-17 16:02:45', '2019-05-17 16:02:45');
INSERT INTO `record` VALUES (18291, 470, 735, 0, '2019-05-17 16:02:45', '2019-05-17 16:02:45');
INSERT INTO `record` VALUES (18292, 471, 735, 0, '2019-05-17 16:02:45', '2019-05-17 16:02:45');
INSERT INTO `record` VALUES (18293, 473, 735, 0, '2019-05-17 16:02:45', '2019-05-17 16:02:45');
INSERT INTO `record` VALUES (18294, 474, 735, 0, '2019-05-17 16:02:45', '2019-05-17 16:02:45');
INSERT INTO `record` VALUES (18295, 475, 735, 0, '2019-05-17 16:02:45', '2019-05-17 16:02:45');
INSERT INTO `record` VALUES (18296, 476, 735, 0, '2019-05-17 16:02:45', '2019-05-17 16:02:45');
INSERT INTO `record` VALUES (18297, 477, 735, 0, '2019-05-17 16:02:45', '2019-05-17 16:02:45');
INSERT INTO `record` VALUES (18298, 478, 735, 0, '2019-05-17 16:02:45', '2019-05-17 16:02:45');
INSERT INTO `record` VALUES (18299, 479, 735, 0, '2019-05-17 16:02:45', '2019-05-17 16:02:45');
INSERT INTO `record` VALUES (18300, 480, 735, 0, '2019-05-17 16:02:45', '2019-05-17 16:02:45');
INSERT INTO `record` VALUES (18301, 481, 735, 0, '2019-05-17 16:02:45', '2019-05-17 16:02:45');
INSERT INTO `record` VALUES (18302, 482, 735, 0, '2019-05-17 16:02:45', '2019-05-17 16:02:45');
INSERT INTO `record` VALUES (18303, 483, 735, 0, '2019-05-17 16:02:45', '2019-05-17 16:02:45');
INSERT INTO `record` VALUES (18304, 484, 735, 0, '2019-05-17 16:02:45', '2019-05-17 16:02:45');
INSERT INTO `record` VALUES (18305, 485, 735, 0, '2019-05-17 16:02:45', '2019-05-17 16:02:45');
INSERT INTO `record` VALUES (18306, 486, 735, 0, '2019-05-17 16:02:45', '2019-05-17 16:02:45');
INSERT INTO `record` VALUES (18307, 487, 735, 0, '2019-05-17 16:02:45', '2019-05-17 16:02:45');
INSERT INTO `record` VALUES (18308, 488, 735, 0, '2019-05-17 16:02:45', '2019-05-17 16:02:45');
INSERT INTO `record` VALUES (18309, 489, 735, 0, '2019-05-17 16:02:45', '2019-05-17 16:02:45');
INSERT INTO `record` VALUES (18310, 490, 735, 0, '2019-05-17 16:02:45', '2019-05-17 16:02:45');
INSERT INTO `record` VALUES (18311, 491, 735, 0, '2019-05-17 16:02:45', '2019-05-17 16:02:45');
INSERT INTO `record` VALUES (18312, 492, 735, 0, '2019-05-17 16:02:45', '2019-05-17 16:02:45');
INSERT INTO `record` VALUES (18313, 493, 735, 0, '2019-05-17 16:02:45', '2019-05-17 16:02:45');
INSERT INTO `record` VALUES (18315, 0, 736, 1, '2019-05-17 16:02:45', '2019-05-18 12:50:32');
INSERT INTO `record` VALUES (18317, 422, 736, 0, '2019-05-17 16:02:45', '2019-05-17 16:02:45');
INSERT INTO `record` VALUES (18318, 425, 736, 1, '2019-05-17 16:02:45', '2019-05-18 10:58:23');
INSERT INTO `record` VALUES (18319, 430, 736, 0, '2019-05-17 16:02:45', '2019-05-17 16:02:45');
INSERT INTO `record` VALUES (18320, 433, 736, 0, '2019-05-17 16:02:45', '2019-05-17 16:02:45');
INSERT INTO `record` VALUES (18321, 440, 736, 0, '2019-05-17 16:02:45', '2019-05-17 16:02:45');
INSERT INTO `record` VALUES (18322, 443, 736, 0, '2019-05-17 16:02:45', '2019-05-17 16:02:45');
INSERT INTO `record` VALUES (18323, 445, 736, 0, '2019-05-17 16:02:45', '2019-05-17 16:02:45');
INSERT INTO `record` VALUES (18324, 446, 736, 0, '2019-05-17 16:02:45', '2019-05-17 16:02:45');
INSERT INTO `record` VALUES (18325, 447, 736, 0, '2019-05-17 16:02:45', '2019-05-17 16:02:45');
INSERT INTO `record` VALUES (18326, 448, 736, 0, '2019-05-17 16:02:45', '2019-05-17 16:02:45');
INSERT INTO `record` VALUES (18327, 449, 736, 0, '2019-05-17 16:02:45', '2019-05-17 16:02:45');
INSERT INTO `record` VALUES (18328, 450, 736, 0, '2019-05-17 16:02:45', '2019-05-17 16:02:45');
INSERT INTO `record` VALUES (18329, 451, 736, 0, '2019-05-17 16:02:45', '2019-05-17 16:02:45');
INSERT INTO `record` VALUES (18330, 452, 736, 0, '2019-05-17 16:02:45', '2019-05-17 16:02:45');
INSERT INTO `record` VALUES (18331, 453, 736, 0, '2019-05-17 16:02:45', '2019-05-17 16:02:45');
INSERT INTO `record` VALUES (18332, 454, 736, 0, '2019-05-17 16:02:45', '2019-05-17 16:02:45');
INSERT INTO `record` VALUES (18333, 455, 736, 0, '2019-05-17 16:02:45', '2019-05-17 16:02:45');
INSERT INTO `record` VALUES (18334, 456, 736, 0, '2019-05-17 16:02:45', '2019-05-17 16:02:45');
INSERT INTO `record` VALUES (18335, 457, 736, 0, '2019-05-17 16:02:45', '2019-05-17 16:02:45');
INSERT INTO `record` VALUES (18336, 458, 736, 0, '2019-05-17 16:02:45', '2019-05-17 16:02:45');
INSERT INTO `record` VALUES (18337, 459, 736, 0, '2019-05-17 16:02:45', '2019-05-17 16:02:45');
INSERT INTO `record` VALUES (18338, 460, 736, 0, '2019-05-17 16:02:45', '2019-05-17 16:02:45');
INSERT INTO `record` VALUES (18339, 463, 736, 0, '2019-05-17 16:02:45', '2019-05-17 16:02:45');
INSERT INTO `record` VALUES (18340, 464, 736, 0, '2019-05-17 16:02:45', '2019-05-17 16:02:45');
INSERT INTO `record` VALUES (18341, 465, 736, 0, '2019-05-17 16:02:45', '2019-05-17 16:02:45');
INSERT INTO `record` VALUES (18342, 466, 736, 0, '2019-05-17 16:02:45', '2019-05-17 16:02:45');
INSERT INTO `record` VALUES (18343, 467, 736, 0, '2019-05-17 16:02:45', '2019-05-17 16:02:45');
INSERT INTO `record` VALUES (18344, 468, 736, 0, '2019-05-17 16:02:45', '2019-05-17 16:02:45');
INSERT INTO `record` VALUES (18345, 469, 736, 0, '2019-05-17 16:02:45', '2019-05-17 16:02:45');
INSERT INTO `record` VALUES (18346, 470, 736, 0, '2019-05-17 16:02:45', '2019-05-17 16:02:45');
INSERT INTO `record` VALUES (18347, 471, 736, 0, '2019-05-17 16:02:45', '2019-05-17 16:02:45');
INSERT INTO `record` VALUES (18348, 473, 736, 0, '2019-05-17 16:02:45', '2019-05-17 16:02:45');
INSERT INTO `record` VALUES (18349, 474, 736, 0, '2019-05-17 16:02:45', '2019-05-17 16:02:45');
INSERT INTO `record` VALUES (18350, 475, 736, 0, '2019-05-17 16:02:45', '2019-05-17 16:02:45');
INSERT INTO `record` VALUES (18351, 476, 736, 0, '2019-05-17 16:02:45', '2019-05-17 16:02:45');
INSERT INTO `record` VALUES (18352, 477, 736, 0, '2019-05-17 16:02:45', '2019-05-17 16:02:45');
INSERT INTO `record` VALUES (18353, 478, 736, 0, '2019-05-17 16:02:45', '2019-05-17 16:02:45');
INSERT INTO `record` VALUES (18354, 479, 736, 0, '2019-05-17 16:02:45', '2019-05-17 16:02:45');
INSERT INTO `record` VALUES (18355, 480, 736, 0, '2019-05-17 16:02:45', '2019-05-17 16:02:45');
INSERT INTO `record` VALUES (18356, 481, 736, 0, '2019-05-17 16:02:45', '2019-05-17 16:02:45');
INSERT INTO `record` VALUES (18357, 482, 736, 0, '2019-05-17 16:02:45', '2019-05-17 16:02:45');
INSERT INTO `record` VALUES (18358, 483, 736, 0, '2019-05-17 16:02:45', '2019-05-17 16:02:45');
INSERT INTO `record` VALUES (18359, 484, 736, 0, '2019-05-17 16:02:45', '2019-05-17 16:02:45');
INSERT INTO `record` VALUES (18360, 485, 736, 0, '2019-05-17 16:02:45', '2019-05-17 16:02:45');
INSERT INTO `record` VALUES (18361, 486, 736, 0, '2019-05-17 16:02:45', '2019-05-17 16:02:45');
INSERT INTO `record` VALUES (18362, 487, 736, 0, '2019-05-17 16:02:45', '2019-05-17 16:02:45');
INSERT INTO `record` VALUES (18363, 488, 736, 0, '2019-05-17 16:02:45', '2019-05-17 16:02:45');
INSERT INTO `record` VALUES (18364, 489, 736, 0, '2019-05-17 16:02:45', '2019-05-17 16:02:45');
INSERT INTO `record` VALUES (18365, 490, 736, 0, '2019-05-17 16:02:45', '2019-05-17 16:02:45');
INSERT INTO `record` VALUES (18366, 491, 736, 0, '2019-05-17 16:02:45', '2019-05-17 16:02:45');
INSERT INTO `record` VALUES (18367, 492, 736, 0, '2019-05-17 16:02:45', '2019-05-17 16:02:45');
INSERT INTO `record` VALUES (18368, 493, 736, 0, '2019-05-17 16:02:45', '2019-05-17 16:02:45');
INSERT INTO `record` VALUES (18370, 0, 737, 1, '2019-05-17 16:02:45', '2019-05-18 12:50:32');
INSERT INTO `record` VALUES (18372, 422, 737, 0, '2019-05-17 16:02:45', '2019-05-17 16:02:45');
INSERT INTO `record` VALUES (18373, 425, 737, 1, '2019-05-17 16:02:45', '2019-05-18 10:58:23');
INSERT INTO `record` VALUES (18374, 430, 737, 0, '2019-05-17 16:02:45', '2019-05-17 16:02:45');
INSERT INTO `record` VALUES (18375, 433, 737, 0, '2019-05-17 16:02:45', '2019-05-17 16:02:45');
INSERT INTO `record` VALUES (18376, 440, 737, 0, '2019-05-17 16:02:45', '2019-05-17 16:02:45');
INSERT INTO `record` VALUES (18377, 443, 737, 0, '2019-05-17 16:02:45', '2019-05-17 16:02:45');
INSERT INTO `record` VALUES (18378, 445, 737, 0, '2019-05-17 16:02:45', '2019-05-17 16:02:45');
INSERT INTO `record` VALUES (18379, 446, 737, 0, '2019-05-17 16:02:45', '2019-05-17 16:02:45');
INSERT INTO `record` VALUES (18380, 447, 737, 0, '2019-05-17 16:02:45', '2019-05-17 16:02:45');
INSERT INTO `record` VALUES (18381, 448, 737, 0, '2019-05-17 16:02:45', '2019-05-17 16:02:45');
INSERT INTO `record` VALUES (18382, 449, 737, 0, '2019-05-17 16:02:45', '2019-05-17 16:02:45');
INSERT INTO `record` VALUES (18383, 450, 737, 0, '2019-05-17 16:02:45', '2019-05-17 16:02:45');
INSERT INTO `record` VALUES (18384, 451, 737, 0, '2019-05-17 16:02:45', '2019-05-17 16:02:45');
INSERT INTO `record` VALUES (18385, 452, 737, 0, '2019-05-17 16:02:45', '2019-05-17 16:02:45');
INSERT INTO `record` VALUES (18386, 453, 737, 0, '2019-05-17 16:02:45', '2019-05-17 16:02:45');
INSERT INTO `record` VALUES (18387, 454, 737, 0, '2019-05-17 16:02:45', '2019-05-17 16:02:45');
INSERT INTO `record` VALUES (18388, 455, 737, 0, '2019-05-17 16:02:45', '2019-05-17 16:02:45');
INSERT INTO `record` VALUES (18389, 456, 737, 0, '2019-05-17 16:02:45', '2019-05-17 16:02:45');
INSERT INTO `record` VALUES (18390, 457, 737, 0, '2019-05-17 16:02:45', '2019-05-17 16:02:45');
INSERT INTO `record` VALUES (18391, 458, 737, 0, '2019-05-17 16:02:45', '2019-05-17 16:02:45');
INSERT INTO `record` VALUES (18392, 459, 737, 0, '2019-05-17 16:02:45', '2019-05-17 16:02:45');
INSERT INTO `record` VALUES (18393, 460, 737, 0, '2019-05-17 16:02:45', '2019-05-17 16:02:45');
INSERT INTO `record` VALUES (18394, 463, 737, 0, '2019-05-17 16:02:45', '2019-05-17 16:02:45');
INSERT INTO `record` VALUES (18395, 464, 737, 0, '2019-05-17 16:02:45', '2019-05-17 16:02:45');
INSERT INTO `record` VALUES (18396, 465, 737, 0, '2019-05-17 16:02:45', '2019-05-17 16:02:45');
INSERT INTO `record` VALUES (18397, 466, 737, 0, '2019-05-17 16:02:45', '2019-05-17 16:02:45');
INSERT INTO `record` VALUES (18398, 467, 737, 0, '2019-05-17 16:02:45', '2019-05-17 16:02:45');
INSERT INTO `record` VALUES (18399, 468, 737, 0, '2019-05-17 16:02:45', '2019-05-17 16:02:45');
INSERT INTO `record` VALUES (18400, 469, 737, 0, '2019-05-17 16:02:45', '2019-05-17 16:02:45');
INSERT INTO `record` VALUES (18401, 470, 737, 0, '2019-05-17 16:02:45', '2019-05-17 16:02:45');
INSERT INTO `record` VALUES (18402, 471, 737, 0, '2019-05-17 16:02:45', '2019-05-17 16:02:45');
INSERT INTO `record` VALUES (18403, 473, 737, 0, '2019-05-17 16:02:45', '2019-05-17 16:02:45');
INSERT INTO `record` VALUES (18404, 474, 737, 0, '2019-05-17 16:02:45', '2019-05-17 16:02:45');
INSERT INTO `record` VALUES (18405, 475, 737, 0, '2019-05-17 16:02:45', '2019-05-17 16:02:45');
INSERT INTO `record` VALUES (18406, 476, 737, 0, '2019-05-17 16:02:45', '2019-05-17 16:02:45');
INSERT INTO `record` VALUES (18407, 477, 737, 0, '2019-05-17 16:02:45', '2019-05-17 16:02:45');
INSERT INTO `record` VALUES (18408, 478, 737, 0, '2019-05-17 16:02:45', '2019-05-17 16:02:45');
INSERT INTO `record` VALUES (18409, 479, 737, 0, '2019-05-17 16:02:45', '2019-05-17 16:02:45');
INSERT INTO `record` VALUES (18410, 480, 737, 0, '2019-05-17 16:02:45', '2019-05-17 16:02:45');
INSERT INTO `record` VALUES (18411, 481, 737, 0, '2019-05-17 16:02:45', '2019-05-17 16:02:45');
INSERT INTO `record` VALUES (18412, 482, 737, 0, '2019-05-17 16:02:45', '2019-05-17 16:02:45');
INSERT INTO `record` VALUES (18413, 483, 737, 0, '2019-05-17 16:02:45', '2019-05-17 16:02:45');
INSERT INTO `record` VALUES (18414, 484, 737, 0, '2019-05-17 16:02:45', '2019-05-17 16:02:45');
INSERT INTO `record` VALUES (18415, 485, 737, 0, '2019-05-17 16:02:45', '2019-05-17 16:02:45');
INSERT INTO `record` VALUES (18416, 486, 737, 0, '2019-05-17 16:02:45', '2019-05-17 16:02:45');
INSERT INTO `record` VALUES (18417, 487, 737, 0, '2019-05-17 16:02:45', '2019-05-17 16:02:45');
INSERT INTO `record` VALUES (18418, 488, 737, 0, '2019-05-17 16:02:45', '2019-05-17 16:02:45');
INSERT INTO `record` VALUES (18419, 489, 737, 0, '2019-05-17 16:02:45', '2019-05-17 16:02:45');
INSERT INTO `record` VALUES (18420, 490, 737, 0, '2019-05-17 16:02:45', '2019-05-17 16:02:45');
INSERT INTO `record` VALUES (18421, 491, 737, 0, '2019-05-17 16:02:45', '2019-05-17 16:02:45');
INSERT INTO `record` VALUES (18422, 492, 737, 0, '2019-05-17 16:02:45', '2019-05-17 16:02:45');
INSERT INTO `record` VALUES (18423, 493, 737, 0, '2019-05-17 16:02:45', '2019-05-17 16:02:45');
INSERT INTO `record` VALUES (18425, 0, 738, 1, '2019-05-17 16:02:45', '2019-05-18 12:50:32');
INSERT INTO `record` VALUES (18427, 422, 738, 0, '2019-05-17 16:02:45', '2019-05-17 16:02:45');
INSERT INTO `record` VALUES (18428, 425, 738, 1, '2019-05-17 16:02:45', '2019-05-18 10:58:23');
INSERT INTO `record` VALUES (18429, 430, 738, 0, '2019-05-17 16:02:45', '2019-05-17 16:02:45');
INSERT INTO `record` VALUES (18430, 433, 738, 0, '2019-05-17 16:02:45', '2019-05-17 16:02:45');
INSERT INTO `record` VALUES (18431, 440, 738, 0, '2019-05-17 16:02:45', '2019-05-17 16:02:45');
INSERT INTO `record` VALUES (18432, 443, 738, 0, '2019-05-17 16:02:45', '2019-05-17 16:02:45');
INSERT INTO `record` VALUES (18433, 445, 738, 0, '2019-05-17 16:02:45', '2019-05-17 16:02:45');
INSERT INTO `record` VALUES (18434, 446, 738, 0, '2019-05-17 16:02:45', '2019-05-17 16:02:45');
INSERT INTO `record` VALUES (18435, 447, 738, 0, '2019-05-17 16:02:45', '2019-05-17 16:02:45');
INSERT INTO `record` VALUES (18436, 448, 738, 0, '2019-05-17 16:02:45', '2019-05-17 16:02:45');
INSERT INTO `record` VALUES (18437, 449, 738, 0, '2019-05-17 16:02:45', '2019-05-17 16:02:45');
INSERT INTO `record` VALUES (18438, 450, 738, 0, '2019-05-17 16:02:45', '2019-05-17 16:02:45');
INSERT INTO `record` VALUES (18439, 451, 738, 0, '2019-05-17 16:02:45', '2019-05-17 16:02:45');
INSERT INTO `record` VALUES (18440, 452, 738, 0, '2019-05-17 16:02:45', '2019-05-17 16:02:45');
INSERT INTO `record` VALUES (18441, 453, 738, 0, '2019-05-17 16:02:45', '2019-05-17 16:02:45');
INSERT INTO `record` VALUES (18442, 454, 738, 0, '2019-05-17 16:02:45', '2019-05-17 16:02:45');
INSERT INTO `record` VALUES (18443, 455, 738, 0, '2019-05-17 16:02:45', '2019-05-17 16:02:45');
INSERT INTO `record` VALUES (18444, 456, 738, 0, '2019-05-17 16:02:45', '2019-05-17 16:02:45');
INSERT INTO `record` VALUES (18445, 457, 738, 0, '2019-05-17 16:02:45', '2019-05-17 16:02:45');
INSERT INTO `record` VALUES (18446, 458, 738, 0, '2019-05-17 16:02:45', '2019-05-17 16:02:45');
INSERT INTO `record` VALUES (18447, 459, 738, 0, '2019-05-17 16:02:45', '2019-05-17 16:02:45');
INSERT INTO `record` VALUES (18448, 460, 738, 0, '2019-05-17 16:02:45', '2019-05-17 16:02:45');
INSERT INTO `record` VALUES (18449, 463, 738, 0, '2019-05-17 16:02:45', '2019-05-17 16:02:45');
INSERT INTO `record` VALUES (18450, 464, 738, 0, '2019-05-17 16:02:45', '2019-05-17 16:02:45');
INSERT INTO `record` VALUES (18451, 465, 738, 0, '2019-05-17 16:02:45', '2019-05-17 16:02:45');
INSERT INTO `record` VALUES (18452, 466, 738, 0, '2019-05-17 16:02:45', '2019-05-17 16:02:45');
INSERT INTO `record` VALUES (18453, 467, 738, 0, '2019-05-17 16:02:45', '2019-05-17 16:02:45');
INSERT INTO `record` VALUES (18454, 468, 738, 0, '2019-05-17 16:02:45', '2019-05-17 16:02:45');
INSERT INTO `record` VALUES (18455, 469, 738, 0, '2019-05-17 16:02:45', '2019-05-17 16:02:45');
INSERT INTO `record` VALUES (18456, 470, 738, 0, '2019-05-17 16:02:45', '2019-05-17 16:02:45');
INSERT INTO `record` VALUES (18457, 471, 738, 0, '2019-05-17 16:02:45', '2019-05-17 16:02:45');
INSERT INTO `record` VALUES (18458, 473, 738, 0, '2019-05-17 16:02:45', '2019-05-17 16:02:45');
INSERT INTO `record` VALUES (18459, 474, 738, 0, '2019-05-17 16:02:45', '2019-05-17 16:02:45');
INSERT INTO `record` VALUES (18460, 475, 738, 0, '2019-05-17 16:02:45', '2019-05-17 16:02:45');
INSERT INTO `record` VALUES (18461, 476, 738, 0, '2019-05-17 16:02:45', '2019-05-17 16:02:45');
INSERT INTO `record` VALUES (18462, 477, 738, 0, '2019-05-17 16:02:45', '2019-05-17 16:02:45');
INSERT INTO `record` VALUES (18463, 478, 738, 0, '2019-05-17 16:02:45', '2019-05-17 16:02:45');
INSERT INTO `record` VALUES (18464, 479, 738, 0, '2019-05-17 16:02:45', '2019-05-17 16:02:45');
INSERT INTO `record` VALUES (18465, 480, 738, 0, '2019-05-17 16:02:45', '2019-05-17 16:02:45');
INSERT INTO `record` VALUES (18466, 481, 738, 0, '2019-05-17 16:02:45', '2019-05-17 16:02:45');
INSERT INTO `record` VALUES (18467, 482, 738, 0, '2019-05-17 16:02:45', '2019-05-17 16:02:45');
INSERT INTO `record` VALUES (18468, 483, 738, 0, '2019-05-17 16:02:45', '2019-05-17 16:02:45');
INSERT INTO `record` VALUES (18469, 484, 738, 0, '2019-05-17 16:02:45', '2019-05-17 16:02:45');
INSERT INTO `record` VALUES (18470, 485, 738, 0, '2019-05-17 16:02:45', '2019-05-17 16:02:45');
INSERT INTO `record` VALUES (18471, 486, 738, 0, '2019-05-17 16:02:45', '2019-05-17 16:02:45');
INSERT INTO `record` VALUES (18472, 487, 738, 0, '2019-05-17 16:02:45', '2019-05-17 16:02:45');
INSERT INTO `record` VALUES (18473, 488, 738, 0, '2019-05-17 16:02:45', '2019-05-17 16:02:45');
INSERT INTO `record` VALUES (18474, 489, 738, 0, '2019-05-17 16:02:45', '2019-05-17 16:02:45');
INSERT INTO `record` VALUES (18475, 490, 738, 0, '2019-05-17 16:02:45', '2019-05-17 16:02:45');
INSERT INTO `record` VALUES (18476, 491, 738, 0, '2019-05-17 16:02:45', '2019-05-17 16:02:45');
INSERT INTO `record` VALUES (18477, 492, 738, 0, '2019-05-17 16:02:45', '2019-05-17 16:02:45');
INSERT INTO `record` VALUES (18478, 493, 738, 0, '2019-05-17 16:02:45', '2019-05-17 16:02:45');
INSERT INTO `record` VALUES (18480, 0, 739, 1, '2019-05-17 16:02:45', '2019-05-18 12:50:32');
INSERT INTO `record` VALUES (18482, 422, 739, 0, '2019-05-17 16:02:45', '2019-05-17 16:02:45');
INSERT INTO `record` VALUES (18483, 425, 739, 1, '2019-05-17 16:02:45', '2019-05-18 10:58:23');
INSERT INTO `record` VALUES (18484, 430, 739, 0, '2019-05-17 16:02:45', '2019-05-17 16:02:45');
INSERT INTO `record` VALUES (18485, 433, 739, 0, '2019-05-17 16:02:45', '2019-05-17 16:02:45');
INSERT INTO `record` VALUES (18486, 440, 739, 0, '2019-05-17 16:02:45', '2019-05-17 16:02:45');
INSERT INTO `record` VALUES (18487, 443, 739, 0, '2019-05-17 16:02:45', '2019-05-17 16:02:45');
INSERT INTO `record` VALUES (18488, 445, 739, 0, '2019-05-17 16:02:45', '2019-05-17 16:02:45');
INSERT INTO `record` VALUES (18489, 446, 739, 0, '2019-05-17 16:02:45', '2019-05-17 16:02:45');
INSERT INTO `record` VALUES (18490, 447, 739, 0, '2019-05-17 16:02:45', '2019-05-17 16:02:45');
INSERT INTO `record` VALUES (18491, 448, 739, 0, '2019-05-17 16:02:45', '2019-05-17 16:02:45');
INSERT INTO `record` VALUES (18492, 449, 739, 0, '2019-05-17 16:02:45', '2019-05-17 16:02:45');
INSERT INTO `record` VALUES (18493, 450, 739, 0, '2019-05-17 16:02:45', '2019-05-17 16:02:45');
INSERT INTO `record` VALUES (18494, 451, 739, 0, '2019-05-17 16:02:45', '2019-05-17 16:02:45');
INSERT INTO `record` VALUES (18495, 452, 739, 0, '2019-05-17 16:02:45', '2019-05-17 16:02:45');
INSERT INTO `record` VALUES (18496, 453, 739, 0, '2019-05-17 16:02:45', '2019-05-17 16:02:45');
INSERT INTO `record` VALUES (18497, 454, 739, 0, '2019-05-17 16:02:45', '2019-05-17 16:02:45');
INSERT INTO `record` VALUES (18498, 455, 739, 0, '2019-05-17 16:02:45', '2019-05-17 16:02:45');
INSERT INTO `record` VALUES (18499, 456, 739, 0, '2019-05-17 16:02:45', '2019-05-17 16:02:45');
INSERT INTO `record` VALUES (18500, 457, 739, 0, '2019-05-17 16:02:45', '2019-05-17 16:02:45');
INSERT INTO `record` VALUES (18501, 458, 739, 0, '2019-05-17 16:02:45', '2019-05-17 16:02:45');
INSERT INTO `record` VALUES (18502, 459, 739, 0, '2019-05-17 16:02:45', '2019-05-17 16:02:45');
INSERT INTO `record` VALUES (18503, 460, 739, 0, '2019-05-17 16:02:45', '2019-05-17 16:02:45');
INSERT INTO `record` VALUES (18504, 463, 739, 0, '2019-05-17 16:02:45', '2019-05-17 16:02:45');
INSERT INTO `record` VALUES (18505, 464, 739, 0, '2019-05-17 16:02:45', '2019-05-17 16:02:45');
INSERT INTO `record` VALUES (18506, 465, 739, 0, '2019-05-17 16:02:45', '2019-05-17 16:02:45');
INSERT INTO `record` VALUES (18507, 466, 739, 0, '2019-05-17 16:02:45', '2019-05-17 16:02:45');
INSERT INTO `record` VALUES (18508, 467, 739, 0, '2019-05-17 16:02:45', '2019-05-17 16:02:45');
INSERT INTO `record` VALUES (18509, 468, 739, 0, '2019-05-17 16:02:45', '2019-05-17 16:02:45');
INSERT INTO `record` VALUES (18510, 469, 739, 0, '2019-05-17 16:02:45', '2019-05-17 16:02:45');
INSERT INTO `record` VALUES (18511, 470, 739, 0, '2019-05-17 16:02:45', '2019-05-17 16:02:45');
INSERT INTO `record` VALUES (18512, 471, 739, 0, '2019-05-17 16:02:45', '2019-05-17 16:02:45');
INSERT INTO `record` VALUES (18513, 473, 739, 0, '2019-05-17 16:02:45', '2019-05-17 16:02:45');
INSERT INTO `record` VALUES (18514, 474, 739, 0, '2019-05-17 16:02:45', '2019-05-17 16:02:45');
INSERT INTO `record` VALUES (18515, 475, 739, 0, '2019-05-17 16:02:45', '2019-05-17 16:02:45');
INSERT INTO `record` VALUES (18516, 476, 739, 0, '2019-05-17 16:02:45', '2019-05-17 16:02:45');
INSERT INTO `record` VALUES (18517, 477, 739, 0, '2019-05-17 16:02:45', '2019-05-17 16:02:45');
INSERT INTO `record` VALUES (18518, 478, 739, 0, '2019-05-17 16:02:45', '2019-05-17 16:02:45');
INSERT INTO `record` VALUES (18519, 479, 739, 0, '2019-05-17 16:02:45', '2019-05-17 16:02:45');
INSERT INTO `record` VALUES (18520, 480, 739, 0, '2019-05-17 16:02:45', '2019-05-17 16:02:45');
INSERT INTO `record` VALUES (18521, 481, 739, 0, '2019-05-17 16:02:45', '2019-05-17 16:02:45');
INSERT INTO `record` VALUES (18522, 482, 739, 0, '2019-05-17 16:02:45', '2019-05-17 16:02:45');
INSERT INTO `record` VALUES (18523, 483, 739, 0, '2019-05-17 16:02:45', '2019-05-17 16:02:45');
INSERT INTO `record` VALUES (18524, 484, 739, 0, '2019-05-17 16:02:45', '2019-05-17 16:02:45');
INSERT INTO `record` VALUES (18525, 485, 739, 0, '2019-05-17 16:02:45', '2019-05-17 16:02:45');
INSERT INTO `record` VALUES (18526, 486, 739, 0, '2019-05-17 16:02:45', '2019-05-17 16:02:45');
INSERT INTO `record` VALUES (18527, 487, 739, 0, '2019-05-17 16:02:45', '2019-05-17 16:02:45');
INSERT INTO `record` VALUES (18528, 488, 739, 0, '2019-05-17 16:02:45', '2019-05-17 16:02:45');
INSERT INTO `record` VALUES (18529, 489, 739, 0, '2019-05-17 16:02:45', '2019-05-17 16:02:45');
INSERT INTO `record` VALUES (18530, 490, 739, 0, '2019-05-17 16:02:45', '2019-05-17 16:02:45');
INSERT INTO `record` VALUES (18531, 491, 739, 0, '2019-05-17 16:02:45', '2019-05-17 16:02:45');
INSERT INTO `record` VALUES (18532, 492, 739, 0, '2019-05-17 16:02:45', '2019-05-17 16:02:45');
INSERT INTO `record` VALUES (18533, 493, 739, 0, '2019-05-17 16:02:45', '2019-05-17 16:02:45');
INSERT INTO `record` VALUES (18535, 0, 740, 1, '2019-05-17 16:02:46', '2019-05-18 12:50:32');
INSERT INTO `record` VALUES (18537, 422, 740, 0, '2019-05-17 16:02:46', '2019-05-17 16:02:46');
INSERT INTO `record` VALUES (18538, 425, 740, 1, '2019-05-17 16:02:46', '2019-05-18 10:58:23');
INSERT INTO `record` VALUES (18539, 430, 740, 0, '2019-05-17 16:02:46', '2019-05-17 16:02:46');
INSERT INTO `record` VALUES (18540, 433, 740, 0, '2019-05-17 16:02:46', '2019-05-17 16:02:46');
INSERT INTO `record` VALUES (18541, 440, 740, 0, '2019-05-17 16:02:46', '2019-05-17 16:02:46');
INSERT INTO `record` VALUES (18542, 443, 740, 0, '2019-05-17 16:02:46', '2019-05-17 16:02:46');
INSERT INTO `record` VALUES (18543, 445, 740, 0, '2019-05-17 16:02:46', '2019-05-17 16:02:46');
INSERT INTO `record` VALUES (18544, 446, 740, 0, '2019-05-17 16:02:46', '2019-05-17 16:02:46');
INSERT INTO `record` VALUES (18545, 447, 740, 0, '2019-05-17 16:02:46', '2019-05-17 16:02:46');
INSERT INTO `record` VALUES (18546, 448, 740, 0, '2019-05-17 16:02:46', '2019-05-17 16:02:46');
INSERT INTO `record` VALUES (18547, 449, 740, 0, '2019-05-17 16:02:46', '2019-05-17 16:02:46');
INSERT INTO `record` VALUES (18548, 450, 740, 0, '2019-05-17 16:02:46', '2019-05-17 16:02:46');
INSERT INTO `record` VALUES (18549, 451, 740, 0, '2019-05-17 16:02:46', '2019-05-17 16:02:46');
INSERT INTO `record` VALUES (18550, 452, 740, 0, '2019-05-17 16:02:46', '2019-05-17 16:02:46');
INSERT INTO `record` VALUES (18551, 453, 740, 0, '2019-05-17 16:02:46', '2019-05-17 16:02:46');
INSERT INTO `record` VALUES (18552, 454, 740, 0, '2019-05-17 16:02:46', '2019-05-17 16:02:46');
INSERT INTO `record` VALUES (18553, 455, 740, 0, '2019-05-17 16:02:46', '2019-05-17 16:02:46');
INSERT INTO `record` VALUES (18554, 456, 740, 0, '2019-05-17 16:02:46', '2019-05-17 16:02:46');
INSERT INTO `record` VALUES (18555, 457, 740, 0, '2019-05-17 16:02:46', '2019-05-17 16:02:46');
INSERT INTO `record` VALUES (18556, 458, 740, 0, '2019-05-17 16:02:46', '2019-05-17 16:02:46');
INSERT INTO `record` VALUES (18557, 459, 740, 0, '2019-05-17 16:02:46', '2019-05-17 16:02:46');
INSERT INTO `record` VALUES (18558, 460, 740, 0, '2019-05-17 16:02:46', '2019-05-17 16:02:46');
INSERT INTO `record` VALUES (18559, 463, 740, 0, '2019-05-17 16:02:46', '2019-05-17 16:02:46');
INSERT INTO `record` VALUES (18560, 464, 740, 0, '2019-05-17 16:02:46', '2019-05-17 16:02:46');
INSERT INTO `record` VALUES (18561, 465, 740, 0, '2019-05-17 16:02:46', '2019-05-17 16:02:46');
INSERT INTO `record` VALUES (18562, 466, 740, 0, '2019-05-17 16:02:46', '2019-05-17 16:02:46');
INSERT INTO `record` VALUES (18563, 467, 740, 0, '2019-05-17 16:02:46', '2019-05-17 16:02:46');
INSERT INTO `record` VALUES (18564, 468, 740, 0, '2019-05-17 16:02:46', '2019-05-17 16:02:46');
INSERT INTO `record` VALUES (18565, 469, 740, 0, '2019-05-17 16:02:46', '2019-05-17 16:02:46');
INSERT INTO `record` VALUES (18566, 470, 740, 0, '2019-05-17 16:02:46', '2019-05-17 16:02:46');
INSERT INTO `record` VALUES (18567, 471, 740, 0, '2019-05-17 16:02:46', '2019-05-17 16:02:46');
INSERT INTO `record` VALUES (18568, 473, 740, 0, '2019-05-17 16:02:46', '2019-05-17 16:02:46');
INSERT INTO `record` VALUES (18569, 474, 740, 0, '2019-05-17 16:02:46', '2019-05-17 16:02:46');
INSERT INTO `record` VALUES (18570, 475, 740, 0, '2019-05-17 16:02:46', '2019-05-17 16:02:46');
INSERT INTO `record` VALUES (18571, 476, 740, 0, '2019-05-17 16:02:46', '2019-05-17 16:02:46');
INSERT INTO `record` VALUES (18572, 477, 740, 0, '2019-05-17 16:02:46', '2019-05-17 16:02:46');
INSERT INTO `record` VALUES (18573, 478, 740, 0, '2019-05-17 16:02:46', '2019-05-17 16:02:46');
INSERT INTO `record` VALUES (18574, 479, 740, 0, '2019-05-17 16:02:46', '2019-05-17 16:02:46');
INSERT INTO `record` VALUES (18575, 480, 740, 0, '2019-05-17 16:02:46', '2019-05-17 16:02:46');
INSERT INTO `record` VALUES (18576, 481, 740, 0, '2019-05-17 16:02:46', '2019-05-17 16:02:46');
INSERT INTO `record` VALUES (18577, 482, 740, 0, '2019-05-17 16:02:46', '2019-05-17 16:02:46');
INSERT INTO `record` VALUES (18578, 483, 740, 0, '2019-05-17 16:02:46', '2019-05-17 16:02:46');
INSERT INTO `record` VALUES (18579, 484, 740, 0, '2019-05-17 16:02:46', '2019-05-17 16:02:46');
INSERT INTO `record` VALUES (18580, 485, 740, 0, '2019-05-17 16:02:46', '2019-05-17 16:02:46');
INSERT INTO `record` VALUES (18581, 486, 740, 0, '2019-05-17 16:02:46', '2019-05-17 16:02:46');
INSERT INTO `record` VALUES (18582, 487, 740, 0, '2019-05-17 16:02:46', '2019-05-17 16:02:46');
INSERT INTO `record` VALUES (18583, 488, 740, 0, '2019-05-17 16:02:46', '2019-05-17 16:02:46');
INSERT INTO `record` VALUES (18584, 489, 740, 0, '2019-05-17 16:02:46', '2019-05-17 16:02:46');
INSERT INTO `record` VALUES (18585, 490, 740, 0, '2019-05-17 16:02:46', '2019-05-17 16:02:46');
INSERT INTO `record` VALUES (18586, 491, 740, 0, '2019-05-17 16:02:46', '2019-05-17 16:02:46');
INSERT INTO `record` VALUES (18587, 492, 740, 0, '2019-05-17 16:02:46', '2019-05-17 16:02:46');
INSERT INTO `record` VALUES (18588, 493, 740, 0, '2019-05-17 16:02:46', '2019-05-17 16:02:46');
INSERT INTO `record` VALUES (18590, 0, 741, 1, '2019-05-17 16:02:48', '2019-05-18 12:50:32');
INSERT INTO `record` VALUES (18592, 422, 741, 0, '2019-05-17 16:02:48', '2019-05-17 16:02:48');
INSERT INTO `record` VALUES (18593, 425, 741, 1, '2019-05-17 16:02:48', '2019-05-18 10:58:23');
INSERT INTO `record` VALUES (18594, 430, 741, 0, '2019-05-17 16:02:48', '2019-05-17 16:02:48');
INSERT INTO `record` VALUES (18595, 433, 741, 0, '2019-05-17 16:02:48', '2019-05-17 16:02:48');
INSERT INTO `record` VALUES (18596, 440, 741, 0, '2019-05-17 16:02:48', '2019-05-17 16:02:48');
INSERT INTO `record` VALUES (18597, 443, 741, 0, '2019-05-17 16:02:48', '2019-05-17 16:02:48');
INSERT INTO `record` VALUES (18598, 445, 741, 0, '2019-05-17 16:02:48', '2019-05-17 16:02:48');
INSERT INTO `record` VALUES (18599, 446, 741, 0, '2019-05-17 16:02:48', '2019-05-17 16:02:48');
INSERT INTO `record` VALUES (18600, 447, 741, 0, '2019-05-17 16:02:48', '2019-05-17 16:02:48');
INSERT INTO `record` VALUES (18601, 448, 741, 0, '2019-05-17 16:02:48', '2019-05-17 16:02:48');
INSERT INTO `record` VALUES (18602, 449, 741, 0, '2019-05-17 16:02:48', '2019-05-17 16:02:48');
INSERT INTO `record` VALUES (18603, 450, 741, 0, '2019-05-17 16:02:48', '2019-05-17 16:02:48');
INSERT INTO `record` VALUES (18604, 451, 741, 0, '2019-05-17 16:02:48', '2019-05-17 16:02:48');
INSERT INTO `record` VALUES (18605, 452, 741, 0, '2019-05-17 16:02:48', '2019-05-17 16:02:48');
INSERT INTO `record` VALUES (18606, 453, 741, 0, '2019-05-17 16:02:48', '2019-05-17 16:02:48');
INSERT INTO `record` VALUES (18607, 454, 741, 0, '2019-05-17 16:02:48', '2019-05-17 16:02:48');
INSERT INTO `record` VALUES (18608, 455, 741, 0, '2019-05-17 16:02:48', '2019-05-17 16:02:48');
INSERT INTO `record` VALUES (18609, 456, 741, 0, '2019-05-17 16:02:48', '2019-05-17 16:02:48');
INSERT INTO `record` VALUES (18610, 457, 741, 0, '2019-05-17 16:02:48', '2019-05-17 16:02:48');
INSERT INTO `record` VALUES (18611, 458, 741, 0, '2019-05-17 16:02:48', '2019-05-17 16:02:48');
INSERT INTO `record` VALUES (18612, 459, 741, 0, '2019-05-17 16:02:48', '2019-05-17 16:02:48');
INSERT INTO `record` VALUES (18613, 460, 741, 0, '2019-05-17 16:02:48', '2019-05-17 16:02:48');
INSERT INTO `record` VALUES (18614, 463, 741, 0, '2019-05-17 16:02:48', '2019-05-17 16:02:48');
INSERT INTO `record` VALUES (18615, 464, 741, 0, '2019-05-17 16:02:48', '2019-05-17 16:02:48');
INSERT INTO `record` VALUES (18616, 465, 741, 0, '2019-05-17 16:02:48', '2019-05-17 16:02:48');
INSERT INTO `record` VALUES (18617, 466, 741, 0, '2019-05-17 16:02:48', '2019-05-17 16:02:48');
INSERT INTO `record` VALUES (18618, 467, 741, 0, '2019-05-17 16:02:48', '2019-05-17 16:02:48');
INSERT INTO `record` VALUES (18619, 468, 741, 0, '2019-05-17 16:02:48', '2019-05-17 16:02:48');
INSERT INTO `record` VALUES (18620, 469, 741, 0, '2019-05-17 16:02:48', '2019-05-17 16:02:48');
INSERT INTO `record` VALUES (18621, 470, 741, 0, '2019-05-17 16:02:48', '2019-05-17 16:02:48');
INSERT INTO `record` VALUES (18622, 471, 741, 0, '2019-05-17 16:02:48', '2019-05-17 16:02:48');
INSERT INTO `record` VALUES (18623, 473, 741, 0, '2019-05-17 16:02:48', '2019-05-17 16:02:48');
INSERT INTO `record` VALUES (18624, 474, 741, 0, '2019-05-17 16:02:48', '2019-05-17 16:02:48');
INSERT INTO `record` VALUES (18625, 475, 741, 0, '2019-05-17 16:02:48', '2019-05-17 16:02:48');
INSERT INTO `record` VALUES (18626, 476, 741, 0, '2019-05-17 16:02:48', '2019-05-17 16:02:48');
INSERT INTO `record` VALUES (18627, 477, 741, 0, '2019-05-17 16:02:48', '2019-05-17 16:02:48');
INSERT INTO `record` VALUES (18628, 478, 741, 0, '2019-05-17 16:02:48', '2019-05-17 16:02:48');
INSERT INTO `record` VALUES (18629, 479, 741, 0, '2019-05-17 16:02:48', '2019-05-17 16:02:48');
INSERT INTO `record` VALUES (18630, 480, 741, 0, '2019-05-17 16:02:48', '2019-05-17 16:02:48');
INSERT INTO `record` VALUES (18631, 481, 741, 0, '2019-05-17 16:02:48', '2019-05-17 16:02:48');
INSERT INTO `record` VALUES (18632, 482, 741, 0, '2019-05-17 16:02:48', '2019-05-17 16:02:48');
INSERT INTO `record` VALUES (18633, 483, 741, 0, '2019-05-17 16:02:48', '2019-05-17 16:02:48');
INSERT INTO `record` VALUES (18634, 484, 741, 0, '2019-05-17 16:02:48', '2019-05-17 16:02:48');
INSERT INTO `record` VALUES (18635, 485, 741, 0, '2019-05-17 16:02:48', '2019-05-17 16:02:48');
INSERT INTO `record` VALUES (18636, 486, 741, 0, '2019-05-17 16:02:48', '2019-05-17 16:02:48');
INSERT INTO `record` VALUES (18637, 487, 741, 0, '2019-05-17 16:02:48', '2019-05-17 16:02:48');
INSERT INTO `record` VALUES (18638, 488, 741, 0, '2019-05-17 16:02:48', '2019-05-17 16:02:48');
INSERT INTO `record` VALUES (18639, 489, 741, 0, '2019-05-17 16:02:48', '2019-05-17 16:02:48');
INSERT INTO `record` VALUES (18640, 490, 741, 0, '2019-05-17 16:02:48', '2019-05-17 16:02:48');
INSERT INTO `record` VALUES (18641, 491, 741, 0, '2019-05-17 16:02:48', '2019-05-17 16:02:48');
INSERT INTO `record` VALUES (18642, 492, 741, 0, '2019-05-17 16:02:48', '2019-05-17 16:02:48');
INSERT INTO `record` VALUES (18643, 493, 741, 0, '2019-05-17 16:02:48', '2019-05-17 16:02:48');
INSERT INTO `record` VALUES (18645, 0, 742, 1, '2019-05-17 16:02:49', '2019-05-18 12:50:32');
INSERT INTO `record` VALUES (18647, 422, 742, 0, '2019-05-17 16:02:49', '2019-05-17 16:02:49');
INSERT INTO `record` VALUES (18648, 425, 742, 1, '2019-05-17 16:02:49', '2019-05-18 10:58:23');
INSERT INTO `record` VALUES (18649, 430, 742, 0, '2019-05-17 16:02:49', '2019-05-17 16:02:49');
INSERT INTO `record` VALUES (18650, 433, 742, 0, '2019-05-17 16:02:49', '2019-05-17 16:02:49');
INSERT INTO `record` VALUES (18651, 440, 742, 0, '2019-05-17 16:02:49', '2019-05-17 16:02:49');
INSERT INTO `record` VALUES (18652, 443, 742, 0, '2019-05-17 16:02:49', '2019-05-17 16:02:49');
INSERT INTO `record` VALUES (18653, 445, 742, 0, '2019-05-17 16:02:49', '2019-05-17 16:02:49');
INSERT INTO `record` VALUES (18654, 446, 742, 0, '2019-05-17 16:02:49', '2019-05-17 16:02:49');
INSERT INTO `record` VALUES (18655, 447, 742, 0, '2019-05-17 16:02:49', '2019-05-17 16:02:49');
INSERT INTO `record` VALUES (18656, 448, 742, 0, '2019-05-17 16:02:49', '2019-05-17 16:02:49');
INSERT INTO `record` VALUES (18657, 449, 742, 0, '2019-05-17 16:02:49', '2019-05-17 16:02:49');
INSERT INTO `record` VALUES (18658, 450, 742, 0, '2019-05-17 16:02:49', '2019-05-17 16:02:49');
INSERT INTO `record` VALUES (18659, 451, 742, 0, '2019-05-17 16:02:49', '2019-05-17 16:02:49');
INSERT INTO `record` VALUES (18660, 452, 742, 0, '2019-05-17 16:02:49', '2019-05-17 16:02:49');
INSERT INTO `record` VALUES (18661, 453, 742, 0, '2019-05-17 16:02:49', '2019-05-17 16:02:49');
INSERT INTO `record` VALUES (18662, 454, 742, 0, '2019-05-17 16:02:49', '2019-05-17 16:02:49');
INSERT INTO `record` VALUES (18663, 455, 742, 0, '2019-05-17 16:02:49', '2019-05-17 16:02:49');
INSERT INTO `record` VALUES (18664, 456, 742, 0, '2019-05-17 16:02:49', '2019-05-17 16:02:49');
INSERT INTO `record` VALUES (18665, 457, 742, 0, '2019-05-17 16:02:49', '2019-05-17 16:02:49');
INSERT INTO `record` VALUES (18666, 458, 742, 0, '2019-05-17 16:02:49', '2019-05-17 16:02:49');
INSERT INTO `record` VALUES (18667, 459, 742, 0, '2019-05-17 16:02:49', '2019-05-17 16:02:49');
INSERT INTO `record` VALUES (18668, 460, 742, 0, '2019-05-17 16:02:49', '2019-05-17 16:02:49');
INSERT INTO `record` VALUES (18669, 463, 742, 0, '2019-05-17 16:02:49', '2019-05-17 16:02:49');
INSERT INTO `record` VALUES (18670, 464, 742, 0, '2019-05-17 16:02:49', '2019-05-17 16:02:49');
INSERT INTO `record` VALUES (18671, 465, 742, 0, '2019-05-17 16:02:49', '2019-05-17 16:02:49');
INSERT INTO `record` VALUES (18672, 466, 742, 0, '2019-05-17 16:02:49', '2019-05-17 16:02:49');
INSERT INTO `record` VALUES (18673, 467, 742, 0, '2019-05-17 16:02:49', '2019-05-17 16:02:49');
INSERT INTO `record` VALUES (18674, 468, 742, 0, '2019-05-17 16:02:49', '2019-05-17 16:02:49');
INSERT INTO `record` VALUES (18675, 469, 742, 0, '2019-05-17 16:02:49', '2019-05-17 16:02:49');
INSERT INTO `record` VALUES (18676, 470, 742, 0, '2019-05-17 16:02:49', '2019-05-17 16:02:49');
INSERT INTO `record` VALUES (18677, 471, 742, 0, '2019-05-17 16:02:49', '2019-05-17 16:02:49');
INSERT INTO `record` VALUES (18678, 473, 742, 0, '2019-05-17 16:02:49', '2019-05-17 16:02:49');
INSERT INTO `record` VALUES (18679, 474, 742, 0, '2019-05-17 16:02:49', '2019-05-17 16:02:49');
INSERT INTO `record` VALUES (18680, 475, 742, 0, '2019-05-17 16:02:49', '2019-05-17 16:02:49');
INSERT INTO `record` VALUES (18681, 476, 742, 0, '2019-05-17 16:02:49', '2019-05-17 16:02:49');
INSERT INTO `record` VALUES (18682, 477, 742, 0, '2019-05-17 16:02:49', '2019-05-17 16:02:49');
INSERT INTO `record` VALUES (18683, 478, 742, 0, '2019-05-17 16:02:49', '2019-05-17 16:02:49');
INSERT INTO `record` VALUES (18684, 479, 742, 0, '2019-05-17 16:02:49', '2019-05-17 16:02:49');
INSERT INTO `record` VALUES (18685, 480, 742, 0, '2019-05-17 16:02:49', '2019-05-17 16:02:49');
INSERT INTO `record` VALUES (18686, 481, 742, 0, '2019-05-17 16:02:49', '2019-05-17 16:02:49');
INSERT INTO `record` VALUES (18687, 482, 742, 0, '2019-05-17 16:02:49', '2019-05-17 16:02:49');
INSERT INTO `record` VALUES (18688, 483, 742, 0, '2019-05-17 16:02:49', '2019-05-17 16:02:49');
INSERT INTO `record` VALUES (18689, 484, 742, 0, '2019-05-17 16:02:49', '2019-05-17 16:02:49');
INSERT INTO `record` VALUES (18690, 485, 742, 0, '2019-05-17 16:02:49', '2019-05-17 16:02:49');
INSERT INTO `record` VALUES (18691, 486, 742, 0, '2019-05-17 16:02:49', '2019-05-17 16:02:49');
INSERT INTO `record` VALUES (18692, 487, 742, 0, '2019-05-17 16:02:49', '2019-05-17 16:02:49');
INSERT INTO `record` VALUES (18693, 488, 742, 0, '2019-05-17 16:02:49', '2019-05-17 16:02:49');
INSERT INTO `record` VALUES (18694, 489, 742, 0, '2019-05-17 16:02:49', '2019-05-17 16:02:49');
INSERT INTO `record` VALUES (18695, 490, 742, 0, '2019-05-17 16:02:49', '2019-05-17 16:02:49');
INSERT INTO `record` VALUES (18696, 491, 742, 0, '2019-05-17 16:02:49', '2019-05-17 16:02:49');
INSERT INTO `record` VALUES (18697, 492, 742, 0, '2019-05-17 16:02:49', '2019-05-17 16:02:49');
INSERT INTO `record` VALUES (18698, 493, 742, 0, '2019-05-17 16:02:49', '2019-05-17 16:02:49');
INSERT INTO `record` VALUES (18700, 0, 743, 1, '2019-05-17 16:02:49', '2019-05-18 12:50:32');
INSERT INTO `record` VALUES (18702, 422, 743, 0, '2019-05-17 16:02:49', '2019-05-17 16:02:49');
INSERT INTO `record` VALUES (18703, 425, 743, 1, '2019-05-17 16:02:49', '2019-05-18 10:58:23');
INSERT INTO `record` VALUES (18704, 430, 743, 0, '2019-05-17 16:02:49', '2019-05-17 16:02:49');
INSERT INTO `record` VALUES (18705, 433, 743, 0, '2019-05-17 16:02:49', '2019-05-17 16:02:49');
INSERT INTO `record` VALUES (18706, 440, 743, 0, '2019-05-17 16:02:49', '2019-05-17 16:02:49');
INSERT INTO `record` VALUES (18707, 443, 743, 0, '2019-05-17 16:02:49', '2019-05-17 16:02:49');
INSERT INTO `record` VALUES (18708, 445, 743, 0, '2019-05-17 16:02:49', '2019-05-17 16:02:49');
INSERT INTO `record` VALUES (18709, 446, 743, 0, '2019-05-17 16:02:49', '2019-05-17 16:02:49');
INSERT INTO `record` VALUES (18710, 447, 743, 0, '2019-05-17 16:02:49', '2019-05-17 16:02:49');
INSERT INTO `record` VALUES (18711, 448, 743, 0, '2019-05-17 16:02:49', '2019-05-17 16:02:49');
INSERT INTO `record` VALUES (18712, 449, 743, 0, '2019-05-17 16:02:49', '2019-05-17 16:02:49');
INSERT INTO `record` VALUES (18713, 450, 743, 0, '2019-05-17 16:02:49', '2019-05-17 16:02:49');
INSERT INTO `record` VALUES (18714, 451, 743, 0, '2019-05-17 16:02:49', '2019-05-17 16:02:49');
INSERT INTO `record` VALUES (18715, 452, 743, 0, '2019-05-17 16:02:49', '2019-05-17 16:02:49');
INSERT INTO `record` VALUES (18716, 453, 743, 0, '2019-05-17 16:02:49', '2019-05-17 16:02:49');
INSERT INTO `record` VALUES (18717, 454, 743, 0, '2019-05-17 16:02:49', '2019-05-17 16:02:49');
INSERT INTO `record` VALUES (18718, 455, 743, 0, '2019-05-17 16:02:49', '2019-05-17 16:02:49');
INSERT INTO `record` VALUES (18719, 456, 743, 0, '2019-05-17 16:02:49', '2019-05-17 16:02:49');
INSERT INTO `record` VALUES (18720, 457, 743, 0, '2019-05-17 16:02:49', '2019-05-17 16:02:49');
INSERT INTO `record` VALUES (18721, 458, 743, 0, '2019-05-17 16:02:49', '2019-05-17 16:02:49');
INSERT INTO `record` VALUES (18722, 459, 743, 0, '2019-05-17 16:02:49', '2019-05-17 16:02:49');
INSERT INTO `record` VALUES (18723, 460, 743, 0, '2019-05-17 16:02:49', '2019-05-17 16:02:49');
INSERT INTO `record` VALUES (18724, 463, 743, 0, '2019-05-17 16:02:49', '2019-05-17 16:02:49');
INSERT INTO `record` VALUES (18725, 464, 743, 0, '2019-05-17 16:02:49', '2019-05-17 16:02:49');
INSERT INTO `record` VALUES (18726, 465, 743, 0, '2019-05-17 16:02:49', '2019-05-17 16:02:49');
INSERT INTO `record` VALUES (18727, 466, 743, 0, '2019-05-17 16:02:49', '2019-05-17 16:02:49');
INSERT INTO `record` VALUES (18728, 467, 743, 0, '2019-05-17 16:02:49', '2019-05-17 16:02:49');
INSERT INTO `record` VALUES (18729, 468, 743, 0, '2019-05-17 16:02:49', '2019-05-17 16:02:49');
INSERT INTO `record` VALUES (18730, 469, 743, 0, '2019-05-17 16:02:49', '2019-05-17 16:02:49');
INSERT INTO `record` VALUES (18731, 470, 743, 0, '2019-05-17 16:02:49', '2019-05-17 16:02:49');
INSERT INTO `record` VALUES (18732, 471, 743, 0, '2019-05-17 16:02:49', '2019-05-17 16:02:49');
INSERT INTO `record` VALUES (18733, 473, 743, 0, '2019-05-17 16:02:49', '2019-05-17 16:02:49');
INSERT INTO `record` VALUES (18734, 474, 743, 0, '2019-05-17 16:02:49', '2019-05-17 16:02:49');
INSERT INTO `record` VALUES (18735, 475, 743, 0, '2019-05-17 16:02:49', '2019-05-17 16:02:49');
INSERT INTO `record` VALUES (18736, 476, 743, 0, '2019-05-17 16:02:49', '2019-05-17 16:02:49');
INSERT INTO `record` VALUES (18737, 477, 743, 0, '2019-05-17 16:02:49', '2019-05-17 16:02:49');
INSERT INTO `record` VALUES (18738, 478, 743, 0, '2019-05-17 16:02:49', '2019-05-17 16:02:49');
INSERT INTO `record` VALUES (18739, 479, 743, 0, '2019-05-17 16:02:49', '2019-05-17 16:02:49');
INSERT INTO `record` VALUES (18740, 480, 743, 0, '2019-05-17 16:02:49', '2019-05-17 16:02:49');
INSERT INTO `record` VALUES (18741, 481, 743, 0, '2019-05-17 16:02:49', '2019-05-17 16:02:49');
INSERT INTO `record` VALUES (18742, 482, 743, 0, '2019-05-17 16:02:49', '2019-05-17 16:02:49');
INSERT INTO `record` VALUES (18743, 483, 743, 0, '2019-05-17 16:02:49', '2019-05-17 16:02:49');
INSERT INTO `record` VALUES (18744, 484, 743, 0, '2019-05-17 16:02:49', '2019-05-17 16:02:49');
INSERT INTO `record` VALUES (18745, 485, 743, 0, '2019-05-17 16:02:49', '2019-05-17 16:02:49');
INSERT INTO `record` VALUES (18746, 486, 743, 0, '2019-05-17 16:02:49', '2019-05-17 16:02:49');
INSERT INTO `record` VALUES (18747, 487, 743, 0, '2019-05-17 16:02:49', '2019-05-17 16:02:49');
INSERT INTO `record` VALUES (18748, 488, 743, 0, '2019-05-17 16:02:49', '2019-05-17 16:02:49');
INSERT INTO `record` VALUES (18749, 489, 743, 0, '2019-05-17 16:02:49', '2019-05-17 16:02:49');
INSERT INTO `record` VALUES (18750, 490, 743, 0, '2019-05-17 16:02:49', '2019-05-17 16:02:49');
INSERT INTO `record` VALUES (18751, 491, 743, 0, '2019-05-17 16:02:49', '2019-05-17 16:02:49');
INSERT INTO `record` VALUES (18752, 492, 743, 0, '2019-05-17 16:02:49', '2019-05-17 16:02:49');
INSERT INTO `record` VALUES (18753, 493, 743, 0, '2019-05-17 16:02:49', '2019-05-17 16:02:49');
INSERT INTO `record` VALUES (18755, 0, 744, 1, '2019-05-17 16:02:50', '2019-05-18 12:50:32');
INSERT INTO `record` VALUES (18757, 422, 744, 0, '2019-05-17 16:02:50', '2019-05-17 16:02:50');
INSERT INTO `record` VALUES (18758, 425, 744, 1, '2019-05-17 16:02:50', '2019-05-18 10:58:23');
INSERT INTO `record` VALUES (18759, 430, 744, 0, '2019-05-17 16:02:50', '2019-05-17 16:02:50');
INSERT INTO `record` VALUES (18760, 433, 744, 0, '2019-05-17 16:02:50', '2019-05-17 16:02:50');
INSERT INTO `record` VALUES (18761, 440, 744, 0, '2019-05-17 16:02:50', '2019-05-17 16:02:50');
INSERT INTO `record` VALUES (18762, 443, 744, 0, '2019-05-17 16:02:50', '2019-05-17 16:02:50');
INSERT INTO `record` VALUES (18763, 445, 744, 0, '2019-05-17 16:02:50', '2019-05-17 16:02:50');
INSERT INTO `record` VALUES (18764, 446, 744, 0, '2019-05-17 16:02:50', '2019-05-17 16:02:50');
INSERT INTO `record` VALUES (18765, 447, 744, 0, '2019-05-17 16:02:50', '2019-05-17 16:02:50');
INSERT INTO `record` VALUES (18766, 448, 744, 0, '2019-05-17 16:02:50', '2019-05-17 16:02:50');
INSERT INTO `record` VALUES (18767, 449, 744, 0, '2019-05-17 16:02:50', '2019-05-17 16:02:50');
INSERT INTO `record` VALUES (18768, 450, 744, 0, '2019-05-17 16:02:50', '2019-05-17 16:02:50');
INSERT INTO `record` VALUES (18769, 451, 744, 0, '2019-05-17 16:02:50', '2019-05-17 16:02:50');
INSERT INTO `record` VALUES (18770, 452, 744, 0, '2019-05-17 16:02:50', '2019-05-17 16:02:50');
INSERT INTO `record` VALUES (18771, 453, 744, 0, '2019-05-17 16:02:50', '2019-05-17 16:02:50');
INSERT INTO `record` VALUES (18772, 454, 744, 0, '2019-05-17 16:02:50', '2019-05-17 16:02:50');
INSERT INTO `record` VALUES (18773, 455, 744, 0, '2019-05-17 16:02:50', '2019-05-17 16:02:50');
INSERT INTO `record` VALUES (18774, 456, 744, 0, '2019-05-17 16:02:50', '2019-05-17 16:02:50');
INSERT INTO `record` VALUES (18775, 457, 744, 0, '2019-05-17 16:02:50', '2019-05-17 16:02:50');
INSERT INTO `record` VALUES (18776, 458, 744, 0, '2019-05-17 16:02:50', '2019-05-17 16:02:50');
INSERT INTO `record` VALUES (18777, 459, 744, 0, '2019-05-17 16:02:50', '2019-05-17 16:02:50');
INSERT INTO `record` VALUES (18778, 460, 744, 0, '2019-05-17 16:02:50', '2019-05-17 16:02:50');
INSERT INTO `record` VALUES (18779, 463, 744, 0, '2019-05-17 16:02:50', '2019-05-17 16:02:50');
INSERT INTO `record` VALUES (18780, 464, 744, 0, '2019-05-17 16:02:50', '2019-05-17 16:02:50');
INSERT INTO `record` VALUES (18781, 465, 744, 0, '2019-05-17 16:02:50', '2019-05-17 16:02:50');
INSERT INTO `record` VALUES (18782, 466, 744, 0, '2019-05-17 16:02:50', '2019-05-17 16:02:50');
INSERT INTO `record` VALUES (18783, 467, 744, 0, '2019-05-17 16:02:50', '2019-05-17 16:02:50');
INSERT INTO `record` VALUES (18784, 468, 744, 0, '2019-05-17 16:02:50', '2019-05-17 16:02:50');
INSERT INTO `record` VALUES (18785, 469, 744, 0, '2019-05-17 16:02:50', '2019-05-17 16:02:50');
INSERT INTO `record` VALUES (18786, 470, 744, 0, '2019-05-17 16:02:50', '2019-05-17 16:02:50');
INSERT INTO `record` VALUES (18787, 471, 744, 0, '2019-05-17 16:02:50', '2019-05-17 16:02:50');
INSERT INTO `record` VALUES (18788, 473, 744, 0, '2019-05-17 16:02:50', '2019-05-17 16:02:50');
INSERT INTO `record` VALUES (18789, 474, 744, 0, '2019-05-17 16:02:50', '2019-05-17 16:02:50');
INSERT INTO `record` VALUES (18790, 475, 744, 0, '2019-05-17 16:02:50', '2019-05-17 16:02:50');
INSERT INTO `record` VALUES (18791, 476, 744, 0, '2019-05-17 16:02:50', '2019-05-17 16:02:50');
INSERT INTO `record` VALUES (18792, 477, 744, 0, '2019-05-17 16:02:50', '2019-05-17 16:02:50');
INSERT INTO `record` VALUES (18793, 478, 744, 0, '2019-05-17 16:02:50', '2019-05-17 16:02:50');
INSERT INTO `record` VALUES (18794, 479, 744, 0, '2019-05-17 16:02:50', '2019-05-17 16:02:50');
INSERT INTO `record` VALUES (18795, 480, 744, 0, '2019-05-17 16:02:50', '2019-05-17 16:02:50');
INSERT INTO `record` VALUES (18796, 481, 744, 0, '2019-05-17 16:02:50', '2019-05-17 16:02:50');
INSERT INTO `record` VALUES (18797, 482, 744, 0, '2019-05-17 16:02:50', '2019-05-17 16:02:50');
INSERT INTO `record` VALUES (18798, 483, 744, 0, '2019-05-17 16:02:50', '2019-05-17 16:02:50');
INSERT INTO `record` VALUES (18799, 484, 744, 0, '2019-05-17 16:02:50', '2019-05-17 16:02:50');
INSERT INTO `record` VALUES (18800, 485, 744, 0, '2019-05-17 16:02:50', '2019-05-17 16:02:50');
INSERT INTO `record` VALUES (18801, 486, 744, 0, '2019-05-17 16:02:50', '2019-05-17 16:02:50');
INSERT INTO `record` VALUES (18802, 487, 744, 0, '2019-05-17 16:02:50', '2019-05-17 16:02:50');
INSERT INTO `record` VALUES (18803, 488, 744, 0, '2019-05-17 16:02:50', '2019-05-17 16:02:50');
INSERT INTO `record` VALUES (18804, 489, 744, 0, '2019-05-17 16:02:50', '2019-05-17 16:02:50');
INSERT INTO `record` VALUES (18805, 490, 744, 0, '2019-05-17 16:02:50', '2019-05-17 16:02:50');
INSERT INTO `record` VALUES (18806, 491, 744, 0, '2019-05-17 16:02:50', '2019-05-17 16:02:50');
INSERT INTO `record` VALUES (18807, 492, 744, 0, '2019-05-17 16:02:50', '2019-05-17 16:02:50');
INSERT INTO `record` VALUES (18808, 493, 744, 0, '2019-05-17 16:02:50', '2019-05-17 16:02:50');
INSERT INTO `record` VALUES (18810, 0, 745, 1, '2019-05-17 16:02:50', '2019-05-18 12:50:32');
INSERT INTO `record` VALUES (18812, 422, 745, 0, '2019-05-17 16:02:50', '2019-05-17 16:02:50');
INSERT INTO `record` VALUES (18813, 425, 745, 1, '2019-05-17 16:02:50', '2019-05-18 10:58:23');
INSERT INTO `record` VALUES (18814, 430, 745, 0, '2019-05-17 16:02:50', '2019-05-17 16:02:50');
INSERT INTO `record` VALUES (18815, 433, 745, 0, '2019-05-17 16:02:50', '2019-05-17 16:02:50');
INSERT INTO `record` VALUES (18816, 440, 745, 0, '2019-05-17 16:02:50', '2019-05-17 16:02:50');
INSERT INTO `record` VALUES (18817, 443, 745, 0, '2019-05-17 16:02:50', '2019-05-17 16:02:50');
INSERT INTO `record` VALUES (18818, 445, 745, 0, '2019-05-17 16:02:50', '2019-05-17 16:02:50');
INSERT INTO `record` VALUES (18819, 446, 745, 0, '2019-05-17 16:02:50', '2019-05-17 16:02:50');
INSERT INTO `record` VALUES (18820, 447, 745, 0, '2019-05-17 16:02:50', '2019-05-17 16:02:50');
INSERT INTO `record` VALUES (18821, 448, 745, 0, '2019-05-17 16:02:50', '2019-05-17 16:02:50');
INSERT INTO `record` VALUES (18822, 449, 745, 0, '2019-05-17 16:02:50', '2019-05-17 16:02:50');
INSERT INTO `record` VALUES (18823, 450, 745, 0, '2019-05-17 16:02:50', '2019-05-17 16:02:50');
INSERT INTO `record` VALUES (18824, 451, 745, 0, '2019-05-17 16:02:50', '2019-05-17 16:02:50');
INSERT INTO `record` VALUES (18825, 452, 745, 0, '2019-05-17 16:02:50', '2019-05-17 16:02:50');
INSERT INTO `record` VALUES (18826, 453, 745, 0, '2019-05-17 16:02:50', '2019-05-17 16:02:50');
INSERT INTO `record` VALUES (18827, 454, 745, 0, '2019-05-17 16:02:50', '2019-05-17 16:02:50');
INSERT INTO `record` VALUES (18828, 455, 745, 0, '2019-05-17 16:02:50', '2019-05-17 16:02:50');
INSERT INTO `record` VALUES (18829, 456, 745, 0, '2019-05-17 16:02:50', '2019-05-17 16:02:50');
INSERT INTO `record` VALUES (18830, 457, 745, 0, '2019-05-17 16:02:50', '2019-05-17 16:02:50');
INSERT INTO `record` VALUES (18831, 458, 745, 0, '2019-05-17 16:02:50', '2019-05-17 16:02:50');
INSERT INTO `record` VALUES (18832, 459, 745, 0, '2019-05-17 16:02:50', '2019-05-17 16:02:50');
INSERT INTO `record` VALUES (18833, 460, 745, 0, '2019-05-17 16:02:50', '2019-05-17 16:02:50');
INSERT INTO `record` VALUES (18834, 463, 745, 0, '2019-05-17 16:02:50', '2019-05-17 16:02:50');
INSERT INTO `record` VALUES (18835, 464, 745, 0, '2019-05-17 16:02:50', '2019-05-17 16:02:50');
INSERT INTO `record` VALUES (18836, 465, 745, 0, '2019-05-17 16:02:50', '2019-05-17 16:02:50');
INSERT INTO `record` VALUES (18837, 466, 745, 0, '2019-05-17 16:02:50', '2019-05-17 16:02:50');
INSERT INTO `record` VALUES (18838, 467, 745, 0, '2019-05-17 16:02:50', '2019-05-17 16:02:50');
INSERT INTO `record` VALUES (18839, 468, 745, 0, '2019-05-17 16:02:50', '2019-05-17 16:02:50');
INSERT INTO `record` VALUES (18840, 469, 745, 0, '2019-05-17 16:02:50', '2019-05-17 16:02:50');
INSERT INTO `record` VALUES (18841, 470, 745, 0, '2019-05-17 16:02:50', '2019-05-17 16:02:50');
INSERT INTO `record` VALUES (18842, 471, 745, 0, '2019-05-17 16:02:50', '2019-05-17 16:02:50');
INSERT INTO `record` VALUES (18843, 473, 745, 0, '2019-05-17 16:02:50', '2019-05-17 16:02:50');
INSERT INTO `record` VALUES (18844, 474, 745, 0, '2019-05-17 16:02:50', '2019-05-17 16:02:50');
INSERT INTO `record` VALUES (18845, 475, 745, 0, '2019-05-17 16:02:50', '2019-05-17 16:02:50');
INSERT INTO `record` VALUES (18846, 476, 745, 0, '2019-05-17 16:02:50', '2019-05-17 16:02:50');
INSERT INTO `record` VALUES (18847, 477, 745, 0, '2019-05-17 16:02:50', '2019-05-17 16:02:50');
INSERT INTO `record` VALUES (18848, 478, 745, 0, '2019-05-17 16:02:50', '2019-05-17 16:02:50');
INSERT INTO `record` VALUES (18849, 479, 745, 0, '2019-05-17 16:02:50', '2019-05-17 16:02:50');
INSERT INTO `record` VALUES (18850, 480, 745, 0, '2019-05-17 16:02:50', '2019-05-17 16:02:50');
INSERT INTO `record` VALUES (18851, 481, 745, 0, '2019-05-17 16:02:50', '2019-05-17 16:02:50');
INSERT INTO `record` VALUES (18852, 482, 745, 0, '2019-05-17 16:02:50', '2019-05-17 16:02:50');
INSERT INTO `record` VALUES (18853, 483, 745, 0, '2019-05-17 16:02:50', '2019-05-17 16:02:50');
INSERT INTO `record` VALUES (18854, 484, 745, 0, '2019-05-17 16:02:50', '2019-05-17 16:02:50');
INSERT INTO `record` VALUES (18855, 485, 745, 0, '2019-05-17 16:02:50', '2019-05-17 16:02:50');
INSERT INTO `record` VALUES (18856, 486, 745, 0, '2019-05-17 16:02:50', '2019-05-17 16:02:50');
INSERT INTO `record` VALUES (18857, 487, 745, 0, '2019-05-17 16:02:50', '2019-05-17 16:02:50');
INSERT INTO `record` VALUES (18858, 488, 745, 0, '2019-05-17 16:02:50', '2019-05-17 16:02:50');
INSERT INTO `record` VALUES (18859, 489, 745, 0, '2019-05-17 16:02:50', '2019-05-17 16:02:50');
INSERT INTO `record` VALUES (18860, 490, 745, 0, '2019-05-17 16:02:50', '2019-05-17 16:02:50');
INSERT INTO `record` VALUES (18861, 491, 745, 0, '2019-05-17 16:02:50', '2019-05-17 16:02:50');
INSERT INTO `record` VALUES (18862, 492, 745, 0, '2019-05-17 16:02:50', '2019-05-17 16:02:50');
INSERT INTO `record` VALUES (18863, 493, 745, 0, '2019-05-17 16:02:50', '2019-05-17 16:02:50');
INSERT INTO `record` VALUES (18865, 0, 746, 1, '2019-05-17 16:02:51', '2019-05-18 12:50:32');
INSERT INTO `record` VALUES (18867, 422, 746, 0, '2019-05-17 16:02:51', '2019-05-17 16:02:51');
INSERT INTO `record` VALUES (18868, 425, 746, 1, '2019-05-17 16:02:51', '2019-05-18 10:58:23');
INSERT INTO `record` VALUES (18869, 430, 746, 0, '2019-05-17 16:02:51', '2019-05-17 16:02:51');
INSERT INTO `record` VALUES (18870, 433, 746, 0, '2019-05-17 16:02:51', '2019-05-17 16:02:51');
INSERT INTO `record` VALUES (18871, 440, 746, 0, '2019-05-17 16:02:51', '2019-05-17 16:02:51');
INSERT INTO `record` VALUES (18872, 443, 746, 0, '2019-05-17 16:02:51', '2019-05-17 16:02:51');
INSERT INTO `record` VALUES (18873, 445, 746, 0, '2019-05-17 16:02:51', '2019-05-17 16:02:51');
INSERT INTO `record` VALUES (18874, 446, 746, 0, '2019-05-17 16:02:51', '2019-05-17 16:02:51');
INSERT INTO `record` VALUES (18875, 447, 746, 0, '2019-05-17 16:02:51', '2019-05-17 16:02:51');
INSERT INTO `record` VALUES (18876, 448, 746, 0, '2019-05-17 16:02:51', '2019-05-17 16:02:51');
INSERT INTO `record` VALUES (18877, 449, 746, 0, '2019-05-17 16:02:51', '2019-05-17 16:02:51');
INSERT INTO `record` VALUES (18878, 450, 746, 0, '2019-05-17 16:02:51', '2019-05-17 16:02:51');
INSERT INTO `record` VALUES (18879, 451, 746, 0, '2019-05-17 16:02:51', '2019-05-17 16:02:51');
INSERT INTO `record` VALUES (18880, 452, 746, 0, '2019-05-17 16:02:51', '2019-05-17 16:02:51');
INSERT INTO `record` VALUES (18881, 453, 746, 0, '2019-05-17 16:02:51', '2019-05-17 16:02:51');
INSERT INTO `record` VALUES (18882, 454, 746, 0, '2019-05-17 16:02:51', '2019-05-17 16:02:51');
INSERT INTO `record` VALUES (18883, 455, 746, 0, '2019-05-17 16:02:51', '2019-05-17 16:02:51');
INSERT INTO `record` VALUES (18884, 456, 746, 0, '2019-05-17 16:02:51', '2019-05-17 16:02:51');
INSERT INTO `record` VALUES (18885, 457, 746, 0, '2019-05-17 16:02:51', '2019-05-17 16:02:51');
INSERT INTO `record` VALUES (18886, 458, 746, 0, '2019-05-17 16:02:51', '2019-05-17 16:02:51');
INSERT INTO `record` VALUES (18887, 459, 746, 0, '2019-05-17 16:02:51', '2019-05-17 16:02:51');
INSERT INTO `record` VALUES (18888, 460, 746, 0, '2019-05-17 16:02:51', '2019-05-17 16:02:51');
INSERT INTO `record` VALUES (18889, 463, 746, 0, '2019-05-17 16:02:51', '2019-05-17 16:02:51');
INSERT INTO `record` VALUES (18890, 464, 746, 0, '2019-05-17 16:02:51', '2019-05-17 16:02:51');
INSERT INTO `record` VALUES (18891, 465, 746, 0, '2019-05-17 16:02:51', '2019-05-17 16:02:51');
INSERT INTO `record` VALUES (18892, 466, 746, 0, '2019-05-17 16:02:51', '2019-05-17 16:02:51');
INSERT INTO `record` VALUES (18893, 467, 746, 0, '2019-05-17 16:02:51', '2019-05-17 16:02:51');
INSERT INTO `record` VALUES (18894, 468, 746, 0, '2019-05-17 16:02:51', '2019-05-17 16:02:51');
INSERT INTO `record` VALUES (18895, 469, 746, 0, '2019-05-17 16:02:51', '2019-05-17 16:02:51');
INSERT INTO `record` VALUES (18896, 470, 746, 0, '2019-05-17 16:02:51', '2019-05-17 16:02:51');
INSERT INTO `record` VALUES (18897, 471, 746, 0, '2019-05-17 16:02:51', '2019-05-17 16:02:51');
INSERT INTO `record` VALUES (18898, 473, 746, 0, '2019-05-17 16:02:51', '2019-05-17 16:02:51');
INSERT INTO `record` VALUES (18899, 474, 746, 0, '2019-05-17 16:02:51', '2019-05-17 16:02:51');
INSERT INTO `record` VALUES (18900, 475, 746, 0, '2019-05-17 16:02:51', '2019-05-17 16:02:51');
INSERT INTO `record` VALUES (18901, 476, 746, 0, '2019-05-17 16:02:51', '2019-05-17 16:02:51');
INSERT INTO `record` VALUES (18902, 477, 746, 0, '2019-05-17 16:02:51', '2019-05-17 16:02:51');
INSERT INTO `record` VALUES (18903, 478, 746, 0, '2019-05-17 16:02:51', '2019-05-17 16:02:51');
INSERT INTO `record` VALUES (18904, 479, 746, 0, '2019-05-17 16:02:51', '2019-05-17 16:02:51');
INSERT INTO `record` VALUES (18905, 480, 746, 0, '2019-05-17 16:02:51', '2019-05-17 16:02:51');
INSERT INTO `record` VALUES (18906, 481, 746, 0, '2019-05-17 16:02:51', '2019-05-17 16:02:51');
INSERT INTO `record` VALUES (18907, 482, 746, 0, '2019-05-17 16:02:51', '2019-05-17 16:02:51');
INSERT INTO `record` VALUES (18908, 483, 746, 0, '2019-05-17 16:02:51', '2019-05-17 16:02:51');
INSERT INTO `record` VALUES (18909, 484, 746, 0, '2019-05-17 16:02:51', '2019-05-17 16:02:51');
INSERT INTO `record` VALUES (18910, 485, 746, 0, '2019-05-17 16:02:51', '2019-05-17 16:02:51');
INSERT INTO `record` VALUES (18911, 486, 746, 0, '2019-05-17 16:02:51', '2019-05-17 16:02:51');
INSERT INTO `record` VALUES (18912, 487, 746, 0, '2019-05-17 16:02:51', '2019-05-17 16:02:51');
INSERT INTO `record` VALUES (18913, 488, 746, 0, '2019-05-17 16:02:51', '2019-05-17 16:02:51');
INSERT INTO `record` VALUES (18914, 489, 746, 0, '2019-05-17 16:02:51', '2019-05-17 16:02:51');
INSERT INTO `record` VALUES (18915, 490, 746, 0, '2019-05-17 16:02:51', '2019-05-17 16:02:51');
INSERT INTO `record` VALUES (18916, 491, 746, 0, '2019-05-17 16:02:51', '2019-05-17 16:02:51');
INSERT INTO `record` VALUES (18917, 492, 746, 0, '2019-05-17 16:02:51', '2019-05-17 16:02:51');
INSERT INTO `record` VALUES (18918, 493, 746, 0, '2019-05-17 16:02:51', '2019-05-17 16:02:51');
INSERT INTO `record` VALUES (18920, 0, 747, 1, '2019-05-17 16:02:51', '2019-05-18 12:50:32');
INSERT INTO `record` VALUES (18922, 422, 747, 0, '2019-05-17 16:02:51', '2019-05-17 16:02:51');
INSERT INTO `record` VALUES (18923, 425, 747, 1, '2019-05-17 16:02:51', '2019-05-18 10:58:23');
INSERT INTO `record` VALUES (18924, 430, 747, 0, '2019-05-17 16:02:51', '2019-05-17 16:02:51');
INSERT INTO `record` VALUES (18925, 433, 747, 0, '2019-05-17 16:02:51', '2019-05-17 16:02:51');
INSERT INTO `record` VALUES (18926, 440, 747, 0, '2019-05-17 16:02:51', '2019-05-17 16:02:51');
INSERT INTO `record` VALUES (18927, 443, 747, 0, '2019-05-17 16:02:51', '2019-05-17 16:02:51');
INSERT INTO `record` VALUES (18928, 445, 747, 0, '2019-05-17 16:02:51', '2019-05-17 16:02:51');
INSERT INTO `record` VALUES (18929, 446, 747, 0, '2019-05-17 16:02:51', '2019-05-17 16:02:51');
INSERT INTO `record` VALUES (18930, 447, 747, 0, '2019-05-17 16:02:51', '2019-05-17 16:02:51');
INSERT INTO `record` VALUES (18931, 448, 747, 0, '2019-05-17 16:02:51', '2019-05-17 16:02:51');
INSERT INTO `record` VALUES (18932, 449, 747, 0, '2019-05-17 16:02:51', '2019-05-17 16:02:51');
INSERT INTO `record` VALUES (18933, 450, 747, 0, '2019-05-17 16:02:51', '2019-05-17 16:02:51');
INSERT INTO `record` VALUES (18934, 451, 747, 0, '2019-05-17 16:02:51', '2019-05-17 16:02:51');
INSERT INTO `record` VALUES (18935, 452, 747, 0, '2019-05-17 16:02:51', '2019-05-17 16:02:51');
INSERT INTO `record` VALUES (18936, 453, 747, 0, '2019-05-17 16:02:51', '2019-05-17 16:02:51');
INSERT INTO `record` VALUES (18937, 454, 747, 0, '2019-05-17 16:02:51', '2019-05-17 16:02:51');
INSERT INTO `record` VALUES (18938, 455, 747, 0, '2019-05-17 16:02:51', '2019-05-17 16:02:51');
INSERT INTO `record` VALUES (18939, 456, 747, 0, '2019-05-17 16:02:51', '2019-05-17 16:02:51');
INSERT INTO `record` VALUES (18940, 457, 747, 0, '2019-05-17 16:02:51', '2019-05-17 16:02:51');
INSERT INTO `record` VALUES (18941, 458, 747, 0, '2019-05-17 16:02:51', '2019-05-17 16:02:51');
INSERT INTO `record` VALUES (18942, 459, 747, 0, '2019-05-17 16:02:51', '2019-05-17 16:02:51');
INSERT INTO `record` VALUES (18943, 460, 747, 0, '2019-05-17 16:02:51', '2019-05-17 16:02:51');
INSERT INTO `record` VALUES (18944, 463, 747, 0, '2019-05-17 16:02:51', '2019-05-17 16:02:51');
INSERT INTO `record` VALUES (18945, 464, 747, 0, '2019-05-17 16:02:51', '2019-05-17 16:02:51');
INSERT INTO `record` VALUES (18946, 465, 747, 0, '2019-05-17 16:02:51', '2019-05-17 16:02:51');
INSERT INTO `record` VALUES (18947, 466, 747, 0, '2019-05-17 16:02:51', '2019-05-17 16:02:51');
INSERT INTO `record` VALUES (18948, 467, 747, 0, '2019-05-17 16:02:51', '2019-05-17 16:02:51');
INSERT INTO `record` VALUES (18949, 468, 747, 0, '2019-05-17 16:02:51', '2019-05-17 16:02:51');
INSERT INTO `record` VALUES (18950, 469, 747, 0, '2019-05-17 16:02:51', '2019-05-17 16:02:51');
INSERT INTO `record` VALUES (18951, 470, 747, 0, '2019-05-17 16:02:51', '2019-05-17 16:02:51');
INSERT INTO `record` VALUES (18952, 471, 747, 0, '2019-05-17 16:02:51', '2019-05-17 16:02:51');
INSERT INTO `record` VALUES (18953, 473, 747, 0, '2019-05-17 16:02:51', '2019-05-17 16:02:51');
INSERT INTO `record` VALUES (18954, 474, 747, 0, '2019-05-17 16:02:51', '2019-05-17 16:02:51');
INSERT INTO `record` VALUES (18955, 475, 747, 0, '2019-05-17 16:02:51', '2019-05-17 16:02:51');
INSERT INTO `record` VALUES (18956, 476, 747, 0, '2019-05-17 16:02:51', '2019-05-17 16:02:51');
INSERT INTO `record` VALUES (18957, 477, 747, 0, '2019-05-17 16:02:51', '2019-05-17 16:02:51');
INSERT INTO `record` VALUES (18958, 478, 747, 0, '2019-05-17 16:02:51', '2019-05-17 16:02:51');
INSERT INTO `record` VALUES (18959, 479, 747, 0, '2019-05-17 16:02:51', '2019-05-17 16:02:51');
INSERT INTO `record` VALUES (18960, 480, 747, 0, '2019-05-17 16:02:51', '2019-05-17 16:02:51');
INSERT INTO `record` VALUES (18961, 481, 747, 0, '2019-05-17 16:02:51', '2019-05-17 16:02:51');
INSERT INTO `record` VALUES (18962, 482, 747, 0, '2019-05-17 16:02:51', '2019-05-17 16:02:51');
INSERT INTO `record` VALUES (18963, 483, 747, 0, '2019-05-17 16:02:51', '2019-05-17 16:02:51');
INSERT INTO `record` VALUES (18964, 484, 747, 0, '2019-05-17 16:02:51', '2019-05-17 16:02:51');
INSERT INTO `record` VALUES (18965, 485, 747, 0, '2019-05-17 16:02:51', '2019-05-17 16:02:51');
INSERT INTO `record` VALUES (18966, 486, 747, 0, '2019-05-17 16:02:51', '2019-05-17 16:02:51');
INSERT INTO `record` VALUES (18967, 487, 747, 0, '2019-05-17 16:02:51', '2019-05-17 16:02:51');
INSERT INTO `record` VALUES (18968, 488, 747, 0, '2019-05-17 16:02:51', '2019-05-17 16:02:51');
INSERT INTO `record` VALUES (18969, 489, 747, 0, '2019-05-17 16:02:51', '2019-05-17 16:02:51');
INSERT INTO `record` VALUES (18970, 490, 747, 0, '2019-05-17 16:02:51', '2019-05-17 16:02:51');
INSERT INTO `record` VALUES (18971, 491, 747, 0, '2019-05-17 16:02:51', '2019-05-17 16:02:51');
INSERT INTO `record` VALUES (18972, 492, 747, 0, '2019-05-17 16:02:51', '2019-05-17 16:02:51');
INSERT INTO `record` VALUES (18973, 493, 747, 0, '2019-05-17 16:02:51', '2019-05-17 16:02:51');
INSERT INTO `record` VALUES (18975, 0, 748, 1, '2019-05-17 16:02:52', '2019-05-18 12:50:32');
INSERT INTO `record` VALUES (18977, 422, 748, 0, '2019-05-17 16:02:52', '2019-05-17 16:02:52');
INSERT INTO `record` VALUES (18978, 425, 748, 1, '2019-05-17 16:02:52', '2019-05-18 10:58:23');
INSERT INTO `record` VALUES (18979, 430, 748, 0, '2019-05-17 16:02:52', '2019-05-17 16:02:52');
INSERT INTO `record` VALUES (18980, 433, 748, 0, '2019-05-17 16:02:52', '2019-05-17 16:02:52');
INSERT INTO `record` VALUES (18981, 440, 748, 0, '2019-05-17 16:02:52', '2019-05-17 16:02:52');
INSERT INTO `record` VALUES (18982, 443, 748, 0, '2019-05-17 16:02:52', '2019-05-17 16:02:52');
INSERT INTO `record` VALUES (18983, 445, 748, 0, '2019-05-17 16:02:52', '2019-05-17 16:02:52');
INSERT INTO `record` VALUES (18984, 446, 748, 0, '2019-05-17 16:02:52', '2019-05-17 16:02:52');
INSERT INTO `record` VALUES (18985, 447, 748, 0, '2019-05-17 16:02:52', '2019-05-17 16:02:52');
INSERT INTO `record` VALUES (18986, 448, 748, 0, '2019-05-17 16:02:52', '2019-05-17 16:02:52');
INSERT INTO `record` VALUES (18987, 449, 748, 0, '2019-05-17 16:02:52', '2019-05-17 16:02:52');
INSERT INTO `record` VALUES (18988, 450, 748, 0, '2019-05-17 16:02:52', '2019-05-17 16:02:52');
INSERT INTO `record` VALUES (18989, 451, 748, 0, '2019-05-17 16:02:52', '2019-05-17 16:02:52');
INSERT INTO `record` VALUES (18990, 452, 748, 0, '2019-05-17 16:02:52', '2019-05-17 16:02:52');
INSERT INTO `record` VALUES (18991, 453, 748, 0, '2019-05-17 16:02:52', '2019-05-17 16:02:52');
INSERT INTO `record` VALUES (18992, 454, 748, 0, '2019-05-17 16:02:52', '2019-05-17 16:02:52');
INSERT INTO `record` VALUES (18993, 455, 748, 0, '2019-05-17 16:02:52', '2019-05-17 16:02:52');
INSERT INTO `record` VALUES (18994, 456, 748, 0, '2019-05-17 16:02:52', '2019-05-17 16:02:52');
INSERT INTO `record` VALUES (18995, 457, 748, 0, '2019-05-17 16:02:52', '2019-05-17 16:02:52');
INSERT INTO `record` VALUES (18996, 458, 748, 0, '2019-05-17 16:02:52', '2019-05-17 16:02:52');
INSERT INTO `record` VALUES (18997, 459, 748, 0, '2019-05-17 16:02:52', '2019-05-17 16:02:52');
INSERT INTO `record` VALUES (18998, 460, 748, 0, '2019-05-17 16:02:52', '2019-05-17 16:02:52');
INSERT INTO `record` VALUES (18999, 463, 748, 0, '2019-05-17 16:02:52', '2019-05-17 16:02:52');
INSERT INTO `record` VALUES (19000, 464, 748, 0, '2019-05-17 16:02:52', '2019-05-17 16:02:52');
INSERT INTO `record` VALUES (19001, 465, 748, 0, '2019-05-17 16:02:52', '2019-05-17 16:02:52');
INSERT INTO `record` VALUES (19002, 466, 748, 0, '2019-05-17 16:02:52', '2019-05-17 16:02:52');
INSERT INTO `record` VALUES (19003, 467, 748, 0, '2019-05-17 16:02:52', '2019-05-17 16:02:52');
INSERT INTO `record` VALUES (19004, 468, 748, 0, '2019-05-17 16:02:52', '2019-05-17 16:02:52');
INSERT INTO `record` VALUES (19005, 469, 748, 0, '2019-05-17 16:02:52', '2019-05-17 16:02:52');
INSERT INTO `record` VALUES (19006, 470, 748, 0, '2019-05-17 16:02:52', '2019-05-17 16:02:52');
INSERT INTO `record` VALUES (19007, 471, 748, 0, '2019-05-17 16:02:52', '2019-05-17 16:02:52');
INSERT INTO `record` VALUES (19008, 473, 748, 0, '2019-05-17 16:02:52', '2019-05-17 16:02:52');
INSERT INTO `record` VALUES (19009, 474, 748, 0, '2019-05-17 16:02:52', '2019-05-17 16:02:52');
INSERT INTO `record` VALUES (19010, 475, 748, 0, '2019-05-17 16:02:52', '2019-05-17 16:02:52');
INSERT INTO `record` VALUES (19011, 476, 748, 0, '2019-05-17 16:02:52', '2019-05-17 16:02:52');
INSERT INTO `record` VALUES (19012, 477, 748, 0, '2019-05-17 16:02:52', '2019-05-17 16:02:52');
INSERT INTO `record` VALUES (19013, 478, 748, 0, '2019-05-17 16:02:52', '2019-05-17 16:02:52');
INSERT INTO `record` VALUES (19014, 479, 748, 0, '2019-05-17 16:02:52', '2019-05-17 16:02:52');
INSERT INTO `record` VALUES (19015, 480, 748, 0, '2019-05-17 16:02:52', '2019-05-17 16:02:52');
INSERT INTO `record` VALUES (19016, 481, 748, 0, '2019-05-17 16:02:52', '2019-05-17 16:02:52');
INSERT INTO `record` VALUES (19017, 482, 748, 0, '2019-05-17 16:02:52', '2019-05-17 16:02:52');
INSERT INTO `record` VALUES (19018, 483, 748, 0, '2019-05-17 16:02:52', '2019-05-17 16:02:52');
INSERT INTO `record` VALUES (19019, 484, 748, 0, '2019-05-17 16:02:52', '2019-05-17 16:02:52');
INSERT INTO `record` VALUES (19020, 485, 748, 0, '2019-05-17 16:02:52', '2019-05-17 16:02:52');
INSERT INTO `record` VALUES (19021, 486, 748, 0, '2019-05-17 16:02:52', '2019-05-17 16:02:52');
INSERT INTO `record` VALUES (19022, 487, 748, 0, '2019-05-17 16:02:52', '2019-05-17 16:02:52');
INSERT INTO `record` VALUES (19023, 488, 748, 0, '2019-05-17 16:02:52', '2019-05-17 16:02:52');
INSERT INTO `record` VALUES (19024, 489, 748, 0, '2019-05-17 16:02:52', '2019-05-17 16:02:52');
INSERT INTO `record` VALUES (19025, 490, 748, 0, '2019-05-17 16:02:52', '2019-05-17 16:02:52');
INSERT INTO `record` VALUES (19026, 491, 748, 0, '2019-05-17 16:02:52', '2019-05-17 16:02:52');
INSERT INTO `record` VALUES (19027, 492, 748, 0, '2019-05-17 16:02:52', '2019-05-17 16:02:52');
INSERT INTO `record` VALUES (19028, 493, 748, 0, '2019-05-17 16:02:52', '2019-05-17 16:02:52');
INSERT INTO `record` VALUES (19030, 0, 749, 1, '2019-05-17 16:02:52', '2019-05-18 12:50:32');
INSERT INTO `record` VALUES (19032, 422, 749, 0, '2019-05-17 16:02:52', '2019-05-17 16:02:52');
INSERT INTO `record` VALUES (19033, 425, 749, 1, '2019-05-17 16:02:52', '2019-05-18 10:58:23');
INSERT INTO `record` VALUES (19034, 430, 749, 0, '2019-05-17 16:02:52', '2019-05-17 16:02:52');
INSERT INTO `record` VALUES (19035, 433, 749, 0, '2019-05-17 16:02:52', '2019-05-17 16:02:52');
INSERT INTO `record` VALUES (19036, 440, 749, 0, '2019-05-17 16:02:52', '2019-05-17 16:02:52');
INSERT INTO `record` VALUES (19037, 443, 749, 0, '2019-05-17 16:02:52', '2019-05-17 16:02:52');
INSERT INTO `record` VALUES (19038, 445, 749, 0, '2019-05-17 16:02:52', '2019-05-17 16:02:52');
INSERT INTO `record` VALUES (19039, 446, 749, 0, '2019-05-17 16:02:52', '2019-05-17 16:02:52');
INSERT INTO `record` VALUES (19040, 447, 749, 0, '2019-05-17 16:02:52', '2019-05-17 16:02:52');
INSERT INTO `record` VALUES (19041, 448, 749, 0, '2019-05-17 16:02:52', '2019-05-17 16:02:52');
INSERT INTO `record` VALUES (19042, 449, 749, 0, '2019-05-17 16:02:52', '2019-05-17 16:02:52');
INSERT INTO `record` VALUES (19043, 450, 749, 0, '2019-05-17 16:02:52', '2019-05-17 16:02:52');
INSERT INTO `record` VALUES (19044, 451, 749, 0, '2019-05-17 16:02:52', '2019-05-17 16:02:52');
INSERT INTO `record` VALUES (19045, 452, 749, 0, '2019-05-17 16:02:52', '2019-05-17 16:02:52');
INSERT INTO `record` VALUES (19046, 453, 749, 0, '2019-05-17 16:02:52', '2019-05-17 16:02:52');
INSERT INTO `record` VALUES (19047, 454, 749, 0, '2019-05-17 16:02:52', '2019-05-17 16:02:52');
INSERT INTO `record` VALUES (19048, 455, 749, 0, '2019-05-17 16:02:52', '2019-05-17 16:02:52');
INSERT INTO `record` VALUES (19049, 456, 749, 0, '2019-05-17 16:02:52', '2019-05-17 16:02:52');
INSERT INTO `record` VALUES (19050, 457, 749, 0, '2019-05-17 16:02:52', '2019-05-17 16:02:52');
INSERT INTO `record` VALUES (19051, 458, 749, 0, '2019-05-17 16:02:52', '2019-05-17 16:02:52');
INSERT INTO `record` VALUES (19052, 459, 749, 0, '2019-05-17 16:02:52', '2019-05-17 16:02:52');
INSERT INTO `record` VALUES (19053, 460, 749, 0, '2019-05-17 16:02:52', '2019-05-17 16:02:52');
INSERT INTO `record` VALUES (19054, 463, 749, 0, '2019-05-17 16:02:52', '2019-05-17 16:02:52');
INSERT INTO `record` VALUES (19055, 464, 749, 0, '2019-05-17 16:02:52', '2019-05-17 16:02:52');
INSERT INTO `record` VALUES (19056, 465, 749, 0, '2019-05-17 16:02:52', '2019-05-17 16:02:52');
INSERT INTO `record` VALUES (19057, 466, 749, 0, '2019-05-17 16:02:52', '2019-05-17 16:02:52');
INSERT INTO `record` VALUES (19058, 467, 749, 0, '2019-05-17 16:02:52', '2019-05-17 16:02:52');
INSERT INTO `record` VALUES (19059, 468, 749, 0, '2019-05-17 16:02:52', '2019-05-17 16:02:52');
INSERT INTO `record` VALUES (19060, 469, 749, 0, '2019-05-17 16:02:52', '2019-05-17 16:02:52');
INSERT INTO `record` VALUES (19061, 470, 749, 0, '2019-05-17 16:02:52', '2019-05-17 16:02:52');
INSERT INTO `record` VALUES (19062, 471, 749, 0, '2019-05-17 16:02:52', '2019-05-17 16:02:52');
INSERT INTO `record` VALUES (19063, 473, 749, 0, '2019-05-17 16:02:52', '2019-05-17 16:02:52');
INSERT INTO `record` VALUES (19064, 474, 749, 0, '2019-05-17 16:02:52', '2019-05-17 16:02:52');
INSERT INTO `record` VALUES (19065, 475, 749, 0, '2019-05-17 16:02:52', '2019-05-17 16:02:52');
INSERT INTO `record` VALUES (19066, 476, 749, 0, '2019-05-17 16:02:52', '2019-05-17 16:02:52');
INSERT INTO `record` VALUES (19067, 477, 749, 0, '2019-05-17 16:02:52', '2019-05-17 16:02:52');
INSERT INTO `record` VALUES (19068, 478, 749, 0, '2019-05-17 16:02:52', '2019-05-17 16:02:52');
INSERT INTO `record` VALUES (19069, 479, 749, 0, '2019-05-17 16:02:52', '2019-05-17 16:02:52');
INSERT INTO `record` VALUES (19070, 480, 749, 0, '2019-05-17 16:02:52', '2019-05-17 16:02:52');
INSERT INTO `record` VALUES (19071, 481, 749, 0, '2019-05-17 16:02:52', '2019-05-17 16:02:52');
INSERT INTO `record` VALUES (19072, 482, 749, 0, '2019-05-17 16:02:52', '2019-05-17 16:02:52');
INSERT INTO `record` VALUES (19073, 483, 749, 0, '2019-05-17 16:02:52', '2019-05-17 16:02:52');
INSERT INTO `record` VALUES (19074, 484, 749, 0, '2019-05-17 16:02:52', '2019-05-17 16:02:52');
INSERT INTO `record` VALUES (19075, 485, 749, 0, '2019-05-17 16:02:52', '2019-05-17 16:02:52');
INSERT INTO `record` VALUES (19076, 486, 749, 0, '2019-05-17 16:02:52', '2019-05-17 16:02:52');
INSERT INTO `record` VALUES (19077, 487, 749, 0, '2019-05-17 16:02:52', '2019-05-17 16:02:52');
INSERT INTO `record` VALUES (19078, 488, 749, 0, '2019-05-17 16:02:52', '2019-05-17 16:02:52');
INSERT INTO `record` VALUES (19079, 489, 749, 0, '2019-05-17 16:02:52', '2019-05-17 16:02:52');
INSERT INTO `record` VALUES (19080, 490, 749, 0, '2019-05-17 16:02:52', '2019-05-17 16:02:52');
INSERT INTO `record` VALUES (19081, 491, 749, 0, '2019-05-17 16:02:52', '2019-05-17 16:02:52');
INSERT INTO `record` VALUES (19082, 492, 749, 0, '2019-05-17 16:02:52', '2019-05-17 16:02:52');
INSERT INTO `record` VALUES (19083, 493, 749, 0, '2019-05-17 16:02:52', '2019-05-17 16:02:52');
INSERT INTO `record` VALUES (19085, 0, 750, 1, '2019-05-17 16:02:53', '2019-05-18 12:50:32');
INSERT INTO `record` VALUES (19087, 422, 750, 0, '2019-05-17 16:02:53', '2019-05-17 16:02:53');
INSERT INTO `record` VALUES (19088, 425, 750, 1, '2019-05-17 16:02:53', '2019-05-18 10:58:23');
INSERT INTO `record` VALUES (19089, 430, 750, 0, '2019-05-17 16:02:53', '2019-05-17 16:02:53');
INSERT INTO `record` VALUES (19090, 433, 750, 0, '2019-05-17 16:02:53', '2019-05-17 16:02:53');
INSERT INTO `record` VALUES (19091, 440, 750, 0, '2019-05-17 16:02:53', '2019-05-17 16:02:53');
INSERT INTO `record` VALUES (19092, 443, 750, 0, '2019-05-17 16:02:53', '2019-05-17 16:02:53');
INSERT INTO `record` VALUES (19093, 445, 750, 0, '2019-05-17 16:02:53', '2019-05-17 16:02:53');
INSERT INTO `record` VALUES (19094, 446, 750, 0, '2019-05-17 16:02:53', '2019-05-17 16:02:53');
INSERT INTO `record` VALUES (19095, 447, 750, 0, '2019-05-17 16:02:53', '2019-05-17 16:02:53');
INSERT INTO `record` VALUES (19096, 448, 750, 0, '2019-05-17 16:02:53', '2019-05-17 16:02:53');
INSERT INTO `record` VALUES (19097, 449, 750, 0, '2019-05-17 16:02:53', '2019-05-17 16:02:53');
INSERT INTO `record` VALUES (19098, 450, 750, 0, '2019-05-17 16:02:53', '2019-05-17 16:02:53');
INSERT INTO `record` VALUES (19099, 451, 750, 0, '2019-05-17 16:02:53', '2019-05-17 16:02:53');
INSERT INTO `record` VALUES (19100, 452, 750, 0, '2019-05-17 16:02:53', '2019-05-17 16:02:53');
INSERT INTO `record` VALUES (19101, 453, 750, 0, '2019-05-17 16:02:53', '2019-05-17 16:02:53');
INSERT INTO `record` VALUES (19102, 454, 750, 0, '2019-05-17 16:02:53', '2019-05-17 16:02:53');
INSERT INTO `record` VALUES (19103, 455, 750, 0, '2019-05-17 16:02:53', '2019-05-17 16:02:53');
INSERT INTO `record` VALUES (19104, 456, 750, 0, '2019-05-17 16:02:53', '2019-05-17 16:02:53');
INSERT INTO `record` VALUES (19105, 457, 750, 0, '2019-05-17 16:02:53', '2019-05-17 16:02:53');
INSERT INTO `record` VALUES (19106, 458, 750, 0, '2019-05-17 16:02:53', '2019-05-17 16:02:53');
INSERT INTO `record` VALUES (19107, 459, 750, 0, '2019-05-17 16:02:53', '2019-05-17 16:02:53');
INSERT INTO `record` VALUES (19108, 460, 750, 0, '2019-05-17 16:02:53', '2019-05-17 16:02:53');
INSERT INTO `record` VALUES (19109, 463, 750, 0, '2019-05-17 16:02:53', '2019-05-17 16:02:53');
INSERT INTO `record` VALUES (19110, 464, 750, 0, '2019-05-17 16:02:53', '2019-05-17 16:02:53');
INSERT INTO `record` VALUES (19111, 465, 750, 0, '2019-05-17 16:02:53', '2019-05-17 16:02:53');
INSERT INTO `record` VALUES (19112, 466, 750, 0, '2019-05-17 16:02:53', '2019-05-17 16:02:53');
INSERT INTO `record` VALUES (19113, 467, 750, 0, '2019-05-17 16:02:53', '2019-05-17 16:02:53');
INSERT INTO `record` VALUES (19114, 468, 750, 0, '2019-05-17 16:02:53', '2019-05-17 16:02:53');
INSERT INTO `record` VALUES (19115, 469, 750, 0, '2019-05-17 16:02:53', '2019-05-17 16:02:53');
INSERT INTO `record` VALUES (19116, 470, 750, 0, '2019-05-17 16:02:53', '2019-05-17 16:02:53');
INSERT INTO `record` VALUES (19117, 471, 750, 0, '2019-05-17 16:02:53', '2019-05-17 16:02:53');
INSERT INTO `record` VALUES (19118, 473, 750, 0, '2019-05-17 16:02:53', '2019-05-17 16:02:53');
INSERT INTO `record` VALUES (19119, 474, 750, 0, '2019-05-17 16:02:53', '2019-05-17 16:02:53');
INSERT INTO `record` VALUES (19120, 475, 750, 0, '2019-05-17 16:02:53', '2019-05-17 16:02:53');
INSERT INTO `record` VALUES (19121, 476, 750, 0, '2019-05-17 16:02:53', '2019-05-17 16:02:53');
INSERT INTO `record` VALUES (19122, 477, 750, 0, '2019-05-17 16:02:53', '2019-05-17 16:02:53');
INSERT INTO `record` VALUES (19123, 478, 750, 0, '2019-05-17 16:02:53', '2019-05-17 16:02:53');
INSERT INTO `record` VALUES (19124, 479, 750, 0, '2019-05-17 16:02:53', '2019-05-17 16:02:53');
INSERT INTO `record` VALUES (19125, 480, 750, 0, '2019-05-17 16:02:53', '2019-05-17 16:02:53');
INSERT INTO `record` VALUES (19126, 481, 750, 0, '2019-05-17 16:02:53', '2019-05-17 16:02:53');
INSERT INTO `record` VALUES (19127, 482, 750, 0, '2019-05-17 16:02:53', '2019-05-17 16:02:53');
INSERT INTO `record` VALUES (19128, 483, 750, 0, '2019-05-17 16:02:53', '2019-05-17 16:02:53');
INSERT INTO `record` VALUES (19129, 484, 750, 0, '2019-05-17 16:02:53', '2019-05-17 16:02:53');
INSERT INTO `record` VALUES (19130, 485, 750, 0, '2019-05-17 16:02:53', '2019-05-17 16:02:53');
INSERT INTO `record` VALUES (19131, 486, 750, 0, '2019-05-17 16:02:53', '2019-05-17 16:02:53');
INSERT INTO `record` VALUES (19132, 487, 750, 0, '2019-05-17 16:02:53', '2019-05-17 16:02:53');
INSERT INTO `record` VALUES (19133, 488, 750, 0, '2019-05-17 16:02:53', '2019-05-17 16:02:53');
INSERT INTO `record` VALUES (19134, 489, 750, 0, '2019-05-17 16:02:53', '2019-05-17 16:02:53');
INSERT INTO `record` VALUES (19135, 490, 750, 0, '2019-05-17 16:02:53', '2019-05-17 16:02:53');
INSERT INTO `record` VALUES (19136, 491, 750, 0, '2019-05-17 16:02:53', '2019-05-17 16:02:53');
INSERT INTO `record` VALUES (19137, 492, 750, 0, '2019-05-17 16:02:53', '2019-05-17 16:02:53');
INSERT INTO `record` VALUES (19138, 493, 750, 0, '2019-05-17 16:02:53', '2019-05-17 16:02:53');
INSERT INTO `record` VALUES (19140, 0, 751, 1, '2019-05-17 16:02:53', '2019-05-18 12:50:32');
INSERT INTO `record` VALUES (19142, 422, 751, 0, '2019-05-17 16:02:53', '2019-05-17 16:02:53');
INSERT INTO `record` VALUES (19143, 425, 751, 1, '2019-05-17 16:02:53', '2019-05-18 10:58:23');
INSERT INTO `record` VALUES (19144, 430, 751, 0, '2019-05-17 16:02:53', '2019-05-17 16:02:53');
INSERT INTO `record` VALUES (19145, 433, 751, 0, '2019-05-17 16:02:53', '2019-05-17 16:02:53');
INSERT INTO `record` VALUES (19146, 440, 751, 0, '2019-05-17 16:02:53', '2019-05-17 16:02:53');
INSERT INTO `record` VALUES (19147, 443, 751, 0, '2019-05-17 16:02:53', '2019-05-17 16:02:53');
INSERT INTO `record` VALUES (19148, 445, 751, 0, '2019-05-17 16:02:53', '2019-05-17 16:02:53');
INSERT INTO `record` VALUES (19149, 446, 751, 0, '2019-05-17 16:02:53', '2019-05-17 16:02:53');
INSERT INTO `record` VALUES (19150, 447, 751, 0, '2019-05-17 16:02:53', '2019-05-17 16:02:53');
INSERT INTO `record` VALUES (19151, 448, 751, 0, '2019-05-17 16:02:53', '2019-05-17 16:02:53');
INSERT INTO `record` VALUES (19152, 449, 751, 0, '2019-05-17 16:02:53', '2019-05-17 16:02:53');
INSERT INTO `record` VALUES (19153, 450, 751, 0, '2019-05-17 16:02:53', '2019-05-17 16:02:53');
INSERT INTO `record` VALUES (19154, 451, 751, 0, '2019-05-17 16:02:53', '2019-05-17 16:02:53');
INSERT INTO `record` VALUES (19155, 452, 751, 0, '2019-05-17 16:02:53', '2019-05-17 16:02:53');
INSERT INTO `record` VALUES (19156, 453, 751, 0, '2019-05-17 16:02:53', '2019-05-17 16:02:53');
INSERT INTO `record` VALUES (19157, 454, 751, 0, '2019-05-17 16:02:53', '2019-05-17 16:02:53');
INSERT INTO `record` VALUES (19158, 455, 751, 0, '2019-05-17 16:02:53', '2019-05-17 16:02:53');
INSERT INTO `record` VALUES (19159, 456, 751, 0, '2019-05-17 16:02:53', '2019-05-17 16:02:53');
INSERT INTO `record` VALUES (19160, 457, 751, 0, '2019-05-17 16:02:53', '2019-05-17 16:02:53');
INSERT INTO `record` VALUES (19161, 458, 751, 0, '2019-05-17 16:02:53', '2019-05-17 16:02:53');
INSERT INTO `record` VALUES (19162, 459, 751, 0, '2019-05-17 16:02:53', '2019-05-17 16:02:53');
INSERT INTO `record` VALUES (19163, 460, 751, 0, '2019-05-17 16:02:53', '2019-05-17 16:02:53');
INSERT INTO `record` VALUES (19164, 463, 751, 0, '2019-05-17 16:02:53', '2019-05-17 16:02:53');
INSERT INTO `record` VALUES (19165, 464, 751, 0, '2019-05-17 16:02:53', '2019-05-17 16:02:53');
INSERT INTO `record` VALUES (19166, 465, 751, 0, '2019-05-17 16:02:53', '2019-05-17 16:02:53');
INSERT INTO `record` VALUES (19167, 466, 751, 0, '2019-05-17 16:02:53', '2019-05-17 16:02:53');
INSERT INTO `record` VALUES (19168, 467, 751, 0, '2019-05-17 16:02:53', '2019-05-17 16:02:53');
INSERT INTO `record` VALUES (19169, 468, 751, 0, '2019-05-17 16:02:53', '2019-05-17 16:02:53');
INSERT INTO `record` VALUES (19170, 469, 751, 0, '2019-05-17 16:02:53', '2019-05-17 16:02:53');
INSERT INTO `record` VALUES (19171, 470, 751, 0, '2019-05-17 16:02:53', '2019-05-17 16:02:53');
INSERT INTO `record` VALUES (19172, 471, 751, 0, '2019-05-17 16:02:53', '2019-05-17 16:02:53');
INSERT INTO `record` VALUES (19173, 473, 751, 0, '2019-05-17 16:02:53', '2019-05-17 16:02:53');
INSERT INTO `record` VALUES (19174, 474, 751, 0, '2019-05-17 16:02:53', '2019-05-17 16:02:53');
INSERT INTO `record` VALUES (19175, 475, 751, 0, '2019-05-17 16:02:53', '2019-05-17 16:02:53');
INSERT INTO `record` VALUES (19176, 476, 751, 0, '2019-05-17 16:02:53', '2019-05-17 16:02:53');
INSERT INTO `record` VALUES (19177, 477, 751, 0, '2019-05-17 16:02:53', '2019-05-17 16:02:53');
INSERT INTO `record` VALUES (19178, 478, 751, 0, '2019-05-17 16:02:53', '2019-05-17 16:02:53');
INSERT INTO `record` VALUES (19179, 479, 751, 0, '2019-05-17 16:02:53', '2019-05-17 16:02:53');
INSERT INTO `record` VALUES (19180, 480, 751, 0, '2019-05-17 16:02:53', '2019-05-17 16:02:53');
INSERT INTO `record` VALUES (19181, 481, 751, 0, '2019-05-17 16:02:53', '2019-05-17 16:02:53');
INSERT INTO `record` VALUES (19182, 482, 751, 0, '2019-05-17 16:02:53', '2019-05-17 16:02:53');
INSERT INTO `record` VALUES (19183, 483, 751, 0, '2019-05-17 16:02:53', '2019-05-17 16:02:53');
INSERT INTO `record` VALUES (19184, 484, 751, 0, '2019-05-17 16:02:53', '2019-05-17 16:02:53');
INSERT INTO `record` VALUES (19185, 485, 751, 0, '2019-05-17 16:02:53', '2019-05-17 16:02:53');
INSERT INTO `record` VALUES (19186, 486, 751, 0, '2019-05-17 16:02:53', '2019-05-17 16:02:53');
INSERT INTO `record` VALUES (19187, 487, 751, 0, '2019-05-17 16:02:53', '2019-05-17 16:02:53');
INSERT INTO `record` VALUES (19188, 488, 751, 0, '2019-05-17 16:02:53', '2019-05-17 16:02:53');
INSERT INTO `record` VALUES (19189, 489, 751, 0, '2019-05-17 16:02:53', '2019-05-17 16:02:53');
INSERT INTO `record` VALUES (19190, 490, 751, 0, '2019-05-17 16:02:53', '2019-05-17 16:02:53');
INSERT INTO `record` VALUES (19191, 491, 751, 0, '2019-05-17 16:02:53', '2019-05-17 16:02:53');
INSERT INTO `record` VALUES (19192, 492, 751, 0, '2019-05-17 16:02:53', '2019-05-17 16:02:53');
INSERT INTO `record` VALUES (19193, 493, 751, 0, '2019-05-17 16:02:53', '2019-05-17 16:02:53');
INSERT INTO `record` VALUES (19195, 0, 752, 1, '2019-05-17 16:02:54', '2019-05-18 12:50:32');
INSERT INTO `record` VALUES (19197, 422, 752, 0, '2019-05-17 16:02:54', '2019-05-17 16:02:54');
INSERT INTO `record` VALUES (19198, 425, 752, 1, '2019-05-17 16:02:54', '2019-05-18 10:58:23');
INSERT INTO `record` VALUES (19199, 430, 752, 0, '2019-05-17 16:02:54', '2019-05-17 16:02:54');
INSERT INTO `record` VALUES (19200, 433, 752, 0, '2019-05-17 16:02:54', '2019-05-17 16:02:54');
INSERT INTO `record` VALUES (19201, 440, 752, 0, '2019-05-17 16:02:54', '2019-05-17 16:02:54');
INSERT INTO `record` VALUES (19202, 443, 752, 0, '2019-05-17 16:02:54', '2019-05-17 16:02:54');
INSERT INTO `record` VALUES (19203, 445, 752, 0, '2019-05-17 16:02:54', '2019-05-17 16:02:54');
INSERT INTO `record` VALUES (19204, 446, 752, 0, '2019-05-17 16:02:54', '2019-05-17 16:02:54');
INSERT INTO `record` VALUES (19205, 447, 752, 0, '2019-05-17 16:02:54', '2019-05-17 16:02:54');
INSERT INTO `record` VALUES (19206, 448, 752, 0, '2019-05-17 16:02:54', '2019-05-17 16:02:54');
INSERT INTO `record` VALUES (19207, 449, 752, 0, '2019-05-17 16:02:54', '2019-05-17 16:02:54');
INSERT INTO `record` VALUES (19208, 450, 752, 0, '2019-05-17 16:02:54', '2019-05-17 16:02:54');
INSERT INTO `record` VALUES (19209, 451, 752, 0, '2019-05-17 16:02:54', '2019-05-17 16:02:54');
INSERT INTO `record` VALUES (19210, 452, 752, 0, '2019-05-17 16:02:54', '2019-05-17 16:02:54');
INSERT INTO `record` VALUES (19211, 453, 752, 0, '2019-05-17 16:02:54', '2019-05-17 16:02:54');
INSERT INTO `record` VALUES (19212, 454, 752, 0, '2019-05-17 16:02:54', '2019-05-17 16:02:54');
INSERT INTO `record` VALUES (19213, 455, 752, 0, '2019-05-17 16:02:54', '2019-05-17 16:02:54');
INSERT INTO `record` VALUES (19214, 456, 752, 0, '2019-05-17 16:02:54', '2019-05-17 16:02:54');
INSERT INTO `record` VALUES (19215, 457, 752, 0, '2019-05-17 16:02:54', '2019-05-17 16:02:54');
INSERT INTO `record` VALUES (19216, 458, 752, 0, '2019-05-17 16:02:54', '2019-05-17 16:02:54');
INSERT INTO `record` VALUES (19217, 459, 752, 0, '2019-05-17 16:02:54', '2019-05-17 16:02:54');
INSERT INTO `record` VALUES (19218, 460, 752, 0, '2019-05-17 16:02:54', '2019-05-17 16:02:54');
INSERT INTO `record` VALUES (19219, 463, 752, 0, '2019-05-17 16:02:54', '2019-05-17 16:02:54');
INSERT INTO `record` VALUES (19220, 464, 752, 0, '2019-05-17 16:02:54', '2019-05-17 16:02:54');
INSERT INTO `record` VALUES (19221, 465, 752, 0, '2019-05-17 16:02:54', '2019-05-17 16:02:54');
INSERT INTO `record` VALUES (19222, 466, 752, 0, '2019-05-17 16:02:54', '2019-05-17 16:02:54');
INSERT INTO `record` VALUES (19223, 467, 752, 0, '2019-05-17 16:02:54', '2019-05-17 16:02:54');
INSERT INTO `record` VALUES (19224, 468, 752, 0, '2019-05-17 16:02:54', '2019-05-17 16:02:54');
INSERT INTO `record` VALUES (19225, 469, 752, 0, '2019-05-17 16:02:54', '2019-05-17 16:02:54');
INSERT INTO `record` VALUES (19226, 470, 752, 0, '2019-05-17 16:02:54', '2019-05-17 16:02:54');
INSERT INTO `record` VALUES (19227, 471, 752, 0, '2019-05-17 16:02:54', '2019-05-17 16:02:54');
INSERT INTO `record` VALUES (19228, 473, 752, 0, '2019-05-17 16:02:54', '2019-05-17 16:02:54');
INSERT INTO `record` VALUES (19229, 474, 752, 0, '2019-05-17 16:02:54', '2019-05-17 16:02:54');
INSERT INTO `record` VALUES (19230, 475, 752, 0, '2019-05-17 16:02:54', '2019-05-17 16:02:54');
INSERT INTO `record` VALUES (19231, 476, 752, 0, '2019-05-17 16:02:54', '2019-05-17 16:02:54');
INSERT INTO `record` VALUES (19232, 477, 752, 0, '2019-05-17 16:02:54', '2019-05-17 16:02:54');
INSERT INTO `record` VALUES (19233, 478, 752, 0, '2019-05-17 16:02:54', '2019-05-17 16:02:54');
INSERT INTO `record` VALUES (19234, 479, 752, 0, '2019-05-17 16:02:54', '2019-05-17 16:02:54');
INSERT INTO `record` VALUES (19235, 480, 752, 0, '2019-05-17 16:02:54', '2019-05-17 16:02:54');
INSERT INTO `record` VALUES (19236, 481, 752, 0, '2019-05-17 16:02:54', '2019-05-17 16:02:54');
INSERT INTO `record` VALUES (19237, 482, 752, 0, '2019-05-17 16:02:54', '2019-05-17 16:02:54');
INSERT INTO `record` VALUES (19238, 483, 752, 0, '2019-05-17 16:02:54', '2019-05-17 16:02:54');
INSERT INTO `record` VALUES (19239, 484, 752, 0, '2019-05-17 16:02:54', '2019-05-17 16:02:54');
INSERT INTO `record` VALUES (19240, 485, 752, 0, '2019-05-17 16:02:54', '2019-05-17 16:02:54');
INSERT INTO `record` VALUES (19241, 486, 752, 0, '2019-05-17 16:02:54', '2019-05-17 16:02:54');
INSERT INTO `record` VALUES (19242, 487, 752, 0, '2019-05-17 16:02:54', '2019-05-17 16:02:54');
INSERT INTO `record` VALUES (19243, 488, 752, 0, '2019-05-17 16:02:54', '2019-05-17 16:02:54');
INSERT INTO `record` VALUES (19244, 489, 752, 0, '2019-05-17 16:02:54', '2019-05-17 16:02:54');
INSERT INTO `record` VALUES (19245, 490, 752, 0, '2019-05-17 16:02:54', '2019-05-17 16:02:54');
INSERT INTO `record` VALUES (19246, 491, 752, 0, '2019-05-17 16:02:54', '2019-05-17 16:02:54');
INSERT INTO `record` VALUES (19247, 492, 752, 0, '2019-05-17 16:02:54', '2019-05-17 16:02:54');
INSERT INTO `record` VALUES (19248, 493, 752, 0, '2019-05-17 16:02:54', '2019-05-17 16:02:54');
INSERT INTO `record` VALUES (19250, 0, 753, 1, '2019-05-17 16:05:31', '2019-05-18 12:50:32');
INSERT INTO `record` VALUES (19252, 422, 753, 0, '2019-05-17 16:05:31', '2019-05-17 16:05:31');
INSERT INTO `record` VALUES (19253, 425, 753, 1, '2019-05-17 16:05:31', '2019-05-18 10:58:23');
INSERT INTO `record` VALUES (19254, 430, 753, 0, '2019-05-17 16:05:31', '2019-05-17 16:05:31');
INSERT INTO `record` VALUES (19255, 433, 753, 0, '2019-05-17 16:05:31', '2019-05-17 16:05:31');
INSERT INTO `record` VALUES (19256, 440, 753, 0, '2019-05-17 16:05:31', '2019-05-17 16:05:31');
INSERT INTO `record` VALUES (19257, 443, 753, 0, '2019-05-17 16:05:31', '2019-05-17 16:05:31');
INSERT INTO `record` VALUES (19258, 445, 753, 0, '2019-05-17 16:05:31', '2019-05-17 16:05:31');
INSERT INTO `record` VALUES (19259, 446, 753, 0, '2019-05-17 16:05:31', '2019-05-17 16:05:31');
INSERT INTO `record` VALUES (19260, 447, 753, 0, '2019-05-17 16:05:31', '2019-05-17 16:05:31');
INSERT INTO `record` VALUES (19261, 448, 753, 0, '2019-05-17 16:05:31', '2019-05-17 16:05:31');
INSERT INTO `record` VALUES (19262, 449, 753, 0, '2019-05-17 16:05:31', '2019-05-17 16:05:31');
INSERT INTO `record` VALUES (19263, 450, 753, 0, '2019-05-17 16:05:31', '2019-05-17 16:05:31');
INSERT INTO `record` VALUES (19264, 451, 753, 0, '2019-05-17 16:05:31', '2019-05-17 16:05:31');
INSERT INTO `record` VALUES (19265, 452, 753, 0, '2019-05-17 16:05:31', '2019-05-17 16:05:31');
INSERT INTO `record` VALUES (19266, 453, 753, 0, '2019-05-17 16:05:31', '2019-05-17 16:05:31');
INSERT INTO `record` VALUES (19267, 454, 753, 0, '2019-05-17 16:05:31', '2019-05-17 16:05:31');
INSERT INTO `record` VALUES (19268, 455, 753, 0, '2019-05-17 16:05:31', '2019-05-17 16:05:31');
INSERT INTO `record` VALUES (19269, 456, 753, 0, '2019-05-17 16:05:31', '2019-05-17 16:05:31');
INSERT INTO `record` VALUES (19270, 457, 753, 0, '2019-05-17 16:05:31', '2019-05-17 16:05:31');
INSERT INTO `record` VALUES (19271, 458, 753, 0, '2019-05-17 16:05:31', '2019-05-17 16:05:31');
INSERT INTO `record` VALUES (19272, 459, 753, 0, '2019-05-17 16:05:31', '2019-05-17 16:05:31');
INSERT INTO `record` VALUES (19273, 460, 753, 0, '2019-05-17 16:05:31', '2019-05-17 16:05:31');
INSERT INTO `record` VALUES (19274, 463, 753, 0, '2019-05-17 16:05:31', '2019-05-17 16:05:31');
INSERT INTO `record` VALUES (19275, 464, 753, 0, '2019-05-17 16:05:31', '2019-05-17 16:05:31');
INSERT INTO `record` VALUES (19276, 465, 753, 0, '2019-05-17 16:05:31', '2019-05-17 16:05:31');
INSERT INTO `record` VALUES (19277, 466, 753, 0, '2019-05-17 16:05:31', '2019-05-17 16:05:31');
INSERT INTO `record` VALUES (19278, 467, 753, 0, '2019-05-17 16:05:31', '2019-05-17 16:05:31');
INSERT INTO `record` VALUES (19279, 468, 753, 0, '2019-05-17 16:05:31', '2019-05-17 16:05:31');
INSERT INTO `record` VALUES (19280, 469, 753, 0, '2019-05-17 16:05:31', '2019-05-17 16:05:31');
INSERT INTO `record` VALUES (19281, 470, 753, 0, '2019-05-17 16:05:31', '2019-05-17 16:05:31');
INSERT INTO `record` VALUES (19282, 471, 753, 0, '2019-05-17 16:05:31', '2019-05-17 16:05:31');
INSERT INTO `record` VALUES (19283, 473, 753, 0, '2019-05-17 16:05:31', '2019-05-17 16:05:31');
INSERT INTO `record` VALUES (19284, 474, 753, 0, '2019-05-17 16:05:31', '2019-05-17 16:05:31');
INSERT INTO `record` VALUES (19285, 475, 753, 0, '2019-05-17 16:05:31', '2019-05-17 16:05:31');
INSERT INTO `record` VALUES (19286, 476, 753, 0, '2019-05-17 16:05:31', '2019-05-17 16:05:31');
INSERT INTO `record` VALUES (19287, 477, 753, 0, '2019-05-17 16:05:31', '2019-05-17 16:05:31');
INSERT INTO `record` VALUES (19288, 478, 753, 0, '2019-05-17 16:05:31', '2019-05-17 16:05:31');
INSERT INTO `record` VALUES (19289, 479, 753, 0, '2019-05-17 16:05:31', '2019-05-17 16:05:31');
INSERT INTO `record` VALUES (19290, 480, 753, 0, '2019-05-17 16:05:31', '2019-05-17 16:05:31');
INSERT INTO `record` VALUES (19291, 481, 753, 0, '2019-05-17 16:05:31', '2019-05-17 16:05:31');
INSERT INTO `record` VALUES (19292, 482, 753, 0, '2019-05-17 16:05:31', '2019-05-17 16:05:31');
INSERT INTO `record` VALUES (19293, 483, 753, 0, '2019-05-17 16:05:31', '2019-05-17 16:05:31');
INSERT INTO `record` VALUES (19294, 484, 753, 0, '2019-05-17 16:05:31', '2019-05-17 16:05:31');
INSERT INTO `record` VALUES (19295, 485, 753, 0, '2019-05-17 16:05:31', '2019-05-17 16:05:31');
INSERT INTO `record` VALUES (19296, 486, 753, 0, '2019-05-17 16:05:31', '2019-05-17 16:05:31');
INSERT INTO `record` VALUES (19297, 487, 753, 0, '2019-05-17 16:05:31', '2019-05-17 16:05:31');
INSERT INTO `record` VALUES (19298, 488, 753, 0, '2019-05-17 16:05:31', '2019-05-17 16:05:31');
INSERT INTO `record` VALUES (19299, 489, 753, 0, '2019-05-17 16:05:31', '2019-05-17 16:05:31');
INSERT INTO `record` VALUES (19300, 490, 753, 0, '2019-05-17 16:05:31', '2019-05-17 16:05:31');
INSERT INTO `record` VALUES (19301, 491, 753, 0, '2019-05-17 16:05:31', '2019-05-17 16:05:31');
INSERT INTO `record` VALUES (19302, 492, 753, 0, '2019-05-17 16:05:31', '2019-05-17 16:05:31');
INSERT INTO `record` VALUES (19303, 493, 753, 0, '2019-05-17 16:05:31', '2019-05-17 16:05:31');
INSERT INTO `record` VALUES (19305, 0, 754, 1, '2019-05-17 16:05:32', '2019-05-18 12:50:32');
INSERT INTO `record` VALUES (19307, 422, 754, 0, '2019-05-17 16:05:32', '2019-05-17 16:05:32');
INSERT INTO `record` VALUES (19308, 425, 754, 1, '2019-05-17 16:05:32', '2019-05-18 10:58:23');
INSERT INTO `record` VALUES (19309, 430, 754, 0, '2019-05-17 16:05:32', '2019-05-17 16:05:32');
INSERT INTO `record` VALUES (19310, 433, 754, 0, '2019-05-17 16:05:32', '2019-05-17 16:05:32');
INSERT INTO `record` VALUES (19311, 440, 754, 0, '2019-05-17 16:05:32', '2019-05-17 16:05:32');
INSERT INTO `record` VALUES (19312, 443, 754, 0, '2019-05-17 16:05:32', '2019-05-17 16:05:32');
INSERT INTO `record` VALUES (19313, 445, 754, 0, '2019-05-17 16:05:32', '2019-05-17 16:05:32');
INSERT INTO `record` VALUES (19314, 446, 754, 0, '2019-05-17 16:05:32', '2019-05-17 16:05:32');
INSERT INTO `record` VALUES (19315, 447, 754, 0, '2019-05-17 16:05:32', '2019-05-17 16:05:32');
INSERT INTO `record` VALUES (19316, 448, 754, 0, '2019-05-17 16:05:32', '2019-05-17 16:05:32');
INSERT INTO `record` VALUES (19317, 449, 754, 0, '2019-05-17 16:05:32', '2019-05-17 16:05:32');
INSERT INTO `record` VALUES (19318, 450, 754, 0, '2019-05-17 16:05:32', '2019-05-17 16:05:32');
INSERT INTO `record` VALUES (19319, 451, 754, 0, '2019-05-17 16:05:32', '2019-05-17 16:05:32');
INSERT INTO `record` VALUES (19320, 452, 754, 0, '2019-05-17 16:05:32', '2019-05-17 16:05:32');
INSERT INTO `record` VALUES (19321, 453, 754, 0, '2019-05-17 16:05:32', '2019-05-17 16:05:32');
INSERT INTO `record` VALUES (19322, 454, 754, 0, '2019-05-17 16:05:32', '2019-05-17 16:05:32');
INSERT INTO `record` VALUES (19323, 455, 754, 0, '2019-05-17 16:05:32', '2019-05-17 16:05:32');
INSERT INTO `record` VALUES (19324, 456, 754, 0, '2019-05-17 16:05:32', '2019-05-17 16:05:32');
INSERT INTO `record` VALUES (19325, 457, 754, 0, '2019-05-17 16:05:32', '2019-05-17 16:05:32');
INSERT INTO `record` VALUES (19326, 458, 754, 0, '2019-05-17 16:05:32', '2019-05-17 16:05:32');
INSERT INTO `record` VALUES (19327, 459, 754, 0, '2019-05-17 16:05:32', '2019-05-17 16:05:32');
INSERT INTO `record` VALUES (19328, 460, 754, 0, '2019-05-17 16:05:32', '2019-05-17 16:05:32');
INSERT INTO `record` VALUES (19329, 463, 754, 0, '2019-05-17 16:05:32', '2019-05-17 16:05:32');
INSERT INTO `record` VALUES (19330, 464, 754, 0, '2019-05-17 16:05:32', '2019-05-17 16:05:32');
INSERT INTO `record` VALUES (19331, 465, 754, 0, '2019-05-17 16:05:32', '2019-05-17 16:05:32');
INSERT INTO `record` VALUES (19332, 466, 754, 0, '2019-05-17 16:05:32', '2019-05-17 16:05:32');
INSERT INTO `record` VALUES (19333, 467, 754, 0, '2019-05-17 16:05:32', '2019-05-17 16:05:32');
INSERT INTO `record` VALUES (19334, 468, 754, 0, '2019-05-17 16:05:32', '2019-05-17 16:05:32');
INSERT INTO `record` VALUES (19335, 469, 754, 0, '2019-05-17 16:05:32', '2019-05-17 16:05:32');
INSERT INTO `record` VALUES (19336, 470, 754, 0, '2019-05-17 16:05:32', '2019-05-17 16:05:32');
INSERT INTO `record` VALUES (19337, 471, 754, 0, '2019-05-17 16:05:32', '2019-05-17 16:05:32');
INSERT INTO `record` VALUES (19338, 473, 754, 0, '2019-05-17 16:05:32', '2019-05-17 16:05:32');
INSERT INTO `record` VALUES (19339, 474, 754, 0, '2019-05-17 16:05:32', '2019-05-17 16:05:32');
INSERT INTO `record` VALUES (19340, 475, 754, 0, '2019-05-17 16:05:32', '2019-05-17 16:05:32');
INSERT INTO `record` VALUES (19341, 476, 754, 0, '2019-05-17 16:05:32', '2019-05-17 16:05:32');
INSERT INTO `record` VALUES (19342, 477, 754, 0, '2019-05-17 16:05:32', '2019-05-17 16:05:32');
INSERT INTO `record` VALUES (19343, 478, 754, 0, '2019-05-17 16:05:32', '2019-05-17 16:05:32');
INSERT INTO `record` VALUES (19344, 479, 754, 0, '2019-05-17 16:05:32', '2019-05-17 16:05:32');
INSERT INTO `record` VALUES (19345, 480, 754, 0, '2019-05-17 16:05:32', '2019-05-17 16:05:32');
INSERT INTO `record` VALUES (19346, 481, 754, 0, '2019-05-17 16:05:32', '2019-05-17 16:05:32');
INSERT INTO `record` VALUES (19347, 482, 754, 0, '2019-05-17 16:05:32', '2019-05-17 16:05:32');
INSERT INTO `record` VALUES (19348, 483, 754, 0, '2019-05-17 16:05:32', '2019-05-17 16:05:32');
INSERT INTO `record` VALUES (19349, 484, 754, 0, '2019-05-17 16:05:32', '2019-05-17 16:05:32');
INSERT INTO `record` VALUES (19350, 485, 754, 0, '2019-05-17 16:05:32', '2019-05-17 16:05:32');
INSERT INTO `record` VALUES (19351, 486, 754, 0, '2019-05-17 16:05:32', '2019-05-17 16:05:32');
INSERT INTO `record` VALUES (19352, 487, 754, 0, '2019-05-17 16:05:32', '2019-05-17 16:05:32');
INSERT INTO `record` VALUES (19353, 488, 754, 0, '2019-05-17 16:05:32', '2019-05-17 16:05:32');
INSERT INTO `record` VALUES (19354, 489, 754, 0, '2019-05-17 16:05:32', '2019-05-17 16:05:32');
INSERT INTO `record` VALUES (19355, 490, 754, 0, '2019-05-17 16:05:32', '2019-05-17 16:05:32');
INSERT INTO `record` VALUES (19356, 491, 754, 0, '2019-05-17 16:05:32', '2019-05-17 16:05:32');
INSERT INTO `record` VALUES (19357, 492, 754, 0, '2019-05-17 16:05:32', '2019-05-17 16:05:32');
INSERT INTO `record` VALUES (19358, 493, 754, 0, '2019-05-17 16:05:32', '2019-05-17 16:05:32');
INSERT INTO `record` VALUES (19360, 0, 755, 1, '2019-05-17 16:10:48', '2019-05-18 12:50:32');
INSERT INTO `record` VALUES (19362, 422, 755, 0, '2019-05-17 16:10:48', '2019-05-17 16:10:48');
INSERT INTO `record` VALUES (19363, 425, 755, 1, '2019-05-17 16:10:48', '2019-05-18 10:58:23');
INSERT INTO `record` VALUES (19364, 430, 755, 0, '2019-05-17 16:10:48', '2019-05-17 16:10:48');
INSERT INTO `record` VALUES (19365, 433, 755, 0, '2019-05-17 16:10:48', '2019-05-17 16:10:48');
INSERT INTO `record` VALUES (19366, 440, 755, 0, '2019-05-17 16:10:48', '2019-05-17 16:10:48');
INSERT INTO `record` VALUES (19367, 443, 755, 0, '2019-05-17 16:10:48', '2019-05-17 16:10:48');
INSERT INTO `record` VALUES (19368, 445, 755, 0, '2019-05-17 16:10:48', '2019-05-17 16:10:48');
INSERT INTO `record` VALUES (19369, 446, 755, 0, '2019-05-17 16:10:48', '2019-05-17 16:10:48');
INSERT INTO `record` VALUES (19370, 447, 755, 0, '2019-05-17 16:10:48', '2019-05-17 16:10:48');
INSERT INTO `record` VALUES (19371, 448, 755, 0, '2019-05-17 16:10:48', '2019-05-17 16:10:48');
INSERT INTO `record` VALUES (19372, 449, 755, 0, '2019-05-17 16:10:48', '2019-05-17 16:10:48');
INSERT INTO `record` VALUES (19373, 450, 755, 0, '2019-05-17 16:10:48', '2019-05-17 16:10:48');
INSERT INTO `record` VALUES (19374, 451, 755, 0, '2019-05-17 16:10:48', '2019-05-17 16:10:48');
INSERT INTO `record` VALUES (19375, 452, 755, 0, '2019-05-17 16:10:48', '2019-05-17 16:10:48');
INSERT INTO `record` VALUES (19376, 453, 755, 0, '2019-05-17 16:10:48', '2019-05-17 16:10:48');
INSERT INTO `record` VALUES (19377, 454, 755, 0, '2019-05-17 16:10:48', '2019-05-17 16:10:48');
INSERT INTO `record` VALUES (19378, 455, 755, 0, '2019-05-17 16:10:48', '2019-05-17 16:10:48');
INSERT INTO `record` VALUES (19379, 456, 755, 0, '2019-05-17 16:10:48', '2019-05-17 16:10:48');
INSERT INTO `record` VALUES (19380, 457, 755, 0, '2019-05-17 16:10:48', '2019-05-17 16:10:48');
INSERT INTO `record` VALUES (19381, 458, 755, 0, '2019-05-17 16:10:48', '2019-05-17 16:10:48');
INSERT INTO `record` VALUES (19382, 459, 755, 0, '2019-05-17 16:10:48', '2019-05-17 16:10:48');
INSERT INTO `record` VALUES (19383, 460, 755, 0, '2019-05-17 16:10:48', '2019-05-17 16:10:48');
INSERT INTO `record` VALUES (19384, 463, 755, 0, '2019-05-17 16:10:48', '2019-05-17 16:10:48');
INSERT INTO `record` VALUES (19385, 464, 755, 0, '2019-05-17 16:10:48', '2019-05-17 16:10:48');
INSERT INTO `record` VALUES (19386, 465, 755, 0, '2019-05-17 16:10:48', '2019-05-17 16:10:48');
INSERT INTO `record` VALUES (19387, 466, 755, 0, '2019-05-17 16:10:48', '2019-05-17 16:10:48');
INSERT INTO `record` VALUES (19388, 467, 755, 0, '2019-05-17 16:10:48', '2019-05-17 16:10:48');
INSERT INTO `record` VALUES (19389, 468, 755, 0, '2019-05-17 16:10:48', '2019-05-17 16:10:48');
INSERT INTO `record` VALUES (19390, 469, 755, 0, '2019-05-17 16:10:48', '2019-05-17 16:10:48');
INSERT INTO `record` VALUES (19391, 470, 755, 0, '2019-05-17 16:10:48', '2019-05-17 16:10:48');
INSERT INTO `record` VALUES (19392, 471, 755, 0, '2019-05-17 16:10:48', '2019-05-17 16:10:48');
INSERT INTO `record` VALUES (19393, 473, 755, 0, '2019-05-17 16:10:48', '2019-05-17 16:10:48');
INSERT INTO `record` VALUES (19394, 474, 755, 0, '2019-05-17 16:10:48', '2019-05-17 16:10:48');
INSERT INTO `record` VALUES (19395, 475, 755, 0, '2019-05-17 16:10:48', '2019-05-17 16:10:48');
INSERT INTO `record` VALUES (19396, 476, 755, 0, '2019-05-17 16:10:48', '2019-05-17 16:10:48');
INSERT INTO `record` VALUES (19397, 477, 755, 0, '2019-05-17 16:10:48', '2019-05-17 16:10:48');
INSERT INTO `record` VALUES (19398, 478, 755, 0, '2019-05-17 16:10:48', '2019-05-17 16:10:48');
INSERT INTO `record` VALUES (19399, 479, 755, 0, '2019-05-17 16:10:48', '2019-05-17 16:10:48');
INSERT INTO `record` VALUES (19400, 480, 755, 0, '2019-05-17 16:10:48', '2019-05-17 16:10:48');
INSERT INTO `record` VALUES (19401, 481, 755, 0, '2019-05-17 16:10:48', '2019-05-17 16:10:48');
INSERT INTO `record` VALUES (19402, 482, 755, 0, '2019-05-17 16:10:48', '2019-05-17 16:10:48');
INSERT INTO `record` VALUES (19403, 483, 755, 0, '2019-05-17 16:10:48', '2019-05-17 16:10:48');
INSERT INTO `record` VALUES (19404, 484, 755, 0, '2019-05-17 16:10:48', '2019-05-17 16:10:48');
INSERT INTO `record` VALUES (19405, 485, 755, 0, '2019-05-17 16:10:48', '2019-05-17 16:10:48');
INSERT INTO `record` VALUES (19406, 486, 755, 0, '2019-05-17 16:10:48', '2019-05-17 16:10:48');
INSERT INTO `record` VALUES (19407, 487, 755, 0, '2019-05-17 16:10:48', '2019-05-17 16:10:48');
INSERT INTO `record` VALUES (19408, 488, 755, 0, '2019-05-17 16:10:48', '2019-05-17 16:10:48');
INSERT INTO `record` VALUES (19409, 489, 755, 0, '2019-05-17 16:10:48', '2019-05-17 16:10:48');
INSERT INTO `record` VALUES (19410, 490, 755, 0, '2019-05-17 16:10:48', '2019-05-17 16:10:48');
INSERT INTO `record` VALUES (19411, 491, 755, 0, '2019-05-17 16:10:48', '2019-05-17 16:10:48');
INSERT INTO `record` VALUES (19412, 492, 755, 0, '2019-05-17 16:10:48', '2019-05-17 16:10:48');
INSERT INTO `record` VALUES (19413, 493, 755, 0, '2019-05-17 16:10:48', '2019-05-17 16:10:48');
INSERT INTO `record` VALUES (19445, 210, 771, 1, '2019-05-17 16:57:01', '2019-05-17 17:07:57');
INSERT INTO `record` VALUES (19446, 471, 771, 0, '2019-05-17 16:57:01', '2019-05-17 16:57:01');
INSERT INTO `record` VALUES (19447, 0, 772, 1, '2019-05-17 17:35:35', '2019-05-18 12:50:32');
INSERT INTO `record` VALUES (19449, 422, 772, 0, '2019-05-17 17:35:35', '2019-05-17 17:35:35');
INSERT INTO `record` VALUES (19450, 425, 772, 1, '2019-05-17 17:35:35', '2019-05-18 10:58:23');
INSERT INTO `record` VALUES (19451, 430, 772, 0, '2019-05-17 17:35:35', '2019-05-17 17:35:35');
INSERT INTO `record` VALUES (19452, 433, 772, 0, '2019-05-17 17:35:35', '2019-05-17 17:35:35');
INSERT INTO `record` VALUES (19453, 440, 772, 0, '2019-05-17 17:35:35', '2019-05-17 17:35:35');
INSERT INTO `record` VALUES (19454, 443, 772, 0, '2019-05-17 17:35:35', '2019-05-17 17:35:35');
INSERT INTO `record` VALUES (19455, 445, 772, 0, '2019-05-17 17:35:35', '2019-05-17 17:35:35');
INSERT INTO `record` VALUES (19456, 446, 772, 0, '2019-05-17 17:35:35', '2019-05-17 17:35:35');
INSERT INTO `record` VALUES (19457, 447, 772, 0, '2019-05-17 17:35:35', '2019-05-17 17:35:35');
INSERT INTO `record` VALUES (19458, 448, 772, 0, '2019-05-17 17:35:35', '2019-05-17 17:35:35');
INSERT INTO `record` VALUES (19459, 449, 772, 0, '2019-05-17 17:35:35', '2019-05-17 17:35:35');
INSERT INTO `record` VALUES (19460, 450, 772, 0, '2019-05-17 17:35:35', '2019-05-17 17:35:35');
INSERT INTO `record` VALUES (19461, 451, 772, 0, '2019-05-17 17:35:35', '2019-05-17 17:35:35');
INSERT INTO `record` VALUES (19462, 452, 772, 0, '2019-05-17 17:35:35', '2019-05-17 17:35:35');
INSERT INTO `record` VALUES (19463, 453, 772, 0, '2019-05-17 17:35:35', '2019-05-17 17:35:35');
INSERT INTO `record` VALUES (19464, 454, 772, 0, '2019-05-17 17:35:35', '2019-05-17 17:35:35');
INSERT INTO `record` VALUES (19465, 455, 772, 0, '2019-05-17 17:35:35', '2019-05-17 17:35:35');
INSERT INTO `record` VALUES (19466, 456, 772, 0, '2019-05-17 17:35:35', '2019-05-17 17:35:35');
INSERT INTO `record` VALUES (19467, 457, 772, 0, '2019-05-17 17:35:35', '2019-05-17 17:35:35');
INSERT INTO `record` VALUES (19468, 458, 772, 0, '2019-05-17 17:35:35', '2019-05-17 17:35:35');
INSERT INTO `record` VALUES (19469, 459, 772, 0, '2019-05-17 17:35:35', '2019-05-17 17:35:35');
INSERT INTO `record` VALUES (19470, 460, 772, 0, '2019-05-17 17:35:35', '2019-05-17 17:35:35');
INSERT INTO `record` VALUES (19471, 463, 772, 0, '2019-05-17 17:35:35', '2019-05-17 17:35:35');
INSERT INTO `record` VALUES (19472, 464, 772, 0, '2019-05-17 17:35:35', '2019-05-17 17:35:35');
INSERT INTO `record` VALUES (19473, 465, 772, 0, '2019-05-17 17:35:35', '2019-05-17 17:35:35');
INSERT INTO `record` VALUES (19474, 466, 772, 0, '2019-05-17 17:35:35', '2019-05-17 17:35:35');
INSERT INTO `record` VALUES (19475, 467, 772, 0, '2019-05-17 17:35:35', '2019-05-17 17:35:35');
INSERT INTO `record` VALUES (19476, 468, 772, 0, '2019-05-17 17:35:35', '2019-05-17 17:35:35');
INSERT INTO `record` VALUES (19477, 469, 772, 0, '2019-05-17 17:35:35', '2019-05-17 17:35:35');
INSERT INTO `record` VALUES (19478, 470, 772, 0, '2019-05-17 17:35:35', '2019-05-17 17:35:35');
INSERT INTO `record` VALUES (19479, 471, 772, 0, '2019-05-17 17:35:35', '2019-05-17 17:35:35');
INSERT INTO `record` VALUES (19480, 473, 772, 0, '2019-05-17 17:35:35', '2019-05-17 17:35:35');
INSERT INTO `record` VALUES (19481, 474, 772, 0, '2019-05-17 17:35:35', '2019-05-17 17:35:35');
INSERT INTO `record` VALUES (19482, 475, 772, 0, '2019-05-17 17:35:35', '2019-05-17 17:35:35');
INSERT INTO `record` VALUES (19483, 476, 772, 0, '2019-05-17 17:35:35', '2019-05-17 17:35:35');
INSERT INTO `record` VALUES (19484, 477, 772, 0, '2019-05-17 17:35:35', '2019-05-17 17:35:35');
INSERT INTO `record` VALUES (19485, 478, 772, 0, '2019-05-17 17:35:35', '2019-05-17 17:35:35');
INSERT INTO `record` VALUES (19486, 479, 772, 0, '2019-05-17 17:35:35', '2019-05-17 17:35:35');
INSERT INTO `record` VALUES (19487, 480, 772, 0, '2019-05-17 17:35:35', '2019-05-17 17:35:35');
INSERT INTO `record` VALUES (19488, 481, 772, 0, '2019-05-17 17:35:35', '2019-05-17 17:35:35');
INSERT INTO `record` VALUES (19489, 482, 772, 0, '2019-05-17 17:35:35', '2019-05-17 17:35:35');
INSERT INTO `record` VALUES (19490, 483, 772, 0, '2019-05-17 17:35:35', '2019-05-17 17:35:35');
INSERT INTO `record` VALUES (19491, 484, 772, 0, '2019-05-17 17:35:35', '2019-05-17 17:35:35');
INSERT INTO `record` VALUES (19492, 485, 772, 0, '2019-05-17 17:35:35', '2019-05-17 17:35:35');
INSERT INTO `record` VALUES (19493, 486, 772, 0, '2019-05-17 17:35:35', '2019-05-17 17:35:35');
INSERT INTO `record` VALUES (19494, 487, 772, 0, '2019-05-17 17:35:35', '2019-05-17 17:35:35');
INSERT INTO `record` VALUES (19495, 488, 772, 0, '2019-05-17 17:35:35', '2019-05-17 17:35:35');
INSERT INTO `record` VALUES (19496, 489, 772, 0, '2019-05-17 17:35:35', '2019-05-17 17:35:35');
INSERT INTO `record` VALUES (19497, 490, 772, 0, '2019-05-17 17:35:35', '2019-05-17 17:35:35');
INSERT INTO `record` VALUES (19498, 491, 772, 0, '2019-05-17 17:35:35', '2019-05-17 17:35:35');
INSERT INTO `record` VALUES (19499, 492, 772, 0, '2019-05-17 17:35:35', '2019-05-17 17:35:35');
INSERT INTO `record` VALUES (19500, 493, 772, 0, '2019-05-17 17:35:35', '2019-05-17 17:35:35');
INSERT INTO `record` VALUES (19501, 494, 772, 0, '2019-05-17 17:35:35', '2019-05-17 17:35:35');
INSERT INTO `record` VALUES (19502, 440, 773, 0, '2019-05-17 17:58:29', '2019-05-17 17:58:29');
INSERT INTO `record` VALUES (19503, 0, 773, 0, '2019-05-17 17:58:29', '2019-05-17 17:58:29');
INSERT INTO `record` VALUES (19504, 471, 774, 0, '2019-05-17 18:07:51', '2019-05-17 18:07:51');
INSERT INTO `record` VALUES (19510, 450, 778, 0, '2019-05-17 19:03:43', '2019-05-17 19:03:43');
INSERT INTO `record` VALUES (19511, 0, 778, 0, '2019-05-17 19:03:43', '2019-05-17 19:03:43');
INSERT INTO `record` VALUES (19512, 463, 779, 0, '2019-05-17 19:03:50', '2019-05-17 19:03:50');
INSERT INTO `record` VALUES (19513, 0, 779, 0, '2019-05-17 19:03:50', '2019-05-17 19:03:50');
INSERT INTO `record` VALUES (19514, 471, 780, 0, '2019-05-17 19:16:56', '2019-05-17 19:16:56');
INSERT INTO `record` VALUES (19515, 0, 780, 0, '2019-05-17 19:16:56', '2019-05-17 19:16:56');
INSERT INTO `record` VALUES (19516, 210, 781, 1, '2019-05-17 19:17:15', '2019-05-17 19:18:08');
INSERT INTO `record` VALUES (19517, 0, 782, 1, '2019-05-17 19:36:35', '2019-05-18 12:50:32');
INSERT INTO `record` VALUES (19518, 210, 782, 1, '2019-05-17 19:36:35', '2019-05-17 19:38:51');
INSERT INTO `record` VALUES (19519, 422, 782, 0, '2019-05-17 19:36:35', '2019-05-17 19:36:35');
INSERT INTO `record` VALUES (19520, 425, 782, 1, '2019-05-17 19:36:35', '2019-05-18 10:58:23');
INSERT INTO `record` VALUES (19521, 430, 782, 0, '2019-05-17 19:36:35', '2019-05-17 19:36:35');
INSERT INTO `record` VALUES (19522, 433, 782, 0, '2019-05-17 19:36:35', '2019-05-17 19:36:35');
INSERT INTO `record` VALUES (19523, 440, 782, 0, '2019-05-17 19:36:35', '2019-05-17 19:36:35');
INSERT INTO `record` VALUES (19524, 443, 782, 0, '2019-05-17 19:36:35', '2019-05-17 19:36:35');
INSERT INTO `record` VALUES (19525, 445, 782, 0, '2019-05-17 19:36:35', '2019-05-17 19:36:35');
INSERT INTO `record` VALUES (19526, 446, 782, 0, '2019-05-17 19:36:35', '2019-05-17 19:36:35');
INSERT INTO `record` VALUES (19527, 447, 782, 0, '2019-05-17 19:36:35', '2019-05-17 19:36:35');
INSERT INTO `record` VALUES (19528, 448, 782, 0, '2019-05-17 19:36:35', '2019-05-17 19:36:35');
INSERT INTO `record` VALUES (19529, 449, 782, 0, '2019-05-17 19:36:35', '2019-05-17 19:36:35');
INSERT INTO `record` VALUES (19530, 450, 782, 0, '2019-05-17 19:36:35', '2019-05-17 19:36:35');
INSERT INTO `record` VALUES (19531, 451, 782, 0, '2019-05-17 19:36:35', '2019-05-17 19:36:35');
INSERT INTO `record` VALUES (19532, 452, 782, 0, '2019-05-17 19:36:35', '2019-05-17 19:36:35');
INSERT INTO `record` VALUES (19533, 453, 782, 0, '2019-05-17 19:36:35', '2019-05-17 19:36:35');
INSERT INTO `record` VALUES (19534, 454, 782, 0, '2019-05-17 19:36:35', '2019-05-17 19:36:35');
INSERT INTO `record` VALUES (19535, 455, 782, 0, '2019-05-17 19:36:35', '2019-05-17 19:36:35');
INSERT INTO `record` VALUES (19536, 456, 782, 0, '2019-05-17 19:36:35', '2019-05-17 19:36:35');
INSERT INTO `record` VALUES (19537, 457, 782, 0, '2019-05-17 19:36:35', '2019-05-17 19:36:35');
INSERT INTO `record` VALUES (19538, 458, 782, 0, '2019-05-17 19:36:35', '2019-05-17 19:36:35');
INSERT INTO `record` VALUES (19539, 459, 782, 0, '2019-05-17 19:36:35', '2019-05-17 19:36:35');
INSERT INTO `record` VALUES (19540, 460, 782, 0, '2019-05-17 19:36:35', '2019-05-17 19:36:35');
INSERT INTO `record` VALUES (19541, 463, 782, 0, '2019-05-17 19:36:35', '2019-05-17 19:36:35');
INSERT INTO `record` VALUES (19542, 464, 782, 0, '2019-05-17 19:36:35', '2019-05-17 19:36:35');
INSERT INTO `record` VALUES (19543, 465, 782, 0, '2019-05-17 19:36:35', '2019-05-17 19:36:35');
INSERT INTO `record` VALUES (19544, 466, 782, 0, '2019-05-17 19:36:35', '2019-05-17 19:36:35');
INSERT INTO `record` VALUES (19545, 467, 782, 0, '2019-05-17 19:36:35', '2019-05-17 19:36:35');
INSERT INTO `record` VALUES (19546, 468, 782, 0, '2019-05-17 19:36:35', '2019-05-17 19:36:35');
INSERT INTO `record` VALUES (19547, 469, 782, 0, '2019-05-17 19:36:35', '2019-05-17 19:36:35');
INSERT INTO `record` VALUES (19548, 470, 782, 0, '2019-05-17 19:36:35', '2019-05-17 19:36:35');
INSERT INTO `record` VALUES (19549, 471, 782, 0, '2019-05-17 19:36:35', '2019-05-17 19:36:35');
INSERT INTO `record` VALUES (19550, 473, 782, 0, '2019-05-17 19:36:35', '2019-05-17 19:36:35');
INSERT INTO `record` VALUES (19551, 474, 782, 0, '2019-05-17 19:36:35', '2019-05-17 19:36:35');
INSERT INTO `record` VALUES (19552, 475, 782, 0, '2019-05-17 19:36:35', '2019-05-17 19:36:35');
INSERT INTO `record` VALUES (19553, 476, 782, 0, '2019-05-17 19:36:35', '2019-05-17 19:36:35');
INSERT INTO `record` VALUES (19554, 477, 782, 0, '2019-05-17 19:36:35', '2019-05-17 19:36:35');
INSERT INTO `record` VALUES (19555, 478, 782, 0, '2019-05-17 19:36:35', '2019-05-17 19:36:35');
INSERT INTO `record` VALUES (19556, 479, 782, 0, '2019-05-17 19:36:35', '2019-05-17 19:36:35');
INSERT INTO `record` VALUES (19557, 480, 782, 0, '2019-05-17 19:36:35', '2019-05-17 19:36:35');
INSERT INTO `record` VALUES (19558, 481, 782, 0, '2019-05-17 19:36:35', '2019-05-17 19:36:35');
INSERT INTO `record` VALUES (19559, 482, 782, 0, '2019-05-17 19:36:35', '2019-05-17 19:36:35');
INSERT INTO `record` VALUES (19560, 483, 782, 0, '2019-05-17 19:36:35', '2019-05-17 19:36:35');
INSERT INTO `record` VALUES (19561, 484, 782, 0, '2019-05-17 19:36:35', '2019-05-17 19:36:35');
INSERT INTO `record` VALUES (19562, 485, 782, 0, '2019-05-17 19:36:35', '2019-05-17 19:36:35');
INSERT INTO `record` VALUES (19563, 486, 782, 0, '2019-05-17 19:36:35', '2019-05-17 19:36:35');
INSERT INTO `record` VALUES (19564, 487, 782, 0, '2019-05-17 19:36:35', '2019-05-17 19:36:35');
INSERT INTO `record` VALUES (19565, 488, 782, 0, '2019-05-17 19:36:35', '2019-05-17 19:36:35');
INSERT INTO `record` VALUES (19566, 489, 782, 0, '2019-05-17 19:36:35', '2019-05-17 19:36:35');
INSERT INTO `record` VALUES (19567, 490, 782, 0, '2019-05-17 19:36:35', '2019-05-17 19:36:35');
INSERT INTO `record` VALUES (19568, 491, 782, 0, '2019-05-17 19:36:35', '2019-05-17 19:36:35');
INSERT INTO `record` VALUES (19569, 492, 782, 0, '2019-05-17 19:36:35', '2019-05-17 19:36:35');
INSERT INTO `record` VALUES (19570, 493, 782, 0, '2019-05-17 19:36:35', '2019-05-17 19:36:35');
INSERT INTO `record` VALUES (19571, 494, 782, 0, '2019-05-17 19:36:35', '2019-05-17 19:36:35');
INSERT INTO `record` VALUES (19572, 0, 783, 1, '2019-05-18 12:49:33', '2019-05-18 12:50:32');
INSERT INTO `record` VALUES (19573, 210, 783, 0, '2019-05-18 12:49:33', '2019-05-18 12:49:33');
INSERT INTO `record` VALUES (19574, 422, 783, 0, '2019-05-18 12:49:33', '2019-05-18 12:49:33');
INSERT INTO `record` VALUES (19575, 425, 783, 0, '2019-05-18 12:49:33', '2019-05-18 12:49:33');
INSERT INTO `record` VALUES (19576, 430, 783, 0, '2019-05-18 12:49:33', '2019-05-18 12:49:33');
INSERT INTO `record` VALUES (19577, 433, 783, 0, '2019-05-18 12:49:33', '2019-05-18 12:49:33');
INSERT INTO `record` VALUES (19578, 440, 783, 0, '2019-05-18 12:49:33', '2019-05-18 12:49:33');
INSERT INTO `record` VALUES (19579, 443, 783, 0, '2019-05-18 12:49:33', '2019-05-18 12:49:33');
INSERT INTO `record` VALUES (19580, 445, 783, 0, '2019-05-18 12:49:33', '2019-05-18 12:49:33');
INSERT INTO `record` VALUES (19581, 446, 783, 0, '2019-05-18 12:49:33', '2019-05-18 12:49:33');
INSERT INTO `record` VALUES (19582, 447, 783, 0, '2019-05-18 12:49:33', '2019-05-18 12:49:33');
INSERT INTO `record` VALUES (19583, 448, 783, 0, '2019-05-18 12:49:33', '2019-05-18 12:49:33');
INSERT INTO `record` VALUES (19584, 449, 783, 0, '2019-05-18 12:49:33', '2019-05-18 12:49:33');
INSERT INTO `record` VALUES (19585, 450, 783, 0, '2019-05-18 12:49:33', '2019-05-18 12:49:33');
INSERT INTO `record` VALUES (19586, 451, 783, 0, '2019-05-18 12:49:33', '2019-05-18 12:49:33');
INSERT INTO `record` VALUES (19587, 452, 783, 0, '2019-05-18 12:49:33', '2019-05-18 12:49:33');
INSERT INTO `record` VALUES (19588, 453, 783, 0, '2019-05-18 12:49:33', '2019-05-18 12:49:33');
INSERT INTO `record` VALUES (19589, 454, 783, 0, '2019-05-18 12:49:33', '2019-05-18 12:49:33');
INSERT INTO `record` VALUES (19590, 455, 783, 0, '2019-05-18 12:49:33', '2019-05-18 12:49:33');
INSERT INTO `record` VALUES (19591, 456, 783, 0, '2019-05-18 12:49:33', '2019-05-18 12:49:33');
INSERT INTO `record` VALUES (19592, 457, 783, 0, '2019-05-18 12:49:33', '2019-05-18 12:49:33');
INSERT INTO `record` VALUES (19593, 458, 783, 0, '2019-05-18 12:49:33', '2019-05-18 12:49:33');
INSERT INTO `record` VALUES (19594, 459, 783, 0, '2019-05-18 12:49:33', '2019-05-18 12:49:33');
INSERT INTO `record` VALUES (19595, 460, 783, 0, '2019-05-18 12:49:33', '2019-05-18 12:49:33');
INSERT INTO `record` VALUES (19596, 463, 783, 0, '2019-05-18 12:49:33', '2019-05-18 12:49:33');
INSERT INTO `record` VALUES (19597, 464, 783, 0, '2019-05-18 12:49:33', '2019-05-18 12:49:33');
INSERT INTO `record` VALUES (19598, 465, 783, 0, '2019-05-18 12:49:33', '2019-05-18 12:49:33');
INSERT INTO `record` VALUES (19599, 466, 783, 0, '2019-05-18 12:49:33', '2019-05-18 12:49:33');
INSERT INTO `record` VALUES (19600, 467, 783, 0, '2019-05-18 12:49:33', '2019-05-18 12:49:33');
INSERT INTO `record` VALUES (19601, 468, 783, 0, '2019-05-18 12:49:33', '2019-05-18 12:49:33');
INSERT INTO `record` VALUES (19602, 469, 783, 0, '2019-05-18 12:49:33', '2019-05-18 12:49:33');
INSERT INTO `record` VALUES (19603, 470, 783, 0, '2019-05-18 12:49:33', '2019-05-18 12:49:33');
INSERT INTO `record` VALUES (19604, 471, 783, 0, '2019-05-18 12:49:33', '2019-05-18 12:49:33');
INSERT INTO `record` VALUES (19605, 473, 783, 0, '2019-05-18 12:49:33', '2019-05-18 12:49:33');
INSERT INTO `record` VALUES (19606, 474, 783, 0, '2019-05-18 12:49:33', '2019-05-18 12:49:33');
INSERT INTO `record` VALUES (19607, 475, 783, 0, '2019-05-18 12:49:33', '2019-05-18 12:49:33');
INSERT INTO `record` VALUES (19608, 476, 783, 0, '2019-05-18 12:49:33', '2019-05-18 12:49:33');
INSERT INTO `record` VALUES (19609, 477, 783, 0, '2019-05-18 12:49:33', '2019-05-18 12:49:33');
INSERT INTO `record` VALUES (19610, 478, 783, 0, '2019-05-18 12:49:33', '2019-05-18 12:49:33');
INSERT INTO `record` VALUES (19611, 479, 783, 0, '2019-05-18 12:49:33', '2019-05-18 12:49:33');
INSERT INTO `record` VALUES (19612, 480, 783, 0, '2019-05-18 12:49:33', '2019-05-18 12:49:33');
INSERT INTO `record` VALUES (19613, 481, 783, 0, '2019-05-18 12:49:33', '2019-05-18 12:49:33');
INSERT INTO `record` VALUES (19614, 482, 783, 0, '2019-05-18 12:49:33', '2019-05-18 12:49:33');
INSERT INTO `record` VALUES (19615, 483, 783, 0, '2019-05-18 12:49:33', '2019-05-18 12:49:33');
INSERT INTO `record` VALUES (19616, 484, 783, 0, '2019-05-18 12:49:33', '2019-05-18 12:49:33');
INSERT INTO `record` VALUES (19617, 485, 783, 0, '2019-05-18 12:49:33', '2019-05-18 12:49:33');
INSERT INTO `record` VALUES (19618, 486, 783, 0, '2019-05-18 12:49:33', '2019-05-18 12:49:33');
INSERT INTO `record` VALUES (19619, 487, 783, 0, '2019-05-18 12:49:33', '2019-05-18 12:49:33');
INSERT INTO `record` VALUES (19620, 488, 783, 0, '2019-05-18 12:49:33', '2019-05-18 12:49:33');
INSERT INTO `record` VALUES (19621, 489, 783, 0, '2019-05-18 12:49:33', '2019-05-18 12:49:33');
INSERT INTO `record` VALUES (19622, 490, 783, 0, '2019-05-18 12:49:33', '2019-05-18 12:49:33');
INSERT INTO `record` VALUES (19623, 491, 783, 0, '2019-05-18 12:49:33', '2019-05-18 12:49:33');
INSERT INTO `record` VALUES (19624, 492, 783, 0, '2019-05-18 12:49:33', '2019-05-18 12:49:33');
INSERT INTO `record` VALUES (19625, 493, 783, 0, '2019-05-18 12:49:33', '2019-05-18 12:49:33');
INSERT INTO `record` VALUES (19626, 494, 783, 0, '2019-05-18 12:49:33', '2019-05-18 12:49:33');
INSERT INTO `record` VALUES (19627, 495, 783, 0, '2019-05-18 12:49:33', '2019-05-18 12:49:33');
INSERT INTO `record` VALUES (19628, 496, 783, 0, '2019-05-18 12:49:33', '2019-05-18 12:49:33');
INSERT INTO `record` VALUES (19629, 497, 783, 0, '2019-05-18 12:49:33', '2019-05-18 12:49:33');
INSERT INTO `record` VALUES (19630, 498, 783, 0, '2019-05-18 12:49:33', '2019-05-18 12:49:33');
INSERT INTO `record` VALUES (19631, 499, 783, 0, '2019-05-18 12:49:33', '2019-05-18 12:49:33');
INSERT INTO `record` VALUES (19632, 500, 783, 0, '2019-05-18 12:49:33', '2019-05-18 12:49:33');
INSERT INTO `record` VALUES (19633, 501, 783, 0, '2019-05-18 12:49:33', '2019-05-18 12:49:33');
INSERT INTO `record` VALUES (19634, 502, 783, 0, '2019-05-18 12:49:33', '2019-05-18 12:49:33');
INSERT INTO `record` VALUES (19635, 503, 783, 0, '2019-05-18 12:49:33', '2019-05-18 12:49:33');
INSERT INTO `record` VALUES (19636, 504, 783, 0, '2019-05-18 12:49:33', '2019-05-18 12:49:33');
INSERT INTO `record` VALUES (19637, 505, 783, 0, '2019-05-18 12:49:33', '2019-05-18 12:49:33');
INSERT INTO `record` VALUES (19638, 506, 783, 0, '2019-05-18 12:49:33', '2019-05-18 12:49:33');
INSERT INTO `record` VALUES (19639, 507, 783, 0, '2019-05-18 12:49:33', '2019-05-18 12:49:33');
INSERT INTO `record` VALUES (19640, 508, 783, 0, '2019-05-18 12:49:33', '2019-05-18 12:49:33');
INSERT INTO `record` VALUES (19641, 509, 783, 0, '2019-05-18 12:49:33', '2019-05-18 12:49:33');
INSERT INTO `record` VALUES (19642, 510, 783, 0, '2019-05-18 12:49:33', '2019-05-18 12:49:33');
INSERT INTO `record` VALUES (19643, 512, 783, 0, '2019-05-18 12:49:33', '2019-05-18 12:49:33');
INSERT INTO `record` VALUES (19644, 513, 783, 0, '2019-05-18 12:49:33', '2019-05-18 12:49:33');
INSERT INTO `record` VALUES (19645, 514, 783, 0, '2019-05-18 12:49:33', '2019-05-18 12:49:33');
INSERT INTO `record` VALUES (19646, 515, 783, 0, '2019-05-18 12:49:33', '2019-05-18 12:49:33');
INSERT INTO `record` VALUES (19647, 516, 783, 0, '2019-05-18 12:49:33', '2019-05-18 12:49:33');
INSERT INTO `record` VALUES (19648, 517, 783, 0, '2019-05-18 12:49:33', '2019-05-18 12:49:33');
INSERT INTO `record` VALUES (19649, 518, 783, 0, '2019-05-18 12:49:33', '2019-05-18 12:49:33');
INSERT INTO `record` VALUES (19650, 519, 783, 0, '2019-05-18 12:49:33', '2019-05-18 12:49:33');
INSERT INTO `record` VALUES (19651, 520, 783, 0, '2019-05-18 12:49:33', '2019-05-18 12:49:33');
INSERT INTO `record` VALUES (19652, 521, 783, 0, '2019-05-18 12:49:33', '2019-05-18 12:49:33');
INSERT INTO `record` VALUES (19653, 522, 783, 0, '2019-05-18 12:49:33', '2019-05-18 12:49:33');
INSERT INTO `record` VALUES (19654, 523, 783, 0, '2019-05-18 12:49:33', '2019-05-18 12:49:33');
INSERT INTO `record` VALUES (19655, 524, 783, 0, '2019-05-18 12:49:33', '2019-05-18 12:49:33');
INSERT INTO `record` VALUES (19656, 525, 783, 0, '2019-05-18 12:49:33', '2019-05-18 12:49:33');
INSERT INTO `record` VALUES (19657, 526, 783, 0, '2019-05-18 12:49:33', '2019-05-18 12:49:33');
INSERT INTO `record` VALUES (19658, 527, 783, 0, '2019-05-18 12:49:33', '2019-05-18 12:49:33');
INSERT INTO `record` VALUES (19659, 528, 783, 0, '2019-05-18 12:49:33', '2019-05-18 12:49:33');
INSERT INTO `record` VALUES (19660, 1, 783, 1, '2019-05-18 12:49:33', '2019-05-18 12:49:37');
INSERT INTO `record` VALUES (19661, 0, 784, 0, '2019-05-18 12:54:26', '2019-05-18 12:54:26');
INSERT INTO `record` VALUES (19662, 210, 784, 0, '2019-05-18 12:54:26', '2019-05-18 12:54:26');
INSERT INTO `record` VALUES (19663, 1, 784, 1, '2019-05-18 12:54:26', '2019-05-18 12:54:30');
INSERT INTO `record` VALUES (19664, 529, 785, 0, '2019-05-18 13:31:28', '2019-05-18 13:31:28');
INSERT INTO `record` VALUES (19665, 1, 785, 0, '2019-05-18 13:31:28', '2019-05-18 13:31:28');
INSERT INTO `record` VALUES (19666, 529, 786, 0, '2019-05-18 13:31:34', '2019-05-18 13:31:34');
INSERT INTO `record` VALUES (19667, 1, 786, 0, '2019-05-18 13:31:34', '2019-05-18 13:31:34');
INSERT INTO `record` VALUES (19668, 529, 787, 0, '2019-05-18 13:31:42', '2019-05-18 13:31:42');
INSERT INTO `record` VALUES (19669, 1, 787, 0, '2019-05-18 13:31:42', '2019-05-18 13:31:42');

-- ----------------------------
-- Table structure for remark
-- ----------------------------
DROP TABLE IF EXISTS `remark`;
CREATE TABLE `remark`  (
  `id` bigint(10) UNSIGNED NOT NULL AUTO_INCREMENT COMMENT '主键',
  `user_id` bigint(10) UNSIGNED NOT NULL COMMENT '评论者id',
  `moment_id` bigint(10) UNSIGNED NOT NULL COMMENT '评论对象id',
  `content` varchar(255) CHARACTER SET utf8 COLLATE utf8_general_ci NOT NULL DEFAULT '' COMMENT '内容',
  `time` timestamp(0) NOT NULL DEFAULT CURRENT_TIMESTAMP(0) COMMENT '发表时间',
  `love` int(10) UNSIGNED NOT NULL DEFAULT 0 COMMENT '点赞数',
  `collect` int(10) UNSIGNED NOT NULL DEFAULT 0 COMMENT '收藏量',
  `reply` int(10) UNSIGNED NOT NULL DEFAULT 0 COMMENT '回复数',
  `status` smallint(1) UNSIGNED NOT NULL DEFAULT 0 COMMENT '状态',
  `gmt_create` datetime(0) NOT NULL DEFAULT CURRENT_TIMESTAMP(0) COMMENT '创建时间',
  `gmt_modified` datetime(0) NOT NULL DEFAULT CURRENT_TIMESTAMP(0) ON UPDATE CURRENT_TIMESTAMP(0) COMMENT '修改时间',
  PRIMARY KEY (`id`) USING BTREE,
  INDEX `fk_user_id_7`(`user_id`) USING BTREE,
  INDEX `fk_target_id_2`(`moment_id`) USING BTREE,
  CONSTRAINT `fk_target_id_1` FOREIGN KEY (`moment_id`) REFERENCES `moment` (`id`) ON DELETE CASCADE ON UPDATE CASCADE,
  CONSTRAINT `fk_user_id_7` FOREIGN KEY (`user_id`) REFERENCES `user` (`id`) ON DELETE CASCADE ON UPDATE CASCADE
) ENGINE = InnoDB AUTO_INCREMENT = 51 CHARACTER SET = utf8 COLLATE = utf8_general_ci ROW_FORMAT = Dynamic;

-- ----------------------------
-- Records of remark
-- ----------------------------
INSERT INTO `remark` VALUES (3, 0, 88, '朋友圈的评论', '2019-05-14 10:28:54', 0, 0, 0, 0, '2019-05-14 02:04:54', '2019-05-14 02:04:54');
INSERT INTO `remark` VALUES (4, 210, 99, '来自test5的评论', '2019-05-14 10:28:54', 0, 0, 0, 0, '2019-05-14 02:12:30', '2019-05-14 02:12:30');
INSERT INTO `remark` VALUES (5, 210, 99, '来自test5的第二条评论', '2019-05-14 10:28:54', 0, 0, 0, 0, '2019-05-14 02:13:07', '2019-05-14 02:13:07');
INSERT INTO `remark` VALUES (6, 210, 99, '第三条评论', '2019-05-14 10:28:54', 0, 0, 0, 0, '2019-05-14 03:59:07', '2019-05-14 10:28:20');
INSERT INTO `remark` VALUES (7, 210, 99, '第四条评论', '2019-05-14 10:28:54', 0, 0, 0, 0, '2019-05-14 04:01:52', '2019-05-14 10:28:21');
INSERT INTO `remark` VALUES (8, 210, 99, '第五条评论', '2019-05-14 10:28:54', 0, 0, 0, 0, '2019-05-14 10:25:40', '2019-05-14 10:28:39');
INSERT INTO `remark` VALUES (10, 210, 99, 'aaa', '2019-05-15 00:00:12', 0, 0, 0, 0, '2019-05-15 00:00:14', '2019-05-15 00:00:14');
INSERT INTO `remark` VALUES (11, 210, 99, 'aa', '2019-05-15 00:03:59', 0, 0, 0, 0, '2019-05-15 00:03:59', '2019-05-15 00:03:59');
INSERT INTO `remark` VALUES (12, 210, 99, 'aaaaaa', '2019-05-15 00:04:13', 0, 0, 0, 0, '2019-05-15 00:04:13', '2019-05-15 00:04:13');
INSERT INTO `remark` VALUES (13, 210, 99, 'sasas', '2019-05-15 00:06:40', 0, 0, 0, 0, '2019-05-15 00:06:41', '2019-05-15 00:06:41');
INSERT INTO `remark` VALUES (14, 210, 99, 'kkk', '2019-05-15 01:17:36', 0, 0, 0, 0, '2019-05-15 01:17:37', '2019-05-15 01:17:37');
INSERT INTO `remark` VALUES (15, 210, 99, 'kkkk', '2019-05-15 01:17:43', 0, 0, 0, 0, '2019-05-15 01:17:45', '2019-05-15 01:17:45');
INSERT INTO `remark` VALUES (16, 210, 99, 'jjj', '2019-05-15 01:21:54', 0, 0, 0, 0, '2019-05-15 01:21:55', '2019-05-15 01:21:55');
INSERT INTO `remark` VALUES (17, 210, 99, 'lllll', '2019-05-15 01:23:12', 0, 0, 0, 0, '2019-05-15 01:23:13', '2019-05-15 01:23:13');
INSERT INTO `remark` VALUES (18, 210, 99, 'hkh', '2019-05-15 01:23:42', 0, 0, 0, 0, '2019-05-15 01:23:43', '2019-05-15 01:23:43');
INSERT INTO `remark` VALUES (19, 210, 99, 'klkl', '2019-05-15 01:23:49', 0, 0, 0, 0, '2019-05-15 01:23:49', '2019-05-15 01:23:49');
INSERT INTO `remark` VALUES (24, 210, 99, '比较不好的消息就是data-*的浏览器兼容性情况十分不乐观，InternetExplorer11+LZ测试比较不好的消息就是data-*的浏览器兼容性情况十分不乐观，InternetExplorer11+LZ测试', '2019-05-15 02:13:52', 0, 0, 0, 0, '2019-05-15 02:13:56', '2019-05-15 02:13:56');
INSERT INTO `remark` VALUES (26, 210, 99, '@test5', '2019-05-15 02:47:24', 0, 0, 0, 0, '2019-05-15 02:47:26', '2019-05-15 02:47:26');
INSERT INTO `remark` VALUES (27, 210, 99, '@test5我回复你一下', '2019-05-15 02:47:51', 0, 0, 0, 0, '2019-05-15 02:47:52', '2019-05-15 02:47:52');
INSERT INTO `remark` VALUES (28, 210, 102, '比较不好的消息就是data-*的浏览器兼容性情况十分不乐观', '2019-05-15 03:38:55', 0, 0, 0, 0, '2019-05-15 03:38:57', '2019-05-15 03:38:57');
INSERT INTO `remark` VALUES (29, 210, 102, '@test5比较不好的消息就是data-*的浏览器兼容性情况十分不乐观', '2019-05-15 03:39:13', 0, 0, 0, 0, '2019-05-15 03:39:14', '2019-05-15 03:39:14');
INSERT INTO `remark` VALUES (30, 471, 114, '我是沉默的妄想者，我评论了你的朋友圈，快来看一下吧', '2019-05-15 15:12:39', 0, 0, 0, 0, '2019-05-15 15:12:40', '2019-05-15 15:12:40');
INSERT INTO `remark` VALUES (32, 425, 99, '', '2019-05-17 00:09:12', 0, 0, 0, 0, '2019-05-17 00:09:13', '2019-05-17 00:09:13');
INSERT INTO `remark` VALUES (33, 210, 92, '', '2019-05-17 00:09:36', 0, 0, 0, 0, '2019-05-17 00:09:38', '2019-05-17 00:09:38');
INSERT INTO `remark` VALUES (34, 210, 92, '啊手动阀', '2019-05-17 18:18:15', 0, 0, 0, 0, '2019-05-17 18:18:16', '2019-05-17 18:18:16');
INSERT INTO `remark` VALUES (43, 210, 115, 'sad', '2019-05-17 18:57:43', 0, 0, 0, 0, '2019-05-17 18:57:43', '2019-05-17 18:57:43');
INSERT INTO `remark` VALUES (44, 210, 109, 'sddf', '2019-05-17 18:58:41', 0, 0, 0, 0, '2019-05-17 18:58:42', '2019-05-17 18:58:42');
INSERT INTO `remark` VALUES (45, 210, 115, '@我是科比学徒 xsds', '2019-05-17 19:00:23', 0, 0, 0, 0, '2019-05-17 19:00:24', '2019-05-17 19:00:24');
INSERT INTO `remark` VALUES (46, 210, 115, '@我是科比学徒 sssssssss', '2019-05-17 19:01:12', 0, 0, 0, 0, '2019-05-17 19:01:13', '2019-05-17 19:01:13');
INSERT INTO `remark` VALUES (48, 210, 101, 'ffhhf', '2019-05-17 19:18:52', 0, 0, 0, 0, '2019-05-17 19:18:52', '2019-05-17 19:18:52');
INSERT INTO `remark` VALUES (50, 210, 101, '@我是科比学徒 opuoyo', '2019-05-17 19:19:30', 0, 0, 0, 0, '2019-05-17 19:19:30', '2019-05-17 19:19:30');

-- ----------------------------
-- Table structure for reply
-- ----------------------------
DROP TABLE IF EXISTS `reply`;
CREATE TABLE `reply`  (
  `id` bigint(10) UNSIGNED NOT NULL AUTO_INCREMENT COMMENT '主键',
  `user_id` bigint(10) UNSIGNED NOT NULL COMMENT '回复者id',
  `to_uid` bigint(10) UNSIGNED NOT NULL COMMENT '被回复用户id',
  `remark_id` bigint(10) UNSIGNED NOT NULL COMMENT '所处评论id',
  `content` varchar(255) CHARACTER SET utf8 COLLATE utf8_general_ci NOT NULL DEFAULT '' COMMENT '内容',
  `love` int(10) UNSIGNED NOT NULL DEFAULT 0 COMMENT '点赞数',
  `collect` int(10) UNSIGNED NOT NULL COMMENT '收藏量',
  `status` smallint(1) UNSIGNED NOT NULL COMMENT '状态',
  `gmt_create` datetime(0) NOT NULL DEFAULT CURRENT_TIMESTAMP(0) COMMENT '创建时间',
  `gmt_modified` datetime(0) NOT NULL DEFAULT CURRENT_TIMESTAMP(0) ON UPDATE CURRENT_TIMESTAMP(0) COMMENT '修改时间',
  PRIMARY KEY (`id`) USING BTREE,
  INDEX `fk_user_id_8`(`user_id`) USING BTREE,
  INDEX `fk_remark_id_1`(`remark_id`) USING BTREE,
  CONSTRAINT `fk_remark_id_1` FOREIGN KEY (`remark_id`) REFERENCES `remark` (`id`) ON DELETE CASCADE ON UPDATE CASCADE,
  CONSTRAINT `fk_user_id_8` FOREIGN KEY (`user_id`) REFERENCES `user` (`id`) ON DELETE CASCADE ON UPDATE CASCADE
) ENGINE = InnoDB AUTO_INCREMENT = 1 CHARACTER SET = utf8 COLLATE = utf8_general_ci ROW_FORMAT = Dynamic;

-- ----------------------------
-- Table structure for role
-- ----------------------------
DROP TABLE IF EXISTS `role`;
CREATE TABLE `role`  (
  `id` bigint(10) UNSIGNED NOT NULL AUTO_INCREMENT COMMENT '主键',
  `name` varchar(255) CHARACTER SET utf8 COLLATE utf8_general_ci NOT NULL DEFAULT '' COMMENT '角色名称',
  `description` varchar(255) CHARACTER SET utf8 COLLATE utf8_general_ci NOT NULL DEFAULT '' COMMENT '角色描述',
  `status` smallint(1) UNSIGNED NOT NULL COMMENT '状态',
  `gmt_create` datetime(0) NOT NULL DEFAULT CURRENT_TIMESTAMP(0) COMMENT '创建时间',
  `gmt_modified` datetime(0) NOT NULL DEFAULT CURRENT_TIMESTAMP(0) ON UPDATE CURRENT_TIMESTAMP(0) COMMENT '修改时间',
  PRIMARY KEY (`id`) USING BTREE
) ENGINE = InnoDB AUTO_INCREMENT = 1 CHARACTER SET = utf8 COLLATE = utf8_general_ci ROW_FORMAT = Dynamic;

-- ----------------------------
-- Table structure for role_permission
-- ----------------------------
DROP TABLE IF EXISTS `role_permission`;
CREATE TABLE `role_permission`  (
  `id` bigint(10) UNSIGNED NOT NULL AUTO_INCREMENT COMMENT '主键',
  `role_id` bigint(10) UNSIGNED NOT NULL COMMENT '角色id',
  `permission_id` bigint(10) UNSIGNED NOT NULL COMMENT '权限id',
  `status` smallint(1) UNSIGNED NOT NULL COMMENT '状态',
  `gmt_create` datetime(0) NOT NULL DEFAULT CURRENT_TIMESTAMP(0) COMMENT '创建时间',
  `gmt_modified` datetime(0) NOT NULL DEFAULT CURRENT_TIMESTAMP(0) ON UPDATE CURRENT_TIMESTAMP(0) COMMENT '修改时间',
  PRIMARY KEY (`id`) USING BTREE,
  INDEX `fk_permission_id`(`permission_id`) USING BTREE,
  INDEX `fk_permission_role`(`role_id`) USING BTREE,
  CONSTRAINT `fk_permission_id` FOREIGN KEY (`permission_id`) REFERENCES `permission` (`id`) ON DELETE CASCADE ON UPDATE CASCADE,
  CONSTRAINT `fk_permission_role` FOREIGN KEY (`role_id`) REFERENCES `role` (`id`) ON DELETE CASCADE ON UPDATE CASCADE
) ENGINE = InnoDB AUTO_INCREMENT = 1 CHARACTER SET = utf8 COLLATE = utf8_general_ci ROW_FORMAT = Dynamic;

-- ----------------------------
-- Table structure for user
-- ----------------------------
DROP TABLE IF EXISTS `user`;
CREATE TABLE `user`  (
  `id` bigint(10) UNSIGNED NOT NULL AUTO_INCREMENT COMMENT '主键',
  `email` varchar(50) CHARACTER SET utf8 COLLATE utf8_general_ci NOT NULL DEFAULT '' COMMENT '邮箱号',
  `wechat_id` varchar(32) CHARACTER SET utf8 COLLATE utf8_general_ci NOT NULL DEFAULT '未设置' COMMENT '微信号',
  `phone` varchar(32) CHARACTER SET utf8 COLLATE utf8_general_ci NOT NULL DEFAULT '' COMMENT '手机号',
  `password` varchar(32) CHARACTER SET utf8 COLLATE utf8_general_ci NOT NULL DEFAULT '1234' COMMENT '账号密码',
  `gender` varchar(3) CHARACTER SET utf8 COLLATE utf8_general_ci NOT NULL DEFAULT '未设置' COMMENT '性别（未设置/男/女）',
  `signature` varchar(255) CHARACTER SET utf8 COLLATE utf8_general_ci NOT NULL DEFAULT '大家好，我是练习时长两年半的个人练习生,喜欢唱、跳、rap、篮球' COMMENT '个性签名',
  `name` varchar(32) CHARACTER SET utf8 COLLATE utf8_general_ci NOT NULL DEFAULT '默认昵称' COMMENT '用户昵称',
  `photo` varchar(40) CHARACTER SET utf8 COLLATE utf8_general_ci NOT NULL DEFAULT '用户头像.png' COMMENT '用户头像',
  `chat_background` varchar(255) CHARACTER SET utf8 COLLATE utf8_general_ci NOT NULL DEFAULT '' COMMENT '聊天背景',
  `location` varchar(255) CHARACTER SET utf8 COLLATE utf8_general_ci NOT NULL DEFAULT '' COMMENT '用户所在地区',
  `online_status` varchar(10) CHARACTER SET utf8 COLLATE utf8_general_ci NOT NULL DEFAULT '离线' COMMENT '在线状态（离线/在线/隐身/忙碌）',
  `status` smallint(1) UNSIGNED NOT NULL DEFAULT 0 COMMENT '账户状态',
  `gmt_create` datetime(0) NOT NULL DEFAULT CURRENT_TIMESTAMP(0) COMMENT '插入时间',
  `gmt_modified` datetime(0) NOT NULL DEFAULT CURRENT_TIMESTAMP(0) ON UPDATE CURRENT_TIMESTAMP(0) COMMENT '最后修改时间',
  PRIMARY KEY (`id`) USING BTREE
) ENGINE = InnoDB AUTO_INCREMENT = 530 CHARACTER SET = utf8 COLLATE = utf8_general_ci ROW_FORMAT = Dynamic;

-- ----------------------------
-- Records of user
-- ----------------------------
INSERT INTO `user` VALUES (0, '微信团队', '未设置', '', 'jW5m3zPjqimCqx+/W6Fbpg==', '未设置', '微信，是一种生活方式', '微信团队', '微信.png', 'd4d63b2a383c47fbb8a6a2a744ad3282.jpg', '', '离线', 0, '2019-05-09 15:52:49', '2019-05-18 11:15:24');
INSERT INTO `user` VALUES (1, '黄钰朝', '未设置', '', 'jW5m3zPjqimCqx+/W6Fbpg==', '未设置', '我喜欢唱、跳、rap、篮球', '黄钰朝(开发者账号)', '73608ec9dbbd473c8e6c691ecf017b67.jpg', '', '', '离线', 0, '2019-05-16 13:38:43', '2019-05-18 12:23:07');
INSERT INTO `user` VALUES (210, 'test5@qq.com', '未设置', '', 'Ftek/KdELdo62TyacmWX5A==', '未设置', '我是群主大佬', '我是科比学徒', '7c470aa40da345e2a827937f1d46535a.jpg', '67c489ccb80d49e2b1aec2a7c9a780cb.jpg', '', '离线', 0, '2019-05-09 16:09:50', '2019-05-15 17:02:13');
INSERT INTO `user` VALUES (421, 'visitor@wechat.com', '未设置', '', '1234', '未设置', '大家好，我是练习时长两年半的个人练习生,喜欢唱、跳、rap、篮球', '游客', 'user_photo.jpg', '', '', '离线', 0, '2019-05-13 17:16:25', '2019-05-13 17:16:25');
INSERT INTO `user` VALUES (422, 'visitor@wechat.com', '未设置', '', '1234', '未设置', '大家好，我是练习时长两年半的个人练习生,喜欢唱、跳、rap、篮球', '游客', 'user_photo.jpg', '', '', '离线', 0, '2019-05-13 17:22:14', '2019-05-13 17:22:14');
INSERT INTO `user` VALUES (423, 'visitor@wechat.com', '未设置', '', '1234', '未设置', '大家好，我是练习时长两年半的个人练习生,喜欢唱、跳、rap、篮球', '游客', 'user_photo.jpg', '', '', '离线', 0, '2019-05-13 17:23:38', '2019-05-13 17:23:38');
INSERT INTO `user` VALUES (424, 'visitor@wechat.com', '未设置', '', '1234', '未设置', '大家好，我是练习时长两年半的个人练习生,喜欢唱、跳、rap、篮球', '游客', 'user_photo.jpg', '', '', '离线', 0, '2019-05-13 17:26:25', '2019-05-13 17:26:25');
INSERT INTO `user` VALUES (425, 'test2@qq.com', '未设置', '', 'Ftek/KdELdo62TyacmWX5A==', '未设置', '大家好，我是练习时长两年半的个人练习生,喜欢唱、跳、rap、篮球', 'test2@qq.com', 'user_photo.jpg', '', '', '离线', 0, '2019-05-13 17:30:18', '2019-05-13 17:30:18');
INSERT INTO `user` VALUES (426, '', '未设置', '', '1234', '未设置', '大家好，我是练习时长两年半的个人练习生,喜欢唱、跳、rap、篮球', 'testasdf中文', 'user_photo.jpg', '', '', '离线', 0, '2019-05-13 18:38:38', '2019-05-13 18:38:38');
INSERT INTO `user` VALUES (427, '', '未设置', '', '1234', '未设置', '大家好，我是练习时长两年半的个人练习生,喜欢唱、跳、rap、篮球', 'testasdf中文', 'user_photo.jpg', '', '', '离线', 0, '2019-05-13 18:39:01', '2019-05-13 18:39:01');
INSERT INTO `user` VALUES (428, 'visitor@wechat.com', '未设置', '', '1234', '未设置', '大家好，我是练习时长两年半的个人练习生,喜欢唱、跳、rap、篮球', '游客', 'user_photo.jpg', '', '', '离线', 0, '2019-05-13 23:04:54', '2019-05-13 23:04:54');
INSERT INTO `user` VALUES (429, 'visitor@wechat.com', '未设置', '', '1234', '未设置', '大家好，我是练习时长两年半的个人练习生,喜欢唱、跳、rap、篮球', '游客', 'user_photo.jpg', '', '', '离线', 0, '2019-05-13 23:05:29', '2019-05-13 23:05:29');
INSERT INTO `user` VALUES (430, 'visitor@wechat.com', '未设置', '', '1234', '未设置', '大家好，我是练习时长两年半的个人练习生,喜欢唱、跳、rap、篮球', '游客', 'user_photo.jpg', '', '', '离线', 0, '2019-05-13 23:13:17', '2019-05-13 23:13:17');
INSERT INTO `user` VALUES (431, 'visitor@wechat.com', '未设置', '', '1234', '未设置', '大家好，我是练习时长两年半的个人练习生,喜欢唱、跳、rap、篮球', '游客', 'user_photo.jpg', '', '', '离线', 0, '2019-05-13 23:17:59', '2019-05-13 23:17:59');
INSERT INTO `user` VALUES (432, 'visitor@wechat.com', '未设置', '', '1234', '未设置', '大家好，我是练习时长两年半的个人练习生,喜欢唱、跳、rap、篮球', '游客', 'user_photo.jpg', '', '', '离线', 0, '2019-05-14 15:39:27', '2019-05-14 15:39:27');
INSERT INTO `user` VALUES (433, 'visitor@wechat.com', '未设置', '', '1234', '未设置', '大家好，我是练习时长两年半的个人练习生,喜欢唱、跳、rap、篮球', '游客', 'user_photo.jpg', '', '', '离线', 0, '2019-05-14 15:39:34', '2019-05-14 15:39:34');
INSERT INTO `user` VALUES (434, 'visitor@wechat.com', '未设置', '', '1234', '未设置', '大家好，我是练习时长两年半的个人练习生,喜欢唱、跳、rap、篮球', '游客', 'user_photo.jpg', '', '', '离线', 0, '2019-05-14 15:39:41', '2019-05-14 15:39:41');
INSERT INTO `user` VALUES (435, 'visitor@wechat.com', '未设置', '', '1234', '未设置', '大家好，我是练习时长两年半的个人练习生,喜欢唱、跳、rap、篮球', '游客', 'user_photo.jpg', '', '', '离线', 0, '2019-05-14 15:39:46', '2019-05-14 15:39:46');
INSERT INTO `user` VALUES (436, 'visitor@wechat.com', '未设置', '', '1234', '未设置', '大家好，我是练习时长两年半的个人练习生,喜欢唱、跳、rap、篮球', '游客', 'user_photo.jpg', '', '', '离线', 0, '2019-05-14 15:40:12', '2019-05-14 15:40:12');
INSERT INTO `user` VALUES (437, 'visitor@wechat.com', '未设置', '', '1234', '未设置', '大家好，我是练习时长两年半的个人练习生,喜欢唱、跳、rap、篮球', '游客', 'user_photo.jpg', '', '', '离线', 0, '2019-05-14 15:41:10', '2019-05-14 15:41:10');
INSERT INTO `user` VALUES (438, 'visitor@wechat.com', '未设置', '', '1234', '未设置', '大家好，我是练习时长两年半的个人练习生,喜欢唱、跳、rap、篮球', '游客', 'user_photo.jpg', '', '', '离线', 0, '2019-05-14 16:29:19', '2019-05-14 16:29:19');
INSERT INTO `user` VALUES (439, 'visitor@wechat.com', '未设置', '', '1234', '未设置', '大家好，我是练习时长两年半的个人练习生,喜欢唱、跳、rap、篮球', '游客', 'user_photo.jpg', '', '', '离线', 0, '2019-05-14 16:30:49', '2019-05-14 16:30:49');
INSERT INTO `user` VALUES (440, 'visitor@wechat.com', '未设置', '', '1234', '未设置', '大家好，我是练习时长两年半的个人练习生,喜欢唱、跳、rap、篮球', '游客', 'user_photo.jpg', '', '', '离线', 0, '2019-05-14 16:34:36', '2019-05-14 16:34:36');
INSERT INTO `user` VALUES (441, 'visitor@wechat.com', '未设置', '', '1234', '未设置', '大家好，我是练习时长两年半的个人练习生,喜欢唱、跳、rap、篮球', '游客', 'user_photo.jpg', '', '', '离线', 0, '2019-05-14 16:36:06', '2019-05-14 16:36:06');
INSERT INTO `user` VALUES (442, 'visitor@wechat.com', '未设置', '', '1234', '未设置', '大家好，我是练习时长两年半的个人练习生,喜欢唱、跳、rap、篮球', '游客', 'user_photo.jpg', '', '', '离线', 0, '2019-05-14 16:38:04', '2019-05-14 16:38:04');
INSERT INTO `user` VALUES (443, 'visitor@wechat.com', '未设置', '', '1234', '未设置', '大家好，我是练习时长两年半的个人练习生,喜欢唱、跳、rap、篮球', '游客', 'user_photo.jpg', '', '', '离线', 0, '2019-05-14 16:39:42', '2019-05-14 16:39:42');
INSERT INTO `user` VALUES (444, 'visitor@wechat.com', '未设置', '', '1234', '未设置', '大家好，我是练习时长两年半的个人练习生,喜欢唱、跳、rap、篮球', '游客', 'user_photo.jpg', '', '', '离线', 0, '2019-05-14 16:40:21', '2019-05-14 16:40:21');
INSERT INTO `user` VALUES (445, 'visitor@wechat.com', 'b4fb0ee970d94129b28b88e33b1c0f5d', '', '1234', '未设置', '大家好，我是练习时长两年半的个人练习生,喜欢唱、跳、rap、篮球', '游客', 'user_photo.jpg', '', '', '离线', 0, '2019-05-14 17:10:33', '2019-05-14 17:10:33');
INSERT INTO `user` VALUES (446, 'visitor@wechat.com', '52ad20c705e0426aa8d37e8b43169af1', '', '1234', '未设置', '大家好，我是练习时长两年半的个人练习生,喜欢唱、跳、rap、篮球', '游客', 'user_photo.jpg', '', '', '离线', 0, '2019-05-14 17:26:43', '2019-05-14 17:26:43');
INSERT INTO `user` VALUES (447, 'visitor@wechat.com', '87a07966ae504ca7960e665e33a06720', '', '1234', '未设置', '大家好，我是练习时长两年半的个人练习生,喜欢唱、跳、rap、篮球', '游客', 'user_photo.jpg', '', '', '离线', 0, '2019-05-14 17:58:43', '2019-05-14 17:58:43');
INSERT INTO `user` VALUES (448, 'visitor@wechat.com', '681c1dbbd3244b71962ebae02884308c', '', '1234', '未设置', '大家好，我是练习时长两年半的个人练习生,喜欢唱、跳、rap、篮球', '游客', 'user_photo.jpg', '', '', '离线', 0, '2019-05-14 20:35:32', '2019-05-14 20:35:32');
INSERT INTO `user` VALUES (449, 'visitor@wechat.com', '56ad3feca2c743a2ba5c8830328a462f', '', '1234', '未设置', '大家好，我是练习时长两年半的个人练习生,喜欢唱、跳、rap、篮球', '游客', 'user_photo.jpg', '', '', '离线', 0, '2019-05-14 21:05:25', '2019-05-14 21:05:25');
INSERT INTO `user` VALUES (450, 'visitor@wechat.com', 'b855cb5b0ba54744bd17e2e738545b46', '', '1234', '未设置', '大家好，我是练习时长两年半的个人练习生,喜欢唱、跳、rap、篮球', '游客', 'user_photo.jpg', '', '', '离线', 0, '2019-05-14 21:15:43', '2019-05-14 21:15:43');
INSERT INTO `user` VALUES (451, 'visitor@wechat.com', '5cbc74421e914c13b05bdd9fb72c2c88', '', '1234', '未设置', '大家好，我是练习时长两年半的个人练习生,喜欢唱、跳、rap、篮球', '游客', 'user_photo.jpg', '', '', '离线', 0, '2019-05-14 21:33:53', '2019-05-14 21:33:53');
INSERT INTO `user` VALUES (452, 'visitor@wechat.com', '020090d1e7ba458d8a6640d20a15bc55', '', '1234', '未设置', '大家好，我是练习时长两年半的个人练习生,喜欢唱、跳、rap、篮球', '游客', 'user_photo.jpg', '', '', '离线', 0, '2019-05-14 21:50:00', '2019-05-14 21:50:00');
INSERT INTO `user` VALUES (453, 'visitor@wechat.com', '9659bd64a6fa4eebb3b07d5eaffbc895', '', '1234', '未设置', '大家好，我是练习时长两年半的个人练习生,喜欢唱、跳、rap、篮球', '游客', 'user_photo.jpg', '', '', '离线', 0, '2019-05-14 22:02:07', '2019-05-14 22:02:07');
INSERT INTO `user` VALUES (454, 'visitor@wechat.com', 'c3c13ffca5704f489640573e3edf44c3', '', '1234', '未设置', '大家好，我是练习时长两年半的个人练习生,喜欢唱、跳、rap、篮球', '游客', 'user_photo.jpg', '', '', '离线', 0, '2019-05-14 22:02:07', '2019-05-14 22:02:07');
INSERT INTO `user` VALUES (455, 'visitor@wechat.com', 'd8adc457b7b2405fa8328461131665a9', '', '1234', '未设置', '大家好，我是练习时长两年半的个人练习生,喜欢唱、跳、rap、篮球', '游客', 'user_photo.jpg', '', '', '离线', 0, '2019-05-14 22:11:28', '2019-05-14 22:11:28');
INSERT INTO `user` VALUES (456, 'visitor@wechat.com', 'f4fae62cd18d438fa937fadb03e84802', '', '1234', '未设置', '大家好，我是练习时长两年半的个人练习生,喜欢唱、跳、rap、篮球', '游客', 'user_photo.jpg', '', '', '离线', 0, '2019-05-14 22:20:51', '2019-05-14 22:20:51');
INSERT INTO `user` VALUES (457, 'visitor@wechat.com', '0524e9763034442984cc8dd18d10e2e9', '', '1234', '未设置', '大家好，我是练习时长两年半的个人练习生,喜欢唱、跳、rap、篮球', '游客', 'user_photo.jpg', '', '', '离线', 0, '2019-05-14 22:29:26', '2019-05-14 22:29:26');
INSERT INTO `user` VALUES (458, 'visitor@wechat.com', '35aebb68e7f542c883ef2546cd243113', '', '1234', '未设置', '大家好，我是练习时长两年半的个人练习生,喜欢唱、跳、rap、篮球', '游客', 'user_photo.jpg', '', '', '离线', 0, '2019-05-14 23:14:29', '2019-05-14 23:14:29');
INSERT INTO `user` VALUES (459, 'visitor@wechat.com', 'fc4a948e30a14be58dab260b3efd7fbe', '', '1234', '未设置', '大家好，我是练习时长两年半的个人练习生,喜欢唱、跳、rap、篮球', '游客', 'user_photo.jpg', '', '', '离线', 0, '2019-05-14 23:28:08', '2019-05-14 23:28:08');
INSERT INTO `user` VALUES (460, 'visitor@wechat.com', '4e7c436009cc4ba7887308fe1199b9b7', '', '1234', '未设置', '大家好，我是练习时长两年半的个人练习生,喜欢唱、跳、rap、篮球', '游客', 'user_photo.jpg', '', '', '离线', 0, '2019-05-14 23:34:31', '2019-05-14 23:34:31');
INSERT INTO `user` VALUES (462, 'visitor@wechat.com', '3acdc8583bc34689af3a0bcd2fde89ce', '', '1234', '未设置', '大家好，我是练习时长两年半的个人练习生,喜欢唱、跳、rap、篮球', '游客', 'user_photo.jpg', '', '', '离线', 0, '2019-05-15 05:45:34', '2019-05-15 05:45:34');
INSERT INTO `user` VALUES (463, 'visitor@wechat.com', '36343e74edac48bb9a604568f1188c25', '', '1234', '未设置', '大家好，我是练习时长两年半的个人练习生,喜欢唱、跳、rap、篮球', '游客', 'user_photo.jpg', '', '', '离线', 0, '2019-05-15 05:47:17', '2019-05-15 05:47:17');
INSERT INTO `user` VALUES (464, 'visitor@wechat.com', '48938803d9d04b37834aa88e4a4f39c5', '', '1234', '未设置', '大家好，我是练习时长两年半的个人练习生,喜欢唱、跳、rap、篮球', '游客', 'user_photo.jpg', '', '', '离线', 0, '2019-05-15 13:28:42', '2019-05-15 13:28:42');
INSERT INTO `user` VALUES (465, 'visitor@wechat.com', '1e78e16745a04167bb8096c2c758ba3e', '', '1234', '未设置', '大家好，我是练习时长两年半的个人练习生,喜欢唱、跳、rap、篮球', '游客', 'user_photo.jpg', '', '', '离线', 0, '2019-05-15 13:37:45', '2019-05-15 13:37:45');
INSERT INTO `user` VALUES (466, 'visitor@wechat.com', '8233f3b8471744f8a3827d4ecfc75573', '', '1234', '未设置', '大家好，我是练习时长两年半的个人练习生,喜欢唱、跳、rap、篮球', '游客', 'user_photo.jpg', '', '', '离线', 0, '2019-05-15 13:39:17', '2019-05-15 13:39:17');
INSERT INTO `user` VALUES (467, 'visitor@wechat.com', '5b5d5a8d4caa4a85a63afcebf3fc9279', '', '1234', '未设置', '大家好，我是练习时长两年半的个人练习生,喜欢唱、跳、rap、篮球', '游客', 'user_photo.jpg', '', '', '离线', 0, '2019-05-15 13:42:27', '2019-05-15 13:42:27');
INSERT INTO `user` VALUES (468, 'visitor@wechat.com', '1e0a65d10dd04caeb276c2445a239139', '', '1234', '未设置', '大家好，我是练习时长两年半的个人练习生,喜欢唱、跳、rap、篮球', '游客', 'user_photo.jpg', '', '', '离线', 0, '2019-05-15 13:43:26', '2019-05-15 13:43:26');
INSERT INTO `user` VALUES (469, 'visitor@wechat.com', '130d60df68af48ecab78f268537710c2', '', '1234', '未设置', '大家好，我是练习时长两年半的个人练习生,喜欢唱、跳、rap、篮球', '游客', '用户头像.png', '', '', '离线', 0, '2019-05-15 14:00:40', '2019-05-15 14:00:40');
INSERT INTO `user` VALUES (470, 'visitor@wechat.com', 'cf10cd30835a408c94f8ad53c8cc115c', '', '1234', '未设置', '大家好，我是练习时长两年半的个人练习生,喜欢唱、跳、rap、篮球', '游客', '用户头像.png', '', '', '离线', 0, '2019-05-15 14:25:43', '2019-05-15 14:25:43');
INSERT INTO `user` VALUES (471, '3205579341@qq.com', '未设置', '', 'Ftek/KdELdo62TyacmWX5A==', '未设置', '我喜欢唱、跳、rap、篮球', '沉默的妄想者', 'a7fa4dc2e22c4d1dadefba71c4e4947a.jpg', '0436345ad7a549fbbf47bd2713d64bc5.j', '', '离线', 0, '2019-05-15 14:32:20', '2019-05-15 18:24:58');
INSERT INTO `user` VALUES (473, 'visitor@wechat.com', '17933e7ba6594c14a267ef3e9d4063d1', '', '1234', '未设置', '大家好，我是练习时长两年半的个人练习生,喜欢唱、跳、rap、篮球', '游客', '用户头像.png', '', '', '离线', 0, '2019-05-16 13:35:26', '2019-05-16 13:35:26');
INSERT INTO `user` VALUES (474, 'visitor@wechat.com', '6c3755da8e444c47a31b8b5eea93e5fa', '', '1234', '未设置', '大家好，我是练习时长两年半的个人练习生,喜欢唱、跳、rap、篮球', '游客', '用户头像.png', '', '', '离线', 0, '2019-05-16 13:38:06', '2019-05-16 13:38:06');
INSERT INTO `user` VALUES (475, 'visitor@wechat.com', 'ce579e85d1874b418bfa364a2e8006ae', '', '1234', '未设置', '大家好，我是练习时长两年半的个人练习生,喜欢唱、跳、rap、篮球', '游客', '用户头像.png', '', '', '离线', 0, '2019-05-16 16:33:10', '2019-05-16 16:33:10');
INSERT INTO `user` VALUES (476, 'visitor@wechat.com', '67b0a60a50154a5ba7c0de6ee4805891', '', '1234', '未设置', '大家好，我是练习时长两年半的个人练习生,喜欢唱、跳、rap、篮球', '游客', '用户头像.png', '', '', '离线', 0, '2019-05-16 17:02:26', '2019-05-16 17:02:26');
INSERT INTO `user` VALUES (477, 'visitorFDSF@fsjadf.com', '未设置', '', 'bOKSmnodg4hh2uUo3QFv3Q==', '未设置', '大家好，我是练习时长两年半的个人练习生,喜欢唱、跳、rap、篮球', 'visitorFDSF@fsjadf.com', '用户头像.png', '', '', '离线', 0, '2019-05-16 17:14:02', '2019-05-16 17:14:02');
INSERT INTO `user` VALUES (478, 'visitorFDfSF@fsjadf.com', '未设置', '', 'bOKSmnodg4hh2uUo3QFv3Q==', '未设置', '大家好，我是练习时长两年半的个人练习生,喜欢唱、跳、rap、篮球', 'visitorFDfSF@fsjadf.com', '用户头像.png', '', '', '离线', 0, '2019-05-16 17:16:05', '2019-05-16 17:16:05');
INSERT INTO `user` VALUES (479, 'sad@fd.vo', '未设置', '', 'z0C3UyPm7JKDWNxy4eHoBw==', '未设置', '大家好，我是练习时长两年半的个人练习生,喜欢唱、跳、rap、篮球', 'sad@fd.vo', '用户头像.png', '', '', '离线', 0, '2019-05-16 17:16:21', '2019-05-16 17:16:21');
INSERT INTO `user` VALUES (480, 'fsdaf@fad.csad', '未设置', '', '3ZGisyHipfSGrHKSN0809Q==', '未设置', '大家好，我是练习时长两年半的个人练习生,喜欢唱、跳、rap、篮球', 'fsdaf@fad.csad', '用户头像.png', '', '', '离线', 0, '2019-05-16 17:19:18', '2019-05-16 17:19:18');
INSERT INTO `user` VALUES (481, 'visitor@wechat.com', '783b826960024f43bee21819c78c2c70', '', '1234', '未设置', '大家好，我是练习时长两年半的个人练习生,喜欢唱、跳、rap、篮球', '游客', '用户头像.png', '', '', '离线', 0, '2019-05-16 17:22:21', '2019-05-16 17:22:21');
INSERT INTO `user` VALUES (482, 'visitor@wechat.com', 'cbe8f83dc4e14739b3deb63ca534cdf8', '', '1234', '未设置', '大家好，我是练习时长两年半的个人练习生,喜欢唱、跳、rap、篮球', '游客', '用户头像.png', '', '', '离线', 0, '2019-05-16 18:31:34', '2019-05-16 18:31:34');
INSERT INTO `user` VALUES (483, 'visitor@wechat.com', '00fbf2fea4fa42fa834fe536f1792a76', '', '1234', '未设置', '大家好，我是练习时长两年半的个人练习生,喜欢唱、跳、rap、篮球', '游客', '用户头像.png', '', '', '离线', 0, '2019-05-16 18:32:26', '2019-05-16 18:32:26');
INSERT INTO `user` VALUES (484, 'visitor@wechat.com', '044f40917a6f490faeb51c9a19eccec5', '', '1234', '未设置', '大家好，我是练习时长两年半的个人练习生,喜欢唱、跳、rap、篮球', '游客', '用户头像.png', '', '', '离线', 0, '2019-05-16 18:33:04', '2019-05-16 18:33:04');
INSERT INTO `user` VALUES (485, 'visitor@wechat.com', '04363c4c010f4bf4a176babf287c28cd', '', '1234', '未设置', '大家好，我是练习时长两年半的个人练习生,喜欢唱、跳、rap、篮球', '游客', '用户头像.png', '', '', '离线', 0, '2019-05-16 18:45:59', '2019-05-16 18:45:59');
INSERT INTO `user` VALUES (486, 'visitor@wechat.com', 'fbf8c959decc4c55b709c6524cac049e', '', '1234', '未设置', '大家好，我是练习时长两年半的个人练习生,喜欢唱、跳、rap、篮球', '游客', '用户头像.png', '', '', '离线', 0, '2019-05-16 19:02:04', '2019-05-16 19:02:04');
INSERT INTO `user` VALUES (487, 'visitor@wechat.com', '750df822ed0043e3a38119a7b66bc268', '', '1234', '未设置', '大家好，我是练习时长两年半的个人练习生,喜欢唱、跳、rap、篮球', '游客', '用户头像.png', '', '', '离线', 0, '2019-05-16 19:12:59', '2019-05-16 19:12:59');
INSERT INTO `user` VALUES (488, 'visitor@wechat.com', 'a33e43a74c0e44dc8eb87464c021c71a', '', '1234', '未设置', '大家好，我是练习时长两年半的个人练习生,喜欢唱、跳、rap、篮球', '游客', '用户头像.png', '', '', '离线', 0, '2019-05-16 19:14:28', '2019-05-16 19:14:28');
INSERT INTO `user` VALUES (489, 'visitor@wechat.com', '472948711ed148cca032423a116b5c78', '', '1234', '未设置', '大家好，我是练习时长两年半的个人练习生,喜欢唱、跳、rap、篮球', '游客', '用户头像.png', '', '', '离线', 0, '2019-05-16 19:19:14', '2019-05-16 19:19:14');
INSERT INTO `user` VALUES (490, 'visitor@wechat.com', '27b599fbf8a34647932de6b37fd060bc', '', '1234', '未设置', '大家好，我是练习时长两年半的个人练习生,喜欢唱、跳、rap、篮球', '游客', '用户头像.png', '', '', '离线', 0, '2019-05-16 19:57:38', '2019-05-16 19:57:38');
INSERT INTO `user` VALUES (491, 'visitor@wechat.com', 'f0ff5698608e47c49d2d543ae73b4e40', '', '1234', '未设置', '大家好，我是练习时长两年半的个人练习生,喜欢唱、跳、rap、篮球', '游客', '用户头像.png', '', '', '离线', 0, '2019-05-16 19:57:55', '2019-05-16 19:57:55');
INSERT INTO `user` VALUES (492, 'visitor@wechat.com', '1b820424fa3d4837bbf428695666106c', '', '1234', '未设置', '大家好，我是练习时长两年半的个人练习生,喜欢唱、跳、rap、篮球', '游客', '用户头像.png', '', '', '离线', 0, '2019-05-17 15:14:07', '2019-05-17 15:14:07');
INSERT INTO `user` VALUES (493, 'visitor@wechat.com', '7d3830c9a3404ab68e5c482ad27e7e9b', '', '1234', '未设置', '大家好，我是练习时长两年半的个人练习生,喜欢唱、跳、rap、篮球', '游客', '用户头像.png', '', '', '离线', 0, '2019-05-17 15:14:15', '2019-05-17 15:14:15');
INSERT INTO `user` VALUES (494, 'visitor@wechat.com', 'fc78ba707197445fbc65f40b37c99c09', '', '1234', '未设置', '大家好，我是练习时长两年半的个人练习生,喜欢唱、跳、rap、篮球', '游客', '用户头像.png', '', '', '离线', 0, '2019-05-17 15:17:19', '2019-05-17 15:17:19');
INSERT INTO `user` VALUES (495, 'visitor@wechat.com', '1f09621ff9c8494790685eced1fe7a4e', '', '1234', '未设置', '大家好，我是练习时长两年半的个人练习生,喜欢唱、跳、rap、篮球', '游客', '用户头像.png', '', '', '离线', 0, '2019-05-17 20:30:48', '2019-05-17 20:30:48');
INSERT INTO `user` VALUES (496, 'visitor@wechat.com', 'f7d684588c4348e488ed790295b61e98', '', '1234', '未设置', '大家好，我是练习时长两年半的个人练习生,喜欢唱、跳、rap、篮球', '游客', '用户头像.png', '', '', '离线', 0, '2019-05-17 21:57:45', '2019-05-17 21:57:45');
INSERT INTO `user` VALUES (497, 'visitor@wechat.com', 'de8b6f7749b1475ba80d733e44006f43', '', '1234', '未设置', '大家好，我是练习时长两年半的个人练习生,喜欢唱、跳、rap、篮球', '游客', '用户头像.png', '', '', '离线', 0, '2019-05-17 21:59:10', '2019-05-17 21:59:10');
INSERT INTO `user` VALUES (498, 'visitor@wechat.com', 'f9d56b46126e44a8b3d4cc760c32f643', '', '1234', '未设置', '大家好，我是练习时长两年半的个人练习生,喜欢唱、跳、rap、篮球', '游客', '用户头像.png', '', '', '离线', 0, '2019-05-17 22:02:41', '2019-05-17 22:02:41');
INSERT INTO `user` VALUES (499, 'test7@qq.com', '未设置', '', 'Ftek/KdELdo62TyacmWX5A==', '未设置', '大家好，我是练习时长两年半的个人练习生,喜欢唱、跳、rap、篮球', 'test7@qq.com', '用户头像.png', '', '', '离线', 0, '2019-05-17 22:03:19', '2019-05-17 22:03:19');
INSERT INTO `user` VALUES (500, 'visitor@wechat.com', 'fa14472c9c33485aa1e6918f0cef76ff', '', '1234', '未设置', '大家好，我是练习时长两年半的个人练习生,喜欢唱、跳、rap、篮球', '游客', '用户头像.png', '', '', '离线', 0, '2019-05-17 22:13:03', '2019-05-17 22:13:03');
INSERT INTO `user` VALUES (501, 'visitor@wechat.com', '7ce69b50a5e947559265c04e1ce30d3f', '', '1234', '未设置', '大家好，我是练习时长两年半的个人练习生,喜欢唱、跳、rap、篮球', '游客', '用户头像.png', '', '', '离线', 0, '2019-05-17 22:54:56', '2019-05-17 22:54:56');
INSERT INTO `user` VALUES (502, 'visitor@wechat.com', 'e344de16ed5541f88c2a664c0303ecf7', '', '1234', '未设置', '大家好，我是练习时长两年半的个人练习生,喜欢唱、跳、rap、篮球', '游客', '用户头像.png', '', '', '离线', 0, '2019-05-17 23:17:14', '2019-05-17 23:17:14');
INSERT INTO `user` VALUES (503, 'visitor@wechat.com', 'c7b63913767b4818b0570f65aff6be2a', '', '1234', '未设置', '大家好，我是练习时长两年半的个人练习生,喜欢唱、跳、rap、篮球', '游客', '用户头像.png', '', '', '离线', 0, '2019-05-17 23:17:24', '2019-05-17 23:17:24');
INSERT INTO `user` VALUES (504, 'visitor@wechat.com', '03dddab63b064d489ecbda12375f0c8b', '', '1234', '未设置', '大家好，我是练习时长两年半的个人练习生,喜欢唱、跳、rap、篮球', '游客', '用户头像.png', '', '', '离线', 0, '2019-05-17 23:17:24', '2019-05-17 23:17:24');
INSERT INTO `user` VALUES (505, 'visitor@wechat.com', '6115b3e2186442959a7f9794d0e38446', '', '1234', '未设置', '大家好，我是练习时长两年半的个人练习生,喜欢唱、跳、rap、篮球', '游客', '用户头像.png', '', '', '离线', 0, '2019-05-17 23:21:38', '2019-05-17 23:21:38');
INSERT INTO `user` VALUES (506, 'test8@qq.com', '未设置', '', 'Q/dd4bNu/odSoZIhDOr2KA==', '未设置', '大家好，我是练习时长两年半的个人练习生,喜欢唱、跳、rap、篮球', 'test8@qq.com', '用户头像.png', '', '', '离线', 0, '2019-05-17 23:30:42', '2019-05-17 23:30:42');
INSERT INTO `user` VALUES (507, 'test9@qq.com', '未设置', '', 'Q/dd4bNu/odSoZIhDOr2KA==', '未设置', '大家好，我是练习时长两年半的个人练习生,喜欢唱、跳、rap、篮球', 'test9@qq.com', '用户头像.png', '', '', '离线', 0, '2019-05-17 23:31:21', '2019-05-17 23:31:21');
INSERT INTO `user` VALUES (508, 'visitor@wechat.com', '7c191b82d5264302bdc958dcfc7b1068', '', '1234', '未设置', '大家好，我是练习时长两年半的个人练习生,喜欢唱、跳、rap、篮球', '游客', '用户头像.png', '', '', '离线', 0, '2019-05-17 23:31:59', '2019-05-17 23:31:59');
INSERT INTO `user` VALUES (509, 'visitor@wechat.com', 'e2e61953c1294f2a8843184225567f11', '', '1234', '未设置', '大家好，我是练习时长两年半的个人练习生,喜欢唱、跳、rap、篮球', '游客', '用户头像.png', '', '', '离线', 0, '2019-05-18 10:56:15', '2019-05-18 10:56:15');
INSERT INTO `user` VALUES (510, 'visitor@wechat.com', '15fc0dd564964a5a877332b2722cb40e', '', '1234', '未设置', '大家好，我是练习时长两年半的个人练习生,喜欢唱、跳、rap、篮球', '游客', '用户头像.png', '', '', '离线', 0, '2019-05-18 10:57:27', '2019-05-18 10:57:27');
INSERT INTO `user` VALUES (512, 'visitor@wechat.com', '8ca5b47b408f4c82947e2b437a061819', '', '1234', '未设置', '大家好，我是练习时长两年半的个人练习生,喜欢唱、跳、rap、篮球', '游客', '用户头像.png', '', '', '离线', 0, '2019-05-18 11:03:35', '2019-05-18 11:03:35');
INSERT INTO `user` VALUES (513, 'test10@qq.com', '未设置', '', 'v9dL879MDsh9UbrTI0/MmQ==', '未设置', '大家好，我是练习时长两年半的个人练习生,喜欢唱、跳、rap、篮球', 'test10@qq.com', '用户头像.png', '', '', '离线', 0, '2019-05-18 11:05:57', '2019-05-18 11:05:57');
INSERT INTO `user` VALUES (514, 'test11@qq.com', '未设置', '', 'Ftek/KdELdo62TyacmWX5A==', '未设置', '大家好，我是练习时长两年半的个人练习生,喜欢唱、跳、rap、篮球', 'test11@qq.com', '用户头像.png', '', '', '离线', 0, '2019-05-18 11:07:09', '2019-05-18 11:07:09');
INSERT INTO `user` VALUES (515, 'test12@qq.com', '未设置', '', 'Ftek/KdELdo62TyacmWX5A==', '未设置', '大家好，我是练习时长两年半的个人练习生,喜欢唱、跳、rap、篮球', 'test12@qq.com', '用户头像.png', '', '', '离线', 0, '2019-05-18 11:07:34', '2019-05-18 11:07:34');
INSERT INTO `user` VALUES (516, 'test13@qq.com', '未设置', '', 'Ftek/KdELdo62TyacmWX5A==', '未设置', '大家好，我是练习时长两年半的个人练习生,喜欢唱、跳、rap、篮球', 'test13@qq.com', '用户头像.png', '', '', '离线', 0, '2019-05-18 11:08:33', '2019-05-18 11:08:33');
INSERT INTO `user` VALUES (517, 'visitor@wechat.com', 'd81527960b7a4ea4b8938f3a1e595310', '', '1234', '未设置', '大家好，我是练习时长两年半的个人练习生,喜欢唱、跳、rap、篮球', '游客', '用户头像.png', '', '', '离线', 0, '2019-05-18 11:09:21', '2019-05-18 11:09:21');
INSERT INTO `user` VALUES (518, 'test14@qq.com', '未设置', '', 'Ftek/KdELdo62TyacmWX5A==', '未设置', '大家好，我是练习时长两年半的个人练习生,喜欢唱、跳、rap、篮球', 'test14@qq.com', '用户头像.png', '', '', '离线', 0, '2019-05-18 11:09:45', '2019-05-18 11:09:45');
INSERT INTO `user` VALUES (519, 'test15@qq.com', '未设置', '', 'Ftek/KdELdo62TyacmWX5A==', '未设置', '大家好，我是练习时长两年半的个人练习生,喜欢唱、跳、rap、篮球', 'test15@qq.com', '用户头像.png', '', '', '离线', 0, '2019-05-18 11:22:51', '2019-05-18 11:22:51');
INSERT INTO `user` VALUES (520, 'visitor@wechat.com', '40db7a4334bd4b97ab59c1ffa02c078e', '', '1234', '未设置', '大家好，我是练习时长两年半的个人练习生,喜欢唱、跳、rap、篮球', '游客', '用户头像.png', '', '', '离线', 0, '2019-05-18 11:24:19', '2019-05-18 11:24:19');
INSERT INTO `user` VALUES (521, 'test16@qq.com', '未设置', '', 'Ftek/KdELdo62TyacmWX5A==', '未设置', '大家好，我是练习时长两年半的个人练习生,喜欢唱、跳、rap、篮球', 'test16@qq.com', '用户头像.png', '', '', '离线', 0, '2019-05-18 11:25:12', '2019-05-18 11:25:12');
INSERT INTO `user` VALUES (522, 'test17@qq.com', '未设置', '', 'Ftek/KdELdo62TyacmWX5A==', '未设置', '大家好，我是练习时长两年半的个人练习生,喜欢唱、跳、rap、篮球', 'test17@qq.com', '用户头像.png', '', '', '离线', 0, '2019-05-18 11:36:46', '2019-05-18 11:36:46');
INSERT INTO `user` VALUES (523, 'test18@qq.com', '未设置', '', 'Ftek/KdELdo62TyacmWX5A==', '未设置', '大家好，我是练习时长两年半的个人练习生,喜欢唱、跳、rap、篮球', 'test18@qq.com', '用户头像.png', '', '', '离线', 0, '2019-05-18 12:17:23', '2019-05-18 12:17:23');
INSERT INTO `user` VALUES (524, 'test19@qq.com', '未设置', '', 'v9dL879MDsh9UbrTI0/MmQ==', '未设置', '大家好，我是练习时长两年半的个人练习生,喜欢唱、跳、rap、篮球', 'test19@qq.com', '用户头像.png', '', '', '离线', 0, '2019-05-18 12:19:25', '2019-05-18 12:19:25');
INSERT INTO `user` VALUES (525, 'test20@qq.com', '未设置', '', 'Ftek/KdELdo62TyacmWX5A==', '未设置', '大家好，我是练习时长两年半的个人练习生,喜欢唱、跳、rap、篮球', 'test20@qq.com', '用户头像.png', '', '', '离线', 0, '2019-05-18 12:20:18', '2019-05-18 12:20:18');
INSERT INTO `user` VALUES (526, 'visitor@wechat.com', 'eb8f0b79eb2c466e8a2a93b20a95fc26', '', '1234', '未设置', '大家好，我是练习时长两年半的个人练习生,喜欢唱、跳、rap、篮球', '游客', '用户头像.png', '', '', '离线', 0, '2019-05-18 12:23:26', '2019-05-18 12:23:26');
INSERT INTO `user` VALUES (527, 'visitor@wechat.com', '8e245eaad6a84ab5a55e2f05cf3ffb31', '', '1234', '未设置', '大家好，我是练习时长两年半的个人练习生,喜欢唱、跳、rap、篮球', '游客', '用户头像.png', '', '', '离线', 0, '2019-05-18 12:23:57', '2019-05-18 12:23:57');
INSERT INTO `user` VALUES (528, 'visitor@wechat.com', 'b3f5b4c967d64d34ad4f4535cfeaa058', '', '1234', '未设置', '大家好，我是练习时长两年半的个人练习生,喜欢唱、跳、rap、篮球', '游客', '用户头像.png', '', '', '离线', 0, '2019-05-18 12:24:06', '2019-05-18 12:24:06');
INSERT INTO `user` VALUES (529, 'test21@qq.com', '未设置', '', 'Ftek/KdELdo62TyacmWX5A==', '未设置', '大家好，我是练习时长两年半的个人练习生,喜欢唱、跳、rap、篮球', 'test21@qq.com', '用户头像.png', '', '', '离线', 0, '2019-05-18 13:30:21', '2019-05-18 13:30:21');

-- ----------------------------
-- Table structure for user_role
-- ----------------------------
DROP TABLE IF EXISTS `user_role`;
CREATE TABLE `user_role`  (
  `id` bigint(10) UNSIGNED NOT NULL AUTO_INCREMENT COMMENT '主键',
  `user_id` bigint(10) UNSIGNED NOT NULL COMMENT '用户id',
  `role_id` bigint(10) UNSIGNED NOT NULL COMMENT '角色id',
  `status` smallint(1) UNSIGNED NOT NULL COMMENT '状态',
  `gmt_create` datetime(0) NOT NULL DEFAULT CURRENT_TIMESTAMP(0) COMMENT '创建时间',
  `gmt_modified` datetime(0) NOT NULL DEFAULT CURRENT_TIMESTAMP(0) ON UPDATE CURRENT_TIMESTAMP(0) COMMENT '修改时间',
  PRIMARY KEY (`id`) USING BTREE,
  INDEX `fk_role_id`(`role_id`) USING BTREE,
  INDEX `fk_user_id`(`user_id`) USING BTREE,
  CONSTRAINT `fk_role_id` FOREIGN KEY (`role_id`) REFERENCES `role` (`id`) ON DELETE RESTRICT ON UPDATE RESTRICT,
  CONSTRAINT `fk_user_id` FOREIGN KEY (`user_id`) REFERENCES `user` (`id`) ON DELETE CASCADE ON UPDATE CASCADE
) ENGINE = InnoDB AUTO_INCREMENT = 1 CHARACTER SET = utf8 COLLATE = utf8_general_ci ROW_FORMAT = Dynamic;

SET FOREIGN_KEY_CHECKS = 1;
